topic,method,sample_index,ratio,time_usec,decompress_usec,uncompressed_MB,compressed_MB,compressed_zstd_MB
/os_cloud_node/points_decim_1,ZSTD only,0,0.461416,13688,5461,6,2.76849,
/os_cloud_node/points_decim_1,ZSTD only,1,0.460692,13870,5418,6,2.76415,
/os_cloud_node/points_decim_1,ZSTD only,2,0.461383,13629,5398,6,2.7683,
/os_cloud_node/points_decim_1,ZSTD only,3,0.461034,14256,5431,6,2.7662,
/os_cloud_node/points_decim_1,ZSTD only,4,0.462049,14057,5413,6,2.77229,
/os_cloud_node/points_decim_1,ZSTD only,5,0.46547,14009,5441,6,2.79282,
/os_cloud_node/points_decim_1,ZSTD only,6,0.468358,14111,5468,6,2.81015,
/os_cloud_node/points_decim_1,ZSTD only,7,0.470496,14222,5458,6,2.82298,
/os_cloud_node/points_decim_1,ZSTD only,8,0.471756,14168,5472,6,2.83054,
/os_cloud_node/points_decim_1,ZSTD only,9,0.473963,13946,5471,6,2.84378,
/os_cloud_node/points_decim_1,ZSTD only,10,0.474107,14145,5476,6,2.84464,
/os_cloud_node/points_decim_1,ZSTD only,11,0.474798,13760,5635,6,2.84879,
/os_cloud_node/points_decim_1,ZSTD only,12,0.471471,14006,5522,6,2.82883,
/os_cloud_node/points_decim_1,ZSTD only,13,0.466137,14114,5476,6,2.79682,
/os_cloud_node/points_decim_1,ZSTD only,14,0.463629,13978,5438,6,2.78177,
/os_cloud_node/points_decim_1,ZSTD only,15,0.456563,13966,5313,6,2.73938,
/os_cloud_node/points_decim_1,ZSTD only,16,0.448088,13848,5211,6,2.68853,
/os_cloud_node/points_decim_1,ZSTD only,17,0.440379,13754,5144,6,2.64228,
/os_cloud_node/points_decim_1,ZSTD only,18,0.435528,13344,5134,6,2.61317,
/os_cloud_node/points_decim_1,ZSTD only,19,0.434165,13612,5114,6,2.60499,
/os_cloud_node/points_decim_1,ZSTD only,20,0.432564,13622,5124,6,2.59539,
/os_cloud_node/points_decim_1,ZSTD only,21,0.436423,13076,5205,6,2.61854,
/os_cloud_node/points_decim_1,ZSTD only,22,0.436342,13361,5129,6,2.61805,
/os_cloud_node/points_decim_1,ZSTD only,23,0.435771,13662,5236,6,2.61462,
/os_cloud_node/points_decim_1,ZSTD only,24,0.438719,13476,5151,6,2.63231,
/os_cloud_node/points_decim_1,ZSTD only,25,0.439647,13692,5128,6,2.63788,
/os_cloud_node/points_decim_1,ZSTD only,26,0.439132,13444,5146,6,2.63479,
/os_cloud_node/points_decim_1,ZSTD only,27,0.44182,13571,5169,6,2.65092,
/os_cloud_node/points_decim_1,ZSTD only,28,0.442175,13665,5127,6,2.65305,
/os_cloud_node/points_decim_1,ZSTD only,29,0.442801,13654,5137,6,2.65681,
/os_cloud_node/points_decim_1,ZSTD only,30,0.443063,13517,5182,6,2.65838,
/os_cloud_node/points_decim_1,ZSTD only,31,0.440627,13699,5541,6,2.64376,
/os_cloud_node/points_decim_1,ZSTD only,32,0.433091,13347,5119,6,2.59855,
/os_cloud_node/points_decim_1,ZSTD only,33,0.429631,14409,5162,6,2.57779,
/os_cloud_node/points_decim_1,ZSTD only,34,0.429692,15355,5271,6,2.57815,
/os_cloud_node/points_decim_1,ZSTD only,35,0.436635,15171,5216,6,2.61981,
/os_cloud_node/points_decim_1,ZSTD only,36,0.437104,15005,5223,6,2.62262,
/os_cloud_node/points_decim_1,ZSTD only,37,0.436143,15373,5222,6,2.61686,
/os_cloud_node/points_decim_1,ZSTD only,38,0.436623,15638,5270,6,2.61974,
/os_cloud_node/points_decim_1,ZSTD only,39,0.436646,15349,5245,6,2.61988,
/os_cloud_node/points_decim_1,ZSTD only,40,0.436785,14861,5262,6,2.62071,
/os_cloud_node/points_decim_1,ZSTD only,41,0.433248,14898,5225,6,2.59949,
/os_cloud_node/points_decim_1,ZSTD only,42,0.432556,15377,5250,6,2.59533,
/os_cloud_node/points_decim_1,ZSTD only,43,0.432432,15208,5218,6,2.59459,
/os_cloud_node/points_decim_1,ZSTD only,44,0.435187,15578,5267,6,2.61112,
/os_cloud_node/points_decim_1,ZSTD only,45,0.433959,15683,5279,6,2.60375,
/os_cloud_node/points_decim_1,ZSTD only,46,0.433723,15349,5237,6,2.60234,
/os_cloud_node/points_decim_1,ZSTD only,47,0.433077,15348,5234,6,2.59846,
/os_cloud_node/points_decim_1,ZSTD only,48,0.433717,15389,5232,6,2.6023,
/os_cloud_node/points_decim_1,ZSTD only,49,0.429255,15154,5227,6,2.57553,
/os_cloud_node/points_decim_1,ZSTD only,50,0.421395,14841,5212,6,2.52837,
/os_cloud_node/points_decim_1,ZSTD only,51,0.424123,15512,5271,6,2.54474,
/os_cloud_node/points_decim_1,ZSTD only,52,0.422262,15642,5426,6,2.53357,
/os_cloud_node/points_decim_1,ZSTD only,53,0.42089,15159,5222,6,2.52534,
/os_cloud_node/points_decim_1,ZSTD only,54,0.421262,15038,5201,6,2.52757,
/os_cloud_node/points_decim_1,ZSTD only,55,0.421119,15315,5171,6,2.52671,
/os_cloud_node/points_decim_1,ZSTD only,56,0.425465,15429,5161,6,2.55279,
/os_cloud_node/points_decim_1,ZSTD only,57,0.423535,15103,5241,6,2.54121,
/os_cloud_node/points_decim_1,ZSTD only,58,0.42542,15487,5155,6,2.55252,
/os_cloud_node/points_decim_1,ZSTD only,59,0.418933,15422,5130,6,2.5136,
/os_cloud_node/points_decim_1,ZSTD only,60,0.419907,14993,5133,6,2.51944,
/os_cloud_node/points_decim_1,ZSTD only,61,0.409626,15272,5153,6,2.45775,
/os_cloud_node/points_decim_1,ZSTD only,62,0.412863,15154,5248,6,2.47718,
/os_cloud_node/points_decim_1,ZSTD only,63,0.426428,15367,5186,6,2.55857,
/os_cloud_node/points_decim_1,ZSTD only,64,0.426005,15458,5222,6,2.55603,
/os_cloud_node/points_decim_1,ZSTD only,65,0.424964,15655,5236,6,2.54978,
/os_cloud_node/points_decim_1,ZSTD only,66,0.424454,15397,5214,6,2.54673,
/os_cloud_node/points_decim_1,ZSTD only,67,0.421939,15329,5228,6,2.53163,
/os_cloud_node/points_decim_1,ZSTD only,68,0.41934,15415,5193,6,2.51604,
/os_cloud_node/points_decim_1,ZSTD only,69,0.416057,15326,5264,6,2.49634,
/os_cloud_node/points_decim_1,ZSTD only,70,0.417886,15457,5173,6,2.50732,
/os_cloud_node/points_decim_1,ZSTD only,71,0.418047,15583,5241,6,2.50828,
/os_cloud_node/points_decim_1,ZSTD only,72,0.416834,15526,5224,6,2.501,
/os_cloud_node/points_decim_1,ZSTD only,73,0.417991,15307,5198,6,2.50795,
/os_cloud_node/points_decim_1,ZSTD only,74,0.420516,15315,5182,6,2.5231,
/os_cloud_node/points_decim_1,ZSTD only,75,0.418757,15066,5238,6,2.51254,
/os_cloud_node/points_decim_1,ZSTD only,76,0.42243,15177,5219,6,2.53458,
/os_cloud_node/points_decim_1,ZSTD only,77,0.427282,15469,5362,6,2.56369,
/os_cloud_node/points_decim_1,ZSTD only,78,0.426512,15308,5280,6,2.55907,
/os_cloud_node/points_decim_1,ZSTD only,79,0.428217,15221,5265,6,2.5693,
/os_cloud_node/points_decim_1,ZSTD only,80,0.432983,15581,5273,6,2.5979,
/os_cloud_node/points_decim_1,ZSTD only,81,0.430525,15501,5258,6,2.58315,
/os_cloud_node/points_decim_1,ZSTD only,82,0.430766,15147,5204,6,2.5846,
/os_cloud_node/points_decim_1,ZSTD only,83,0.434414,15355,5232,6,2.60648,
/os_cloud_node/points_decim_1,ZSTD only,84,0.430106,15133,5324,6,2.58064,
/os_cloud_node/points_decim_1,ZSTD only,85,0.430523,15247,5312,6,2.58314,
/os_cloud_node/points_decim_1,ZSTD only,86,0.430032,15146,5195,6,2.58019,
/os_cloud_node/points_decim_1,ZSTD only,87,0.43049,15502,5252,6,2.58294,
/os_cloud_node/points_decim_1,ZSTD only,88,0.429845,15188,5215,6,2.57907,
/os_cloud_node/points_decim_1,ZSTD only,89,0.431031,13659,5242,6,2.58619,
/os_cloud_node/points_decim_1,ZSTD only,90,0.432086,15061,5249,6,2.59252,
/os_cloud_node/points_decim_1,ZSTD only,91,0.431973,15186,5225,6,2.59184,
/os_cloud_node/points_decim_1,ZSTD only,92,0.432368,15158,5220,6,2.59421,
/os_cloud_node/points_decim_1,ZSTD only,93,0.432135,15168,5204,6,2.59281,
/os_cloud_node/points_decim_1,ZSTD only,94,0.433113,13408,5260,6,2.59868,
/os_cloud_node/points_decim_1,ZSTD only,95,0.434658,15166,5214,6,2.60795,
/os_cloud_node/points_decim_1,ZSTD only,96,0.431616,15458,5209,6,2.58969,
/os_cloud_node/points_decim_1,ZSTD only,97,0.431326,15544,5244,6,2.58795,
/os_cloud_node/points_decim_1,ZSTD only,98,0.431885,16830,5270,6,2.59131,
/os_cloud_node/points_decim_1,ZSTD only,99,0.427183,15899,5226,6,2.5631,
/os_cloud_node/points_decim_1,ZSTD only,100,0.42932,15334,5229,6,2.57592,
/os_cloud_node/points_decim_1,ZSTD only,101,0.427869,15297,5269,6,2.56721,
/os_cloud_node/points_decim_1,ZSTD only,102,0.42211,15424,5484,6,2.53266,
/os_cloud_node/points_decim_1,ZSTD only,103,0.43181,15554,5224,6,2.59086,
/os_cloud_node/points_decim_1,ZSTD only,104,0.434519,15598,5364,6,2.60711,
/os_cloud_node/points_decim_1,ZSTD only,105,0.431051,15678,5311,6,2.58631,
/os_cloud_node/points_decim_1,ZSTD only,106,0.43463,15759,5239,6,2.60778,
/os_cloud_node/points_decim_1,ZSTD only,107,0.430228,15484,5193,6,2.58137,
/os_cloud_node/points_decim_1,ZSTD only,108,0.427548,15228,5160,6,2.56529,
/os_cloud_node/points_decim_1,ZSTD only,109,0.428369,15320,5293,6,2.57022,
/os_cloud_node/points_decim_1,ZSTD only,110,0.427449,15308,5194,6,2.56469,
/os_cloud_node/points_decim_1,ZSTD only,111,0.429262,15669,5237,6,2.57557,
/os_cloud_node/points_decim_1,ZSTD only,112,0.43592,15761,5269,6,2.61552,
/os_cloud_node/points_decim_1,ZSTD only,113,0.433045,15185,5247,6,2.59827,
/os_cloud_node/points_decim_1,ZSTD only,114,0.434396,15536,5318,6,2.60638,
/os_cloud_node/points_decim_1,ZSTD only,115,0.43553,15443,5225,6,2.61318,
/os_cloud_node/points_decim_1,ZSTD only,116,0.433227,15514,5227,6,2.59936,
/os_cloud_node/points_decim_1,ZSTD only,117,0.43407,15552,5224,6,2.60442,
/os_cloud_node/points_decim_1,ZSTD only,118,0.432938,15589,5230,6,2.59763,
/os_cloud_node/points_decim_1,ZSTD only,119,0.431515,15278,5237,6,2.58909,
/os_cloud_node/points_decim_1,ZSTD only,120,0.431583,15565,5229,6,2.5895,
/os_cloud_node/points_decim_1,ZSTD only,121,0.434437,15722,5277,6,2.60662,
/os_cloud_node/points_decim_1,ZSTD only,122,0.433682,15549,5242,6,2.60209,
/os_cloud_node/points_decim_1,ZSTD only,123,0.433067,15280,5251,6,2.5984,
/os_cloud_node/points_decim_1,ZSTD only,124,0.428975,15725,5242,6,2.57385,
/os_cloud_node/points_decim_1,ZSTD only,125,0.430922,15781,5282,6,2.58553,
/os_cloud_node/points_decim_1,ZSTD only,126,0.428626,15347,5175,6,2.57175,
/os_cloud_node/points_decim_1,ZSTD only,127,0.429742,15377,5203,6,2.57845,
/os_cloud_node/points_decim_1,ZSTD only,128,0.428887,15094,5182,6,2.57332,
/os_cloud_node/points_decim_1,ZSTD only,129,0.426678,15453,5191,6,2.56007,
/os_cloud_node/points_decim_1,ZSTD only,130,0.427636,14930,5160,6,2.56582,
/os_cloud_node/points_decim_1,ZSTD only,131,0.428981,14829,5150,6,2.57389,
/os_cloud_node/points_decim_1,ZSTD only,132,0.429644,15218,5180,6,2.57786,
/os_cloud_node/points_decim_1,ZSTD only,133,0.431267,15340,5170,6,2.5876,
/os_cloud_node/points_decim_1,ZSTD only,134,0.430706,15359,5207,6,2.58424,
/os_cloud_node/points_decim_1,ZSTD only,135,0.430338,15547,5211,6,2.58203,
/os_cloud_node/points_decim_1,ZSTD only,136,0.42958,15243,5206,6,2.57748,
/os_cloud_node/points_decim_1,ZSTD only,137,0.43489,15279,5247,6,2.60934,
/os_cloud_node/points_decim_1,ZSTD only,138,0.43177,15562,5214,6,2.59062,
/os_cloud_node/points_decim_1,ZSTD only,139,0.433031,15394,5195,6,2.59818,
/os_cloud_node/points_decim_1,ZSTD only,140,0.440853,15737,5242,6,2.64512,
/os_cloud_node/points_decim_1,ZSTD only,141,0.439714,15708,5261,6,2.63829,
/os_cloud_node/points_decim_1,ZSTD only,142,0.439433,15853,5252,6,2.6366,
/os_cloud_node/points_decim_1,ZSTD only,143,0.435728,15238,5340,6,2.61437,
/os_cloud_node/points_decim_1,ZSTD only,144,0.439485,15729,5238,6,2.63691,
/os_cloud_node/points_decim_1,ZSTD only,145,0.43528,15309,5263,6,2.61168,
/os_cloud_node/points_decim_1,ZSTD only,146,0.439543,15671,5249,6,2.63726,
/os_cloud_node/points_decim_1,ZSTD only,147,0.439441,15810,5303,6,2.63664,
/os_cloud_node/points_decim_1,ZSTD only,148,0.434823,15267,5248,6,2.60894,
/os_cloud_node/points_decim_1,ZSTD only,149,0.43022,15064,5202,6,2.58132,
/os_cloud_node/points_decim_1,ZSTD only,150,0.427531,15516,5183,6,2.56519,
/os_cloud_node/points_decim_1,ZSTD only,151,0.429441,15661,5204,6,2.57665,
/os_cloud_node/points_decim_1,ZSTD only,152,0.432934,16053,5418,6,2.5976,
/os_cloud_node/points_decim_1,ZSTD only,153,0.434772,15482,5257,6,2.60863,
/os_cloud_node/points_decim_1,ZSTD only,154,0.437528,15469,5240,6,2.62517,
/os_cloud_node/points_decim_1,ZSTD only,155,0.433291,15791,5222,6,2.59975,
/os_cloud_node/points_decim_1,ZSTD only,156,0.434924,15562,5215,6,2.60955,
/os_cloud_node/points_decim_1,ZSTD only,157,0.432907,15606,5315,6,2.59744,
/os_cloud_node/points_decim_1,ZSTD only,158,0.43167,15400,5210,6,2.59002,
/os_cloud_node/points_decim_1,ZSTD only,159,0.433232,15535,5211,6,2.59939,
/os_cloud_node/points_decim_1,ZSTD only,160,0.434987,15555,5239,6,2.60992,
/os_cloud_node/points_decim_1,ZSTD only,161,0.434265,15338,5247,6,2.60559,
/os_cloud_node/points_decim_1,ZSTD only,162,0.429926,15518,5333,6,2.57955,
/os_cloud_node/points_decim_1,ZSTD only,163,0.431231,15556,5237,6,2.58739,
/os_cloud_node/points_decim_1,ZSTD only,164,0.427944,15746,5248,6,2.56766,
/os_cloud_node/points_decim_1,ZSTD only,165,0.428833,15477,5182,6,2.573,
/os_cloud_node/points_decim_1,ZSTD only,166,0.426689,15514,5199,6,2.56013,
/os_cloud_node/points_decim_1,ZSTD only,167,0.428012,15497,5189,6,2.56807,
/os_cloud_node/points_decim_1,ZSTD only,168,0.432213,15606,5243,6,2.59328,
/os_cloud_node/points_decim_1,ZSTD only,169,0.431721,15261,5240,6,2.59032,
/os_cloud_node/points_decim_1,ZSTD only,170,0.434804,15355,5230,6,2.60882,
/os_cloud_node/points_decim_1,ZSTD only,171,0.435875,15364,5221,6,2.61525,
/os_cloud_node/points_decim_1,ZSTD only,172,0.434402,15677,5214,6,2.60641,
/os_cloud_node/points_decim_1,ZSTD only,173,0.432067,15541,5187,6,2.5924,
/os_cloud_node/points_decim_1,ZSTD only,174,0.434073,15079,5349,6,2.60444,
/os_cloud_node/points_decim_1,ZSTD only,175,0.433609,15232,5217,6,2.60165,
/os_cloud_node/points_decim_1,ZSTD only,176,0.435101,15605,5255,6,2.61061,
/os_cloud_node/points_decim_1,ZSTD only,177,0.435638,15822,5282,6,2.61383,
/os_cloud_node/points_decim_1,ZSTD only,178,0.436465,15542,5273,6,2.61879,
/os_cloud_node/points_decim_1,ZSTD only,179,0.434227,15542,5346,6,2.60536,
/os_cloud_node/points_decim_1,ZSTD only,180,0.42915,15776,5282,6,2.5749,
/os_cloud_node/points_decim_1,ZSTD only,181,0.427547,15697,5239,6,2.56528,
/os_cloud_node/points_decim_1,ZSTD only,182,0.423322,15784,5220,6,2.53993,
/os_cloud_node/points_decim_1,ZSTD only,183,0.422337,15229,5287,6,2.53402,
/os_cloud_node/points_decim_1,ZSTD only,184,0.41872,15692,5191,6,2.51232,
/os_cloud_node/points_decim_1,ZSTD only,185,0.407777,15219,5120,6,2.44666,
/os_cloud_node/points_decim_1,ZSTD only,186,0.4197,15651,5166,6,2.5182,
/os_cloud_node/points_decim_1,ZSTD only,187,0.420437,15596,5153,6,2.52262,
/os_cloud_node/points_decim_1,ZSTD only,188,0.419476,15193,5248,6,2.51686,
/os_cloud_node/points_decim_1,ZSTD only,189,0.411031,15443,5144,6,2.46619,
/os_cloud_node/points_decim_1,ZSTD only,190,0.421397,15614,5063,6,2.52838,
/os_cloud_node/points_decim_1,ZSTD only,191,0.406201,15432,5170,6,2.4372,
/os_cloud_node/points_decim_1,ZSTD only,192,0.393112,14860,5089,6,2.35867,
/os_cloud_node/points_decim_1,ZSTD only,193,0.399436,14547,5559,6,2.39662,
/os_cloud_node/points_decim_1,ZSTD only,194,0.421216,15337,5173,6,2.5273,
/os_cloud_node/points_decim_1,ZSTD only,195,0.42569,15725,5209,6,2.55414,
/os_cloud_node/points_decim_1,ZSTD only,196,0.43059,15452,5186,6,2.58354,
/os_cloud_node/points_decim_1,ZSTD only,197,0.422557,15357,5138,6,2.53534,
/os_cloud_node/points_decim_1,ZSTD only,198,0.415769,14947,5153,6,2.49461,
/os_cloud_node/points_decim_1,ZSTD only,199,0.430018,15492,5206,6,2.58011,
/os_cloud_node/points_decim_1,ZSTD only,200,0.423285,15307,5177,6,2.53971,
/os_cloud_node/points_decim_1,ZSTD only,201,0.428289,13397,5177,6,2.56974,
/os_cloud_node/points_decim_1,ZSTD only,202,0.430137,15430,5189,6,2.58082,
/os_cloud_node/points_decim_1,ZSTD only,203,0.432924,15002,5203,6,2.59754,
/os_cloud_node/points_decim_1,ZSTD only,204,0.431699,15756,5253,6,2.59019,
/os_cloud_node/points_decim_1,ZSTD only,205,0.434219,15729,5229,6,2.60531,
/os_cloud_node/points_decim_1,ZSTD only,206,0.437532,15489,5251,6,2.62519,
/os_cloud_node/points_decim_1,ZSTD only,207,0.441067,15681,5245,6,2.6464,
/os_cloud_node/points_decim_1,ZSTD only,208,0.439999,15815,5356,6,2.64,
/os_cloud_node/points_decim_1,ZSTD only,209,0.440881,15174,5271,6,2.64529,
/os_cloud_node/points_decim_1,ZSTD only,210,0.434633,13815,5292,6,2.6078,
/os_cloud_node/points_decim_1,ZSTD only,211,0.435781,15645,5337,6,2.61469,
/os_cloud_node/points_decim_1,ZSTD only,212,0.435225,15256,5281,6,2.61135,
/os_cloud_node/points_decim_1,ZSTD only,213,0.436972,15020,5253,6,2.62183,
/os_cloud_node/points_decim_1,ZSTD only,214,0.436264,15261,5250,6,2.61759,
/os_cloud_node/points_decim_1,ZSTD only,215,0.437364,15332,5234,6,2.62419,
/os_cloud_node/points_decim_1,ZSTD only,216,0.432107,15392,5220,6,2.59264,
/os_cloud_node/points_decim_1,ZSTD only,217,0.429358,15523,5319,6,2.57615,
/os_cloud_node/points_decim_1,ZSTD only,218,0.434814,15378,5184,6,2.60888,
/os_cloud_node/points_decim_1,ZSTD only,219,0.43448,15377,5160,6,2.60688,
/os_cloud_node/points_decim_1,ZSTD only,220,0.431713,15437,5205,6,2.59028,
/os_cloud_node/points_decim_1,ZSTD only,221,0.438127,15772,5207,6,2.62876,
/os_cloud_node/points_decim_1,ZSTD only,222,0.440494,15358,5263,6,2.64296,
/os_cloud_node/points_decim_1,ZSTD only,223,0.444963,15497,5174,6,2.66978,
/os_cloud_node/points_decim_1,ZSTD only,224,0.44682,15387,5201,6,2.68092,
/os_cloud_node/points_decim_1,ZSTD only,225,0.456209,15612,5245,6,2.73726,
/os_cloud_node/points_decim_1,ZSTD only,226,0.460573,15713,5372,6,2.76344,
/os_cloud_node/points_decim_1,ZSTD only,227,0.464712,15578,5597,6,2.78827,
/os_cloud_node/points_decim_1,ZSTD only,228,0.469263,15772,5576,6,2.81558,
/os_cloud_node/points_decim_1,ZSTD only,229,0.471821,15758,5589,6,2.83093,
/os_cloud_node/points_decim_1,ZSTD only,230,0.475256,15926,5497,6,2.85154,
/os_cloud_node/points_decim_1,ZSTD only,231,0.474205,15615,5521,6,2.84523,
/os_cloud_node/points_decim_1,ZSTD only,232,0.472957,15751,5499,6,2.83774,
/os_cloud_node/points_decim_1,ZSTD only,233,0.471764,15699,5524,6,2.83059,
/os_cloud_node/points_decim_1,ZSTD only,234,0.469093,15747,5454,6,2.81456,
/os_cloud_node/points_decim_1,ZSTD only,235,0.467511,15519,5456,6,2.80506,
/os_cloud_node/points_decim_1,ZSTD only,236,0.464175,14833,5533,6,2.78505,
/os_cloud_node/points_decim_1,ZSTD only,237,0.461913,15763,5482,6,2.77148,
/os_cloud_node/points_decim_1,LZ4 only,0,0.578476,10426,1503,6,3.47086,
/os_cloud_node/points_decim_1,LZ4 only,1,0.577344,14670,1896,6,3.46406,
/os_cloud_node/points_decim_1,LZ4 only,2,0.577816,12743,1684,6,3.46689,
/os_cloud_node/points_decim_1,LZ4 only,3,0.577821,15024,1905,6,3.46693,
/os_cloud_node/points_decim_1,LZ4 only,4,0.579168,14253,1898,6,3.47501,
/os_cloud_node/points_decim_1,LZ4 only,5,0.583169,14696,1913,6,3.49902,
/os_cloud_node/points_decim_1,LZ4 only,6,0.585997,14807,1899,6,3.51598,
/os_cloud_node/points_decim_1,LZ4 only,7,0.585639,14372,1863,6,3.51384,
/os_cloud_node/points_decim_1,LZ4 only,8,0.587136,14746,1871,6,3.52282,
/os_cloud_node/points_decim_1,LZ4 only,9,0.58981,14161,1955,6,3.53886,
/os_cloud_node/points_decim_1,LZ4 only,10,0.590938,14755,1884,6,3.54563,
/os_cloud_node/points_decim_1,LZ4 only,11,0.591577,13798,1825,6,3.54946,
/os_cloud_node/points_decim_1,LZ4 only,12,0.585983,14635,1833,6,3.5159,
/os_cloud_node/points_decim_1,LZ4 only,13,0.579667,14869,1796,6,3.478,
/os_cloud_node/points_decim_1,LZ4 only,14,0.578477,14175,1882,6,3.47086,
/os_cloud_node/points_decim_1,LZ4 only,15,0.573898,15436,1989,6,3.44339,
/os_cloud_node/points_decim_1,LZ4 only,16,0.563369,14855,2006,6,3.38021,
/os_cloud_node/points_decim_1,LZ4 only,17,0.553631,14560,2025,6,3.32179,
/os_cloud_node/points_decim_1,LZ4 only,18,0.545882,8362,1402,6,3.27529,
/os_cloud_node/points_decim_1,LZ4 only,19,0.544669,13973,1950,6,3.26802,
/os_cloud_node/points_decim_1,LZ4 only,20,0.540246,14188,1896,6,3.24148,
/os_cloud_node/points_decim_1,LZ4 only,21,0.544358,8048,1365,6,3.26615,
/os_cloud_node/points_decim_1,LZ4 only,22,0.544785,14055,1906,6,3.26871,
/os_cloud_node/points_decim_1,LZ4 only,23,0.545102,14621,1939,6,3.27061,
/os_cloud_node/points_decim_1,LZ4 only,24,0.548104,14324,1934,6,3.28862,
/os_cloud_node/points_decim_1,LZ4 only,25,0.550094,14432,1959,6,3.30056,
/os_cloud_node/points_decim_1,LZ4 only,26,0.550507,14068,1970,6,3.30304,
/os_cloud_node/points_decim_1,LZ4 only,27,0.553452,14428,1978,6,3.32071,
/os_cloud_node/points_decim_1,LZ4 only,28,0.553933,14718,1976,6,3.3236,
/os_cloud_node/points_decim_1,LZ4 only,29,0.555232,14773,2007,6,3.33139,
/os_cloud_node/points_decim_1,LZ4 only,30,0.555653,14685,1976,6,3.33392,
/os_cloud_node/points_decim_1,LZ4 only,31,0.552424,14356,1984,6,3.31454,
/os_cloud_node/points_decim_1,LZ4 only,32,0.544814,14164,1976,6,3.26888,
/os_cloud_node/points_decim_1,LZ4 only,33,0.539951,19176,2262,6,3.23971,
/os_cloud_node/points_decim_1,LZ4 only,34,0.538076,26668,2460,6,3.22846,
/os_cloud_node/points_decim_1,LZ4 only,35,0.546832,27943,2563,6,3.28099,
/os_cloud_node/points_decim_1,LZ4 only,36,0.548232,29227,2447,6,3.28939,
/os_cloud_node/points_decim_1,LZ4 only,37,0.550647,27618,2580,6,3.30388,
/os_cloud_node/points_decim_1,LZ4 only,38,0.554694,30691,2716,6,3.32816,
/os_cloud_node/points_decim_1,LZ4 only,39,0.555368,26997,2526,6,3.33221,
/os_cloud_node/points_decim_1,LZ4 only,40,0.554514,24635,2391,6,3.32709,
/os_cloud_node/points_decim_1,LZ4 only,41,0.551959,26235,2492,6,3.31176,
/os_cloud_node/points_decim_1,LZ4 only,42,0.550234,27302,2571,6,3.3014,
/os_cloud_node/points_decim_1,LZ4 only,43,0.548686,25879,2441,6,3.29212,
/os_cloud_node/points_decim_1,LZ4 only,44,0.55137,28737,2668,6,3.30822,
/os_cloud_node/points_decim_1,LZ4 only,45,0.549609,29691,2612,6,3.29766,
/os_cloud_node/points_decim_1,LZ4 only,46,0.548294,26170,2459,6,3.28977,
/os_cloud_node/points_decim_1,LZ4 only,47,0.547424,26191,2454,6,3.28455,
/os_cloud_node/points_decim_1,LZ4 only,48,0.54811,26503,2495,6,3.28866,
/os_cloud_node/points_decim_1,LZ4 only,49,0.541649,27161,2512,6,3.24989,
/os_cloud_node/points_decim_1,LZ4 only,50,0.53106,24335,2380,6,3.18636,
/os_cloud_node/points_decim_1,LZ4 only,51,0.533533,28117,2575,6,3.2012,
/os_cloud_node/points_decim_1,LZ4 only,52,0.531135,29645,2569,6,3.18681,
/os_cloud_node/points_decim_1,LZ4 only,53,0.530808,25034,2375,6,3.18485,
/os_cloud_node/points_decim_1,LZ4 only,54,0.530254,27183,2477,6,3.18152,
/os_cloud_node/points_decim_1,LZ4 only,55,0.531074,26947,2505,6,3.18645,
/os_cloud_node/points_decim_1,LZ4 only,56,0.536725,28176,2572,6,3.22035,
/os_cloud_node/points_decim_1,LZ4 only,57,0.53405,28795,2614,6,3.2043,
/os_cloud_node/points_decim_1,LZ4 only,58,0.535227,28897,2600,6,3.21136,
/os_cloud_node/points_decim_1,LZ4 only,59,0.529406,28950,2630,6,3.17643,
/os_cloud_node/points_decim_1,LZ4 only,60,0.530598,26108,2480,6,3.18359,
/os_cloud_node/points_decim_1,LZ4 only,61,0.520868,27732,2635,6,3.12521,
/os_cloud_node/points_decim_1,LZ4 only,62,0.523539,25840,2508,6,3.14123,
/os_cloud_node/points_decim_1,LZ4 only,63,0.537561,27116,2591,6,3.22537,
/os_cloud_node/points_decim_1,LZ4 only,64,0.535974,27291,2554,6,3.21585,
/os_cloud_node/points_decim_1,LZ4 only,65,0.533769,29073,2630,6,3.20261,
/os_cloud_node/points_decim_1,LZ4 only,66,0.532483,26154,2456,6,3.1949,
/os_cloud_node/points_decim_1,LZ4 only,67,0.52899,27339,2532,6,3.17394,
/os_cloud_node/points_decim_1,LZ4 only,68,0.524954,27455,2494,6,3.14972,
/os_cloud_node/points_decim_1,LZ4 only,69,0.521818,24844,2326,6,3.13091,
/os_cloud_node/points_decim_1,LZ4 only,70,0.523115,25779,2370,6,3.13869,
/os_cloud_node/points_decim_1,LZ4 only,71,0.523179,27127,2462,6,3.13907,
/os_cloud_node/points_decim_1,LZ4 only,72,0.522188,27091,2486,6,3.13313,
/os_cloud_node/points_decim_1,LZ4 only,73,0.524665,27356,2527,6,3.14799,
/os_cloud_node/points_decim_1,LZ4 only,74,0.527111,26879,2499,6,3.16267,
/os_cloud_node/points_decim_1,LZ4 only,75,0.52638,25090,2439,6,3.15828,
/os_cloud_node/points_decim_1,LZ4 only,76,0.531237,26179,2499,6,3.18742,
/os_cloud_node/points_decim_1,LZ4 only,77,0.537103,27109,2519,6,3.22262,
/os_cloud_node/points_decim_1,LZ4 only,78,0.53671,27294,2550,6,3.22026,
/os_cloud_node/points_decim_1,LZ4 only,79,0.538654,26477,2442,6,3.23192,
/os_cloud_node/points_decim_1,LZ4 only,80,0.544841,29640,2594,6,3.26904,
/os_cloud_node/points_decim_1,LZ4 only,81,0.543641,29575,2610,6,3.26184,
/os_cloud_node/points_decim_1,LZ4 only,82,0.545599,27009,2526,6,3.2736,
/os_cloud_node/points_decim_1,LZ4 only,83,0.550315,29198,2667,6,3.30189,
/os_cloud_node/points_decim_1,LZ4 only,84,0.547953,28566,2682,6,3.28772,
/os_cloud_node/points_decim_1,LZ4 only,85,0.547118,27535,2572,6,3.28271,
/os_cloud_node/points_decim_1,LZ4 only,86,0.544493,28369,2599,6,3.26696,
/os_cloud_node/points_decim_1,LZ4 only,87,0.545166,28815,2632,6,3.271,
/os_cloud_node/points_decim_1,LZ4 only,88,0.544057,25979,2452,6,3.26434,
/os_cloud_node/points_decim_1,LZ4 only,89,0.54415,8566,1390,6,3.2649,
/os_cloud_node/points_decim_1,LZ4 only,90,0.546714,26887,2494,6,3.28029,
/os_cloud_node/points_decim_1,LZ4 only,91,0.546841,28199,2589,6,3.28105,
/os_cloud_node/points_decim_1,LZ4 only,92,0.546497,27544,2545,6,3.27898,
/os_cloud_node/points_decim_1,LZ4 only,93,0.54636,28005,2582,6,3.27816,
/os_cloud_node/points_decim_1,LZ4 only,94,0.547555,8622,1425,6,3.28533,
/os_cloud_node/points_decim_1,LZ4 only,95,0.54843,27715,2571,6,3.29058,
/os_cloud_node/points_decim_1,LZ4 only,96,0.544272,27649,2538,6,3.26563,
/os_cloud_node/points_decim_1,LZ4 only,97,0.544265,28538,2607,6,3.26559,
/os_cloud_node/points_decim_1,LZ4 only,98,0.542817,21015,3028,6,3.2569,
/os_cloud_node/points_decim_1,LZ4 only,99,0.536907,30938,2587,6,3.22144,
/os_cloud_node/points_decim_1,LZ4 only,100,0.539801,27478,2574,6,3.23881,
/os_cloud_node/points_decim_1,LZ4 only,101,0.538339,27654,2575,6,3.23003,
/os_cloud_node/points_decim_1,LZ4 only,102,0.532172,27031,2551,6,3.19303,
/os_cloud_node/points_decim_1,LZ4 only,103,0.542732,27787,2567,6,3.25639,
/os_cloud_node/points_decim_1,LZ4 only,104,0.544906,27895,2550,6,3.26943,
/os_cloud_node/points_decim_1,LZ4 only,105,0.545277,28920,2618,6,3.27166,
/os_cloud_node/points_decim_1,LZ4 only,106,0.549773,30398,2648,6,3.29864,
/os_cloud_node/points_decim_1,LZ4 only,107,0.546058,28989,2636,6,3.27635,
/os_cloud_node/points_decim_1,LZ4 only,108,0.545029,27200,2531,6,3.27017,
/os_cloud_node/points_decim_1,LZ4 only,109,0.545137,28131,2604,6,3.27082,
/os_cloud_node/points_decim_1,LZ4 only,110,0.544655,27128,2543,6,3.26793,
/os_cloud_node/points_decim_1,LZ4 only,111,0.54598,30159,2685,6,3.27588,
/os_cloud_node/points_decim_1,LZ4 only,112,0.551281,29778,2614,6,3.30769,
/os_cloud_node/points_decim_1,LZ4 only,113,0.547238,26943,2556,6,3.28343,
/os_cloud_node/points_decim_1,LZ4 only,114,0.548898,28662,2654,6,3.29339,
/os_cloud_node/points_decim_1,LZ4 only,115,0.548883,27455,2538,6,3.2933,
/os_cloud_node/points_decim_1,LZ4 only,116,0.544968,30412,2544,6,3.26981,
/os_cloud_node/points_decim_1,LZ4 only,117,0.545785,28500,2570,6,3.27471,
/os_cloud_node/points_decim_1,LZ4 only,118,0.542203,28223,2541,6,3.25322,
/os_cloud_node/points_decim_1,LZ4 only,119,0.541416,27642,2561,6,3.2485,
/os_cloud_node/points_decim_1,LZ4 only,120,0.543482,28412,2644,6,3.26089,
/os_cloud_node/points_decim_1,LZ4 only,121,0.545489,29703,2650,6,3.27293,
/os_cloud_node/points_decim_1,LZ4 only,122,0.545184,27548,2558,6,3.2711,
/os_cloud_node/points_decim_1,LZ4 only,123,0.546687,27734,2558,6,3.28012,
/os_cloud_node/points_decim_1,LZ4 only,124,0.542084,30048,2644,6,3.2525,
/os_cloud_node/points_decim_1,LZ4 only,125,0.544174,30491,2645,6,3.26504,
/os_cloud_node/points_decim_1,LZ4 only,126,0.542131,27545,2525,6,3.25279,
/os_cloud_node/points_decim_1,LZ4 only,127,0.544676,30232,2632,6,3.26805,
/os_cloud_node/points_decim_1,LZ4 only,128,0.54364,28763,2639,6,3.26184,
/os_cloud_node/points_decim_1,LZ4 only,129,0.541007,28997,2639,6,3.24604,
/os_cloud_node/points_decim_1,LZ4 only,130,0.541305,26308,2462,6,3.24783,
/os_cloud_node/points_decim_1,LZ4 only,131,0.543008,25840,2415,6,3.25805,
/os_cloud_node/points_decim_1,LZ4 only,132,0.545719,28617,2589,6,3.27432,
/os_cloud_node/points_decim_1,LZ4 only,133,0.546316,27541,2541,6,3.27789,
/os_cloud_node/points_decim_1,LZ4 only,134,0.546873,29888,2649,6,3.28124,
/os_cloud_node/points_decim_1,LZ4 only,135,0.546947,29515,2697,6,3.28168,
/os_cloud_node/points_decim_1,LZ4 only,136,0.545056,29362,2648,6,3.27034,
/os_cloud_node/points_decim_1,LZ4 only,137,0.547841,28335,2616,6,3.28705,
/os_cloud_node/points_decim_1,LZ4 only,138,0.543319,30893,2593,6,3.25992,
/os_cloud_node/points_decim_1,LZ4 only,139,0.542917,27324,2513,6,3.2575,
/os_cloud_node/points_decim_1,LZ4 only,140,0.550476,28457,2583,6,3.30286,
/os_cloud_node/points_decim_1,LZ4 only,141,0.548398,29979,2514,6,3.29039,
/os_cloud_node/points_decim_1,LZ4 only,142,0.546998,29336,2531,6,3.28199,
/os_cloud_node/points_decim_1,LZ4 only,143,0.544306,26202,2401,6,3.26583,
/os_cloud_node/points_decim_1,LZ4 only,144,0.548241,27971,2523,6,3.28945,
/os_cloud_node/points_decim_1,LZ4 only,145,0.545772,28037,2570,6,3.27463,
/os_cloud_node/points_decim_1,LZ4 only,146,0.552089,27823,2553,6,3.31254,
/os_cloud_node/points_decim_1,LZ4 only,147,0.552683,31134,2574,6,3.3161,
/os_cloud_node/points_decim_1,LZ4 only,148,0.55037,27556,2585,6,3.30222,
/os_cloud_node/points_decim_1,LZ4 only,149,0.545184,26816,2515,6,3.2711,
/os_cloud_node/points_decim_1,LZ4 only,150,0.543915,29595,2696,6,3.26349,
/os_cloud_node/points_decim_1,LZ4 only,151,0.546619,30694,2753,6,3.27971,
/os_cloud_node/points_decim_1,LZ4 only,152,0.548922,26122,2454,6,3.29353,
/os_cloud_node/points_decim_1,LZ4 only,153,0.549891,27433,2537,6,3.29935,
/os_cloud_node/points_decim_1,LZ4 only,154,0.550572,26405,2454,6,3.30343,
/os_cloud_node/points_decim_1,LZ4 only,155,0.545835,30228,2603,6,3.27501,
/os_cloud_node/points_decim_1,LZ4 only,156,0.546691,27583,2525,6,3.28015,
/os_cloud_node/points_decim_1,LZ4 only,157,0.543253,27696,2542,6,3.25952,
/os_cloud_node/points_decim_1,LZ4 only,158,0.54058,28339,2560,6,3.24348,
/os_cloud_node/points_decim_1,LZ4 only,159,0.541221,28884,2521,6,3.24733,
/os_cloud_node/points_decim_1,LZ4 only,160,0.542078,29620,2475,6,3.25247,
/os_cloud_node/points_decim_1,LZ4 only,161,0.541795,27720,2489,6,3.25077,
/os_cloud_node/points_decim_1,LZ4 only,162,0.539444,27001,2471,6,3.23667,
/os_cloud_node/points_decim_1,LZ4 only,163,0.541777,30202,2561,6,3.25066,
/os_cloud_node/points_decim_1,LZ4 only,164,0.540453,29922,2599,6,3.24272,
/os_cloud_node/points_decim_1,LZ4 only,165,0.542116,27395,2514,6,3.2527,
/os_cloud_node/points_decim_1,LZ4 only,166,0.541485,28336,2593,6,3.24891,
/os_cloud_node/points_decim_1,LZ4 only,167,0.54027,28442,2592,6,3.24162,
/os_cloud_node/points_decim_1,LZ4 only,168,0.544813,28685,2575,6,3.26888,
/os_cloud_node/points_decim_1,LZ4 only,169,0.544432,28586,2589,6,3.26659,
/os_cloud_node/points_decim_1,LZ4 only,170,0.54823,29225,2574,6,3.28938,
/os_cloud_node/points_decim_1,LZ4 only,171,0.551149,26851,2484,6,3.30689,
/os_cloud_node/points_decim_1,LZ4 only,172,0.549632,29662,2707,6,3.29779,
/os_cloud_node/points_decim_1,LZ4 only,173,0.547529,29299,2678,6,3.28517,
/os_cloud_node/points_decim_1,LZ4 only,174,0.549005,26094,2451,6,3.29403,
/os_cloud_node/points_decim_1,LZ4 only,175,0.54784,27643,2505,6,3.28704,
/os_cloud_node/points_decim_1,LZ4 only,176,0.548966,27679,2540,6,3.29379,
/os_cloud_node/points_decim_1,LZ4 only,177,0.547674,29621,2618,6,3.28604,
/os_cloud_node/points_decim_1,LZ4 only,178,0.547458,26903,2473,6,3.28475,
/os_cloud_node/points_decim_1,LZ4 only,179,0.543834,29380,2590,6,3.263,
/os_cloud_node/points_decim_1,LZ4 only,180,0.538833,30156,2678,6,3.233,
/os_cloud_node/points_decim_1,LZ4 only,181,0.536015,28680,2639,6,3.21609,
/os_cloud_node/points_decim_1,LZ4 only,182,0.529522,28951,2528,6,3.17713,
/os_cloud_node/points_decim_1,LZ4 only,183,0.526681,26275,2449,6,3.16009,
/os_cloud_node/points_decim_1,LZ4 only,184,0.522949,28189,2517,6,3.13769,
/os_cloud_node/points_decim_1,LZ4 only,185,0.511371,27691,2464,6,3.06823,
/os_cloud_node/points_decim_1,LZ4 only,186,0.523514,29658,2450,6,3.14109,
/os_cloud_node/points_decim_1,LZ4 only,187,0.524314,28842,2374,6,3.14589,
/os_cloud_node/points_decim_1,LZ4 only,188,0.524097,25856,2402,6,3.14458,
/os_cloud_node/points_decim_1,LZ4 only,189,0.518163,27286,2586,6,3.10898,
/os_cloud_node/points_decim_1,LZ4 only,190,0.528675,28127,2581,6,3.17205,
/os_cloud_node/points_decim_1,LZ4 only,191,0.51503,31014,2593,6,3.09018,
/os_cloud_node/points_decim_1,LZ4 only,192,0.504819,27937,2560,6,3.02891,
/os_cloud_node/points_decim_1,LZ4 only,193,0.510892,26169,2482,6,3.06535,
/os_cloud_node/points_decim_1,LZ4 only,194,0.530456,28596,2595,6,3.18273,
/os_cloud_node/points_decim_1,LZ4 only,195,0.534819,29267,2615,6,3.20891,
/os_cloud_node/points_decim_1,LZ4 only,196,0.54036,26863,2465,6,3.24216,
/os_cloud_node/points_decim_1,LZ4 only,197,0.533384,26928,2522,6,3.2003,
/os_cloud_node/points_decim_1,LZ4 only,198,0.528698,27298,2637,6,3.17219,
/os_cloud_node/points_decim_1,LZ4 only,199,0.539422,29313,2564,6,3.23653,
/os_cloud_node/points_decim_1,LZ4 only,200,0.530218,27587,2515,6,3.18131,
/os_cloud_node/points_decim_1,LZ4 only,201,0.535414,8421,1364,6,3.21248,
/os_cloud_node/points_decim_1,LZ4 only,202,0.537803,26607,2426,6,3.22682,
/os_cloud_node/points_decim_1,LZ4 only,203,0.540799,27527,2277,6,3.24479,
/os_cloud_node/points_decim_1,LZ4 only,204,0.539536,29535,2575,6,3.23722,
/os_cloud_node/points_decim_1,LZ4 only,205,0.541704,28529,2537,6,3.25023,
/os_cloud_node/points_decim_1,LZ4 only,206,0.546306,26628,2447,6,3.27784,
/os_cloud_node/points_decim_1,LZ4 only,207,0.551242,27182,2463,6,3.30745,
/os_cloud_node/points_decim_1,LZ4 only,208,0.551935,24501,2321,6,3.31161,
/os_cloud_node/points_decim_1,LZ4 only,209,0.553932,25806,2412,6,3.32359,
/os_cloud_node/points_decim_1,LZ4 only,210,0.548641,26657,2481,6,3.29185,
/os_cloud_node/points_decim_1,LZ4 only,211,0.548975,28379,2590,6,3.29385,
/os_cloud_node/points_decim_1,LZ4 only,212,0.549708,26870,2552,6,3.29825,
/os_cloud_node/points_decim_1,LZ4 only,213,0.554781,26375,2449,6,3.32869,
/os_cloud_node/points_decim_1,LZ4 only,214,0.554606,27832,2596,6,3.32764,
/os_cloud_node/points_decim_1,LZ4 only,215,0.554235,26936,2500,6,3.32541,
/os_cloud_node/points_decim_1,LZ4 only,216,0.548465,27949,2598,6,3.29079,
/os_cloud_node/points_decim_1,LZ4 only,217,0.544066,28987,2698,6,3.2644,
/os_cloud_node/points_decim_1,LZ4 only,218,0.54773,27303,2557,6,3.28638,
/os_cloud_node/points_decim_1,LZ4 only,219,0.544787,26922,2500,6,3.26872,
/os_cloud_node/points_decim_1,LZ4 only,220,0.539812,27392,2497,6,3.23887,
/os_cloud_node/points_decim_1,LZ4 only,221,0.548685,30229,2658,6,3.29211,
/os_cloud_node/points_decim_1,LZ4 only,222,0.551595,28519,2627,6,3.30957,
/os_cloud_node/points_decim_1,LZ4 only,223,0.556889,27909,2594,6,3.34134,
/os_cloud_node/points_decim_1,LZ4 only,224,0.561112,28126,2608,6,3.36667,
/os_cloud_node/points_decim_1,LZ4 only,225,0.572837,28437,2605,6,3.43702,
/os_cloud_node/points_decim_1,LZ4 only,226,0.578258,30882,2531,6,3.46955,
/os_cloud_node/points_decim_1,LZ4 only,227,0.58012,28413,2455,6,3.48072,
/os_cloud_node/points_decim_1,LZ4 only,228,0.584427,27776,2448,6,3.50656,
/os_cloud_node/points_decim_1,LZ4 only,229,0.587681,27517,2448,6,3.52609,
/os_cloud_node/points_decim_1,LZ4 only,230,0.591583,29275,2415,6,3.5495,
/os_cloud_node/points_decim_1,LZ4 only,231,0.590642,26954,2411,6,3.54385,
/os_cloud_node/points_decim_1,LZ4 only,232,0.58886,27847,2447,6,3.53316,
/os_cloud_node/points_decim_1,LZ4 only,233,0.587572,27415,2427,6,3.52543,
/os_cloud_node/points_decim_1,LZ4 only,234,0.585681,30134,2401,6,3.51409,
/os_cloud_node/points_decim_1,LZ4 only,235,0.585034,28240,2395,6,3.51021,
/os_cloud_node/points_decim_1,LZ4 only,236,0.582524,23628,2201,6,3.49514,
/os_cloud_node/points_decim_1,LZ4 only,237,0.580314,28732,2446,6,3.48188,
/os_cloud_node/points_decim_1,Cloudini 0p0001,0,0.328609,5152,5549,6,1.97165,
/os_cloud_node/points_decim_1,Cloudini 0p0001,1,0.328654,5124,5366,6,1.97192,
/os_cloud_node/points_decim_1,Cloudini 0p0001,2,0.32887,5089,5554,6,1.97322,
/os_cloud_node/points_decim_1,Cloudini 0p0001,3,0.329076,5137,5623,6,1.97446,
/os_cloud_node/points_decim_1,Cloudini 0p0001,4,0.330039,5130,5494,6,1.98023,
/os_cloud_node/points_decim_1,Cloudini 0p0001,5,0.329727,4961,5515,6,1.97836,
/os_cloud_node/points_decim_1,Cloudini 0p0001,6,0.330233,5109,5586,6,1.9814,
/os_cloud_node/points_decim_1,Cloudini 0p0001,7,0.331595,5178,5713,6,1.98957,
/os_cloud_node/points_decim_1,Cloudini 0p0001,8,0.331713,5048,5434,6,1.99028,
/os_cloud_node/points_decim_1,Cloudini 0p0001,9,0.332654,5099,5464,6,1.99592,
/os_cloud_node/points_decim_1,Cloudini 0p0001,10,0.331894,5103,5530,6,1.99136,
/os_cloud_node/points_decim_1,Cloudini 0p0001,11,0.33168,5180,5515,6,1.99008,
/os_cloud_node/points_decim_1,Cloudini 0p0001,12,0.330983,5061,5371,6,1.9859,
/os_cloud_node/points_decim_1,Cloudini 0p0001,13,0.330819,5275,5559,6,1.98491,
/os_cloud_node/points_decim_1,Cloudini 0p0001,14,0.329881,5146,5531,6,1.97929,
/os_cloud_node/points_decim_1,Cloudini 0p0001,15,0.322953,5116,5438,6,1.93772,
/os_cloud_node/points_decim_1,Cloudini 0p0001,16,0.315955,5069,5333,6,1.89573,
/os_cloud_node/points_decim_1,Cloudini 0p0001,17,0.310994,4802,5243,6,1.86596,
/os_cloud_node/points_decim_1,Cloudini 0p0001,18,0.307094,4917,5304,6,1.84257,
/os_cloud_node/points_decim_1,Cloudini 0p0001,19,0.305973,4907,5259,6,1.83584,
/os_cloud_node/points_decim_1,Cloudini 0p0001,20,0.305119,4856,5299,6,1.83071,
/os_cloud_node/points_decim_1,Cloudini 0p0001,21,0.306088,4772,5197,6,1.83653,
/os_cloud_node/points_decim_1,Cloudini 0p0001,22,0.306031,4881,5293,6,1.83618,
/os_cloud_node/points_decim_1,Cloudini 0p0001,23,0.306452,4804,5268,6,1.83871,
/os_cloud_node/points_decim_1,Cloudini 0p0001,24,0.306422,4882,5265,6,1.83853,
/os_cloud_node/points_decim_1,Cloudini 0p0001,25,0.307254,4888,5320,6,1.84352,
/os_cloud_node/points_decim_1,Cloudini 0p0001,26,0.307631,4883,5330,6,1.84579,
/os_cloud_node/points_decim_1,Cloudini 0p0001,27,0.308388,4994,5390,6,1.85033,
/os_cloud_node/points_decim_1,Cloudini 0p0001,28,0.308475,4895,5329,6,1.85085,
/os_cloud_node/points_decim_1,Cloudini 0p0001,29,0.30874,4790,5312,6,1.85244,
/os_cloud_node/points_decim_1,Cloudini 0p0001,30,0.30805,4861,5350,6,1.8483,
/os_cloud_node/points_decim_1,Cloudini 0p0001,31,0.306838,4970,5449,6,1.84103,
/os_cloud_node/points_decim_1,Cloudini 0p0001,32,0.299474,4742,5184,6,1.79685,
/os_cloud_node/points_decim_1,Cloudini 0p0001,33,0.291858,4804,5090,6,1.75115,
/os_cloud_node/points_decim_1,Cloudini 0p0001,34,0.29192,4471,5092,6,1.75152,
/os_cloud_node/points_decim_1,Cloudini 0p0001,35,0.296048,4723,5250,6,1.77629,
/os_cloud_node/points_decim_1,Cloudini 0p0001,36,0.300362,4789,5231,6,1.80217,
/os_cloud_node/points_decim_1,Cloudini 0p0001,37,0.303861,5012,5311,6,1.82316,
/os_cloud_node/points_decim_1,Cloudini 0p0001,38,0.302963,4959,5439,6,1.81778,
/os_cloud_node/points_decim_1,Cloudini 0p0001,39,0.30234,4878,5274,6,1.81404,
/os_cloud_node/points_decim_1,Cloudini 0p0001,40,0.30271,4979,5268,6,1.81626,
/os_cloud_node/points_decim_1,Cloudini 0p0001,41,0.3014,4876,5403,6,1.8084,
/os_cloud_node/points_decim_1,Cloudini 0p0001,42,0.300001,4727,5323,6,1.80001,
/os_cloud_node/points_decim_1,Cloudini 0p0001,43,0.298879,4805,5386,6,1.79327,
/os_cloud_node/points_decim_1,Cloudini 0p0001,44,0.298611,4718,5191,6,1.79167,
/os_cloud_node/points_decim_1,Cloudini 0p0001,45,0.299044,4784,5317,6,1.79426,
/os_cloud_node/points_decim_1,Cloudini 0p0001,46,0.298384,4782,5280,6,1.7903,
/os_cloud_node/points_decim_1,Cloudini 0p0001,47,0.297884,4692,5198,6,1.7873,
/os_cloud_node/points_decim_1,Cloudini 0p0001,48,0.297996,4822,5369,6,1.78798,
/os_cloud_node/points_decim_1,Cloudini 0p0001,49,0.295959,4692,5310,6,1.77576,
/os_cloud_node/points_decim_1,Cloudini 0p0001,50,0.292531,4523,5194,6,1.75519,
/os_cloud_node/points_decim_1,Cloudini 0p0001,51,0.293966,4582,5203,6,1.76379,
/os_cloud_node/points_decim_1,Cloudini 0p0001,52,0.292614,4713,5342,6,1.75568,
/os_cloud_node/points_decim_1,Cloudini 0p0001,53,0.291791,4770,5164,6,1.75074,
/os_cloud_node/points_decim_1,Cloudini 0p0001,54,0.291912,4763,5252,6,1.75147,
/os_cloud_node/points_decim_1,Cloudini 0p0001,55,0.292301,4539,5012,6,1.75381,
/os_cloud_node/points_decim_1,Cloudini 0p0001,56,0.293517,4706,5096,6,1.7611,
/os_cloud_node/points_decim_1,Cloudini 0p0001,57,0.292121,4671,5258,6,1.75273,
/os_cloud_node/points_decim_1,Cloudini 0p0001,58,0.2916,4656,5122,6,1.7496,
/os_cloud_node/points_decim_1,Cloudini 0p0001,59,0.291967,4751,5075,6,1.7518,
/os_cloud_node/points_decim_1,Cloudini 0p0001,60,0.291016,4497,5108,6,1.7461,
/os_cloud_node/points_decim_1,Cloudini 0p0001,61,0.28954,4686,5101,6,1.73724,
/os_cloud_node/points_decim_1,Cloudini 0p0001,62,0.293341,4684,5202,6,1.76004,
/os_cloud_node/points_decim_1,Cloudini 0p0001,63,0.294478,4666,5098,6,1.76687,
/os_cloud_node/points_decim_1,Cloudini 0p0001,64,0.292552,4646,5075,6,1.75531,
/os_cloud_node/points_decim_1,Cloudini 0p0001,65,0.291543,4661,5193,6,1.74926,
/os_cloud_node/points_decim_1,Cloudini 0p0001,66,0.289335,4643,5055,6,1.73601,
/os_cloud_node/points_decim_1,Cloudini 0p0001,67,0.28762,4407,5166,6,1.72572,
/os_cloud_node/points_decim_1,Cloudini 0p0001,68,0.284843,4371,5045,6,1.70906,
/os_cloud_node/points_decim_1,Cloudini 0p0001,69,0.283696,4469,5090,6,1.70218,
/os_cloud_node/points_decim_1,Cloudini 0p0001,70,0.283624,4399,4968,6,1.70174,
/os_cloud_node/points_decim_1,Cloudini 0p0001,71,0.28404,4549,5171,6,1.70424,
/os_cloud_node/points_decim_1,Cloudini 0p0001,72,0.285554,4434,5050,6,1.71332,
/os_cloud_node/points_decim_1,Cloudini 0p0001,73,0.28641,4444,5034,6,1.71846,
/os_cloud_node/points_decim_1,Cloudini 0p0001,74,0.287625,4480,5045,6,1.72575,
/os_cloud_node/points_decim_1,Cloudini 0p0001,75,0.288406,4538,4991,6,1.73044,
/os_cloud_node/points_decim_1,Cloudini 0p0001,76,0.289721,4477,5235,6,1.73833,
/os_cloud_node/points_decim_1,Cloudini 0p0001,77,0.292603,4835,5152,6,1.75562,
/os_cloud_node/points_decim_1,Cloudini 0p0001,78,0.292656,4677,5149,6,1.75594,
/os_cloud_node/points_decim_1,Cloudini 0p0001,79,0.293109,4716,5213,6,1.75865,
/os_cloud_node/points_decim_1,Cloudini 0p0001,80,0.294693,4685,5124,6,1.76816,
/os_cloud_node/points_decim_1,Cloudini 0p0001,81,0.295234,4605,5102,6,1.7714,
/os_cloud_node/points_decim_1,Cloudini 0p0001,82,0.295245,4639,5095,6,1.77147,
/os_cloud_node/points_decim_1,Cloudini 0p0001,83,0.296637,4839,5131,6,1.77982,
/os_cloud_node/points_decim_1,Cloudini 0p0001,84,0.297444,4832,5343,6,1.78466,
/os_cloud_node/points_decim_1,Cloudini 0p0001,85,0.29588,4683,5245,6,1.77528,
/os_cloud_node/points_decim_1,Cloudini 0p0001,86,0.293384,4654,5130,6,1.7603,
/os_cloud_node/points_decim_1,Cloudini 0p0001,87,0.292837,4734,5106,6,1.75702,
/os_cloud_node/points_decim_1,Cloudini 0p0001,88,0.294253,4642,5231,6,1.76552,
/os_cloud_node/points_decim_1,Cloudini 0p0001,89,0.295182,4683,5246,6,1.77109,
/os_cloud_node/points_decim_1,Cloudini 0p0001,90,0.295181,4584,5220,6,1.77109,
/os_cloud_node/points_decim_1,Cloudini 0p0001,91,0.295004,4609,5018,6,1.77002,
/os_cloud_node/points_decim_1,Cloudini 0p0001,92,0.294985,4428,4994,6,1.76991,
/os_cloud_node/points_decim_1,Cloudini 0p0001,93,0.294335,4554,5239,6,1.76601,
/os_cloud_node/points_decim_1,Cloudini 0p0001,94,0.294426,4479,5070,6,1.76656,
/os_cloud_node/points_decim_1,Cloudini 0p0001,95,0.29493,4567,5079,6,1.76958,
/os_cloud_node/points_decim_1,Cloudini 0p0001,96,0.293702,4444,4986,6,1.76221,
/os_cloud_node/points_decim_1,Cloudini 0p0001,97,0.293514,4552,5149,6,1.76109,
/os_cloud_node/points_decim_1,Cloudini 0p0001,98,0.292386,4631,5149,6,1.75432,
/os_cloud_node/points_decim_1,Cloudini 0p0001,99,0.290112,4766,5088,6,1.74067,
/os_cloud_node/points_decim_1,Cloudini 0p0001,100,0.291092,4589,5021,6,1.74655,
/os_cloud_node/points_decim_1,Cloudini 0p0001,101,0.291961,4671,5186,6,1.75177,
/os_cloud_node/points_decim_1,Cloudini 0p0001,102,0.291214,4632,5091,6,1.74728,
/os_cloud_node/points_decim_1,Cloudini 0p0001,103,0.293144,4641,5150,6,1.75887,
/os_cloud_node/points_decim_1,Cloudini 0p0001,104,0.294065,4635,5183,6,1.76439,
/os_cloud_node/points_decim_1,Cloudini 0p0001,105,0.294434,4807,5177,6,1.7666,
/os_cloud_node/points_decim_1,Cloudini 0p0001,106,0.294585,4642,5099,6,1.76751,
/os_cloud_node/points_decim_1,Cloudini 0p0001,107,0.293262,4780,5288,6,1.75957,
/os_cloud_node/points_decim_1,Cloudini 0p0001,108,0.29313,4812,5172,6,1.75878,
/os_cloud_node/points_decim_1,Cloudini 0p0001,109,0.293916,4814,5407,6,1.7635,
/os_cloud_node/points_decim_1,Cloudini 0p0001,110,0.293859,4777,5216,6,1.76316,
/os_cloud_node/points_decim_1,Cloudini 0p0001,111,0.297467,4811,5388,6,1.7848,
/os_cloud_node/points_decim_1,Cloudini 0p0001,112,0.298071,4770,5309,6,1.78842,
/os_cloud_node/points_decim_1,Cloudini 0p0001,113,0.296142,4703,5184,6,1.77685,
/os_cloud_node/points_decim_1,Cloudini 0p0001,114,0.295436,4771,5225,6,1.77262,
/os_cloud_node/points_decim_1,Cloudini 0p0001,115,0.295728,4711,5243,6,1.77437,
/os_cloud_node/points_decim_1,Cloudini 0p0001,116,0.294727,4708,5109,6,1.76836,
/os_cloud_node/points_decim_1,Cloudini 0p0001,117,0.294896,4568,5056,6,1.76937,
/os_cloud_node/points_decim_1,Cloudini 0p0001,118,0.29416,4662,5039,6,1.76496,
/os_cloud_node/points_decim_1,Cloudini 0p0001,119,0.292516,4549,5142,6,1.7551,
/os_cloud_node/points_decim_1,Cloudini 0p0001,120,0.293365,4583,5093,6,1.76019,
/os_cloud_node/points_decim_1,Cloudini 0p0001,121,0.295324,4707,5182,6,1.77195,
/os_cloud_node/points_decim_1,Cloudini 0p0001,122,0.295088,4807,5169,6,1.77053,
/os_cloud_node/points_decim_1,Cloudini 0p0001,123,0.296103,4695,5121,6,1.77662,
/os_cloud_node/points_decim_1,Cloudini 0p0001,124,0.295894,4783,5264,6,1.77536,
/os_cloud_node/points_decim_1,Cloudini 0p0001,125,0.295992,4673,5245,6,1.77595,
/os_cloud_node/points_decim_1,Cloudini 0p0001,126,0.294051,4709,5167,6,1.7643,
/os_cloud_node/points_decim_1,Cloudini 0p0001,127,0.296135,4916,5445,6,1.77681,
/os_cloud_node/points_decim_1,Cloudini 0p0001,128,0.293753,4719,5221,6,1.76252,
/os_cloud_node/points_decim_1,Cloudini 0p0001,129,0.291608,4713,5123,6,1.74965,
/os_cloud_node/points_decim_1,Cloudini 0p0001,130,0.292625,4806,5334,6,1.75575,
/os_cloud_node/points_decim_1,Cloudini 0p0001,131,0.293184,4712,5285,6,1.75911,
/os_cloud_node/points_decim_1,Cloudini 0p0001,132,0.291875,4728,5145,6,1.75125,
/os_cloud_node/points_decim_1,Cloudini 0p0001,133,0.294131,4733,5243,6,1.76479,
/os_cloud_node/points_decim_1,Cloudini 0p0001,134,0.29614,4816,5304,6,1.77684,
/os_cloud_node/points_decim_1,Cloudini 0p0001,135,0.296999,4825,5204,6,1.78199,
/os_cloud_node/points_decim_1,Cloudini 0p0001,136,0.297215,4786,5201,6,1.78329,
/os_cloud_node/points_decim_1,Cloudini 0p0001,137,0.297496,4682,5206,6,1.78498,
/os_cloud_node/points_decim_1,Cloudini 0p0001,138,0.295273,4891,5443,6,1.77164,
/os_cloud_node/points_decim_1,Cloudini 0p0001,139,0.295117,4669,5112,6,1.7707,
/os_cloud_node/points_decim_1,Cloudini 0p0001,140,0.295472,4647,5139,6,1.77283,
/os_cloud_node/points_decim_1,Cloudini 0p0001,141,0.294105,4574,5093,6,1.76463,
/os_cloud_node/points_decim_1,Cloudini 0p0001,142,0.294279,4646,5039,6,1.76568,
/os_cloud_node/points_decim_1,Cloudini 0p0001,143,0.293447,4622,5020,6,1.76068,
/os_cloud_node/points_decim_1,Cloudini 0p0001,144,0.295147,4723,5080,6,1.77088,
/os_cloud_node/points_decim_1,Cloudini 0p0001,145,0.295634,4622,5211,6,1.7738,
/os_cloud_node/points_decim_1,Cloudini 0p0001,146,0.296531,4686,5088,6,1.77919,
/os_cloud_node/points_decim_1,Cloudini 0p0001,147,0.297192,4746,5148,6,1.78315,
/os_cloud_node/points_decim_1,Cloudini 0p0001,148,0.29686,4776,5197,6,1.78116,
/os_cloud_node/points_decim_1,Cloudini 0p0001,149,0.295471,4847,5249,6,1.77282,
/os_cloud_node/points_decim_1,Cloudini 0p0001,150,0.294905,4831,5224,6,1.76943,
/os_cloud_node/points_decim_1,Cloudini 0p0001,151,0.292953,4663,5128,6,1.75772,
/os_cloud_node/points_decim_1,Cloudini 0p0001,152,0.295193,5009,5317,6,1.77116,
/os_cloud_node/points_decim_1,Cloudini 0p0001,153,0.296991,4767,5285,6,1.78195,
/os_cloud_node/points_decim_1,Cloudini 0p0001,154,0.296749,4536,5189,6,1.78049,
/os_cloud_node/points_decim_1,Cloudini 0p0001,155,0.295391,4489,5104,6,1.77234,
/os_cloud_node/points_decim_1,Cloudini 0p0001,156,0.294629,4545,5097,6,1.76778,
/os_cloud_node/points_decim_1,Cloudini 0p0001,157,0.293187,4696,5342,6,1.75912,
/os_cloud_node/points_decim_1,Cloudini 0p0001,158,0.29322,4683,5276,6,1.75932,
/os_cloud_node/points_decim_1,Cloudini 0p0001,159,0.292369,4616,5128,6,1.75421,
/os_cloud_node/points_decim_1,Cloudini 0p0001,160,0.291677,4571,5098,6,1.75006,
/os_cloud_node/points_decim_1,Cloudini 0p0001,161,0.292494,4626,5038,6,1.75496,
/os_cloud_node/points_decim_1,Cloudini 0p0001,162,0.293212,4532,5122,6,1.75927,
/os_cloud_node/points_decim_1,Cloudini 0p0001,163,0.294778,4685,5277,6,1.76867,
/os_cloud_node/points_decim_1,Cloudini 0p0001,164,0.2936,4491,5174,6,1.7616,
/os_cloud_node/points_decim_1,Cloudini 0p0001,165,0.293624,4552,5079,6,1.76175,
/os_cloud_node/points_decim_1,Cloudini 0p0001,166,0.292472,4559,5177,6,1.75483,
/os_cloud_node/points_decim_1,Cloudini 0p0001,167,0.291583,4540,5193,6,1.7495,
/os_cloud_node/points_decim_1,Cloudini 0p0001,168,0.292902,4627,5129,6,1.75741,
/os_cloud_node/points_decim_1,Cloudini 0p0001,169,0.293794,4715,5116,6,1.76276,
/os_cloud_node/points_decim_1,Cloudini 0p0001,170,0.295779,4791,5136,6,1.77468,
/os_cloud_node/points_decim_1,Cloudini 0p0001,171,0.29387,4658,5083,6,1.76322,
/os_cloud_node/points_decim_1,Cloudini 0p0001,172,0.294839,4798,5266,6,1.76904,
/os_cloud_node/points_decim_1,Cloudini 0p0001,173,0.29651,4806,5191,6,1.77906,
/os_cloud_node/points_decim_1,Cloudini 0p0001,174,0.2965,4724,5337,6,1.779,
/os_cloud_node/points_decim_1,Cloudini 0p0001,175,0.295475,4606,5213,6,1.77285,
/os_cloud_node/points_decim_1,Cloudini 0p0001,176,0.295778,4499,5133,6,1.77467,
/os_cloud_node/points_decim_1,Cloudini 0p0001,177,0.295397,4680,5148,6,1.77238,
/os_cloud_node/points_decim_1,Cloudini 0p0001,178,0.295337,4709,5133,6,1.77202,
/os_cloud_node/points_decim_1,Cloudini 0p0001,179,0.294804,4617,5332,6,1.76882,
/os_cloud_node/points_decim_1,Cloudini 0p0001,180,0.294506,4653,5175,6,1.76704,
/os_cloud_node/points_decim_1,Cloudini 0p0001,181,0.291103,4582,5099,6,1.74662,
/os_cloud_node/points_decim_1,Cloudini 0p0001,182,0.288014,4514,5054,6,1.72809,
/os_cloud_node/points_decim_1,Cloudini 0p0001,183,0.286839,4345,5094,6,1.72104,
/os_cloud_node/points_decim_1,Cloudini 0p0001,184,0.283923,4326,4932,6,1.70354,
/os_cloud_node/points_decim_1,Cloudini 0p0001,185,0.284292,4446,4962,6,1.70575,
/os_cloud_node/points_decim_1,Cloudini 0p0001,186,0.282288,4293,4974,6,1.69373,
/os_cloud_node/points_decim_1,Cloudini 0p0001,187,0.282135,4320,4939,6,1.69281,
/os_cloud_node/points_decim_1,Cloudini 0p0001,188,0.283942,4450,4953,6,1.70365,
/os_cloud_node/points_decim_1,Cloudini 0p0001,189,0.285197,4385,4962,6,1.71118,
/os_cloud_node/points_decim_1,Cloudini 0p0001,190,0.287634,4532,5010,6,1.72581,
/os_cloud_node/points_decim_1,Cloudini 0p0001,191,0.288634,4506,5096,6,1.7318,
/os_cloud_node/points_decim_1,Cloudini 0p0001,192,0.288975,4472,5162,6,1.73385,
/os_cloud_node/points_decim_1,Cloudini 0p0001,193,0.289909,4503,5498,6,1.73946,
/os_cloud_node/points_decim_1,Cloudini 0p0001,194,0.288817,4624,5150,6,1.7329,
/os_cloud_node/points_decim_1,Cloudini 0p0001,195,0.28854,4600,5230,6,1.73124,
/os_cloud_node/points_decim_1,Cloudini 0p0001,196,0.29056,4574,5113,6,1.74336,
/os_cloud_node/points_decim_1,Cloudini 0p0001,197,0.291222,4560,5142,6,1.74733,
/os_cloud_node/points_decim_1,Cloudini 0p0001,198,0.292675,4708,5242,6,1.75605,
/os_cloud_node/points_decim_1,Cloudini 0p0001,199,0.292435,4557,5324,6,1.75461,
/os_cloud_node/points_decim_1,Cloudini 0p0001,200,0.289689,4490,5162,6,1.73814,
/os_cloud_node/points_decim_1,Cloudini 0p0001,201,0.289952,4591,5168,6,1.73971,
/os_cloud_node/points_decim_1,Cloudini 0p0001,202,0.290591,4450,5049,6,1.74354,
/os_cloud_node/points_decim_1,Cloudini 0p0001,203,0.292106,4619,5137,6,1.75264,
/os_cloud_node/points_decim_1,Cloudini 0p0001,204,0.292726,4627,5282,6,1.75636,
/os_cloud_node/points_decim_1,Cloudini 0p0001,205,0.293658,4682,5273,6,1.76195,
/os_cloud_node/points_decim_1,Cloudini 0p0001,206,0.294463,4454,5049,6,1.76678,
/os_cloud_node/points_decim_1,Cloudini 0p0001,207,0.296974,4638,5130,6,1.78184,
/os_cloud_node/points_decim_1,Cloudini 0p0001,208,0.298313,4631,5282,6,1.78988,
/os_cloud_node/points_decim_1,Cloudini 0p0001,209,0.298937,4677,5332,6,1.79362,
/os_cloud_node/points_decim_1,Cloudini 0p0001,210,0.298093,4728,5199,6,1.78856,
/os_cloud_node/points_decim_1,Cloudini 0p0001,211,0.298515,4590,5156,6,1.79109,
/os_cloud_node/points_decim_1,Cloudini 0p0001,212,0.299112,4666,5285,6,1.79467,
/os_cloud_node/points_decim_1,Cloudini 0p0001,213,0.301344,4903,5256,6,1.80807,
/os_cloud_node/points_decim_1,Cloudini 0p0001,214,0.301324,4816,5275,6,1.80795,
/os_cloud_node/points_decim_1,Cloudini 0p0001,215,0.301969,4787,5354,6,1.81181,
/os_cloud_node/points_decim_1,Cloudini 0p0001,216,0.302549,4886,5333,6,1.81529,
/os_cloud_node/points_decim_1,Cloudini 0p0001,217,0.303997,5146,5673,6,1.82398,
/os_cloud_node/points_decim_1,Cloudini 0p0001,218,0.300077,4891,5350,6,1.80046,
/os_cloud_node/points_decim_1,Cloudini 0p0001,219,0.296152,4781,5185,6,1.77691,
/os_cloud_node/points_decim_1,Cloudini 0p0001,220,0.293456,4513,5156,6,1.76074,
/os_cloud_node/points_decim_1,Cloudini 0p0001,221,0.296251,4671,5158,6,1.77751,
/os_cloud_node/points_decim_1,Cloudini 0p0001,222,0.305175,5006,5290,6,1.83105,
/os_cloud_node/points_decim_1,Cloudini 0p0001,223,0.310394,4843,5326,6,1.86236,
/os_cloud_node/points_decim_1,Cloudini 0p0001,224,0.31345,5088,5485,6,1.8807,
/os_cloud_node/points_decim_1,Cloudini 0p0001,225,0.3221,5115,5533,6,1.9326,
/os_cloud_node/points_decim_1,Cloudini 0p0001,226,0.32787,5062,5495,6,1.96722,
/os_cloud_node/points_decim_1,Cloudini 0p0001,227,0.328219,5120,5590,6,1.96931,
/os_cloud_node/points_decim_1,Cloudini 0p0001,228,0.329949,4975,5509,6,1.97969,
/os_cloud_node/points_decim_1,Cloudini 0p0001,229,0.331267,5004,5548,6,1.9876,
/os_cloud_node/points_decim_1,Cloudini 0p0001,230,0.332257,4980,5483,6,1.99354,
/os_cloud_node/points_decim_1,Cloudini 0p0001,231,0.332361,5253,5570,6,1.99417,
/os_cloud_node/points_decim_1,Cloudini 0p0001,232,0.332919,5168,5495,6,1.99752,
/os_cloud_node/points_decim_1,Cloudini 0p0001,233,0.333243,5161,5602,6,1.99946,
/os_cloud_node/points_decim_1,Cloudini 0p0001,234,0.332055,5133,5497,6,1.99233,
/os_cloud_node/points_decim_1,Cloudini 0p0001,235,0.331889,5070,5467,6,1.99133,
/os_cloud_node/points_decim_1,Cloudini 0p0001,236,0.330052,5066,5509,6,1.98031,
/os_cloud_node/points_decim_1,Cloudini 0p0001,237,0.329714,5036,5578,6,1.97828,
/os_cloud_node/points_decim_1,Cloudini 0p001,0,0.294472,4646,5105,6,1.76683,
/os_cloud_node/points_decim_1,Cloudini 0p001,1,0.294517,4648,5164,6,1.7671,
/os_cloud_node/points_decim_1,Cloudini 0p001,2,0.294547,4521,5111,6,1.76728,
/os_cloud_node/points_decim_1,Cloudini 0p001,3,0.294821,4611,5340,6,1.76893,
/os_cloud_node/points_decim_1,Cloudini 0p001,4,0.295699,4600,5051,6,1.7742,
/os_cloud_node/points_decim_1,Cloudini 0p001,5,0.295324,4529,5053,6,1.77194,
/os_cloud_node/points_decim_1,Cloudini 0p001,6,0.295598,4569,5236,6,1.77359,
/os_cloud_node/points_decim_1,Cloudini 0p001,7,0.296684,4597,5297,6,1.7801,
/os_cloud_node/points_decim_1,Cloudini 0p001,8,0.296951,4603,5208,6,1.78171,
/os_cloud_node/points_decim_1,Cloudini 0p001,9,0.297554,4512,5007,6,1.78533,
/os_cloud_node/points_decim_1,Cloudini 0p001,10,0.29716,4496,5114,6,1.78296,
/os_cloud_node/points_decim_1,Cloudini 0p001,11,0.297205,4474,5334,6,1.78323,
/os_cloud_node/points_decim_1,Cloudini 0p001,12,0.297061,4616,5169,6,1.78236,
/os_cloud_node/points_decim_1,Cloudini 0p001,13,0.295283,4472,5112,6,1.7717,
/os_cloud_node/points_decim_1,Cloudini 0p001,14,0.291036,4521,5161,6,1.74622,
/os_cloud_node/points_decim_1,Cloudini 0p001,15,0.285463,4555,5154,6,1.71278,
/os_cloud_node/points_decim_1,Cloudini 0p001,16,0.280388,4608,5164,6,1.68233,
/os_cloud_node/points_decim_1,Cloudini 0p001,17,0.277695,4619,5034,6,1.66617,
/os_cloud_node/points_decim_1,Cloudini 0p001,18,0.275972,4590,5041,6,1.65583,
/os_cloud_node/points_decim_1,Cloudini 0p001,19,0.275857,4570,5176,6,1.65514,
/os_cloud_node/points_decim_1,Cloudini 0p001,20,0.27576,4566,5064,6,1.65456,
/os_cloud_node/points_decim_1,Cloudini 0p001,21,0.276714,4495,5105,6,1.66028,
/os_cloud_node/points_decim_1,Cloudini 0p001,22,0.276438,4550,5061,6,1.65863,
/os_cloud_node/points_decim_1,Cloudini 0p001,23,0.276409,4485,4991,6,1.65845,
/os_cloud_node/points_decim_1,Cloudini 0p001,24,0.276503,4490,5127,6,1.65902,
/os_cloud_node/points_decim_1,Cloudini 0p001,25,0.277219,4706,5317,6,1.66331,
/os_cloud_node/points_decim_1,Cloudini 0p001,26,0.277769,4607,5088,6,1.66662,
/os_cloud_node/points_decim_1,Cloudini 0p001,27,0.278473,4603,5187,6,1.67084,
/os_cloud_node/points_decim_1,Cloudini 0p001,28,0.278836,4617,5194,6,1.67302,
/os_cloud_node/points_decim_1,Cloudini 0p001,29,0.279049,4598,4978,6,1.6743,
/os_cloud_node/points_decim_1,Cloudini 0p001,30,0.278789,4616,5105,6,1.67273,
/os_cloud_node/points_decim_1,Cloudini 0p001,31,0.278532,4646,5218,6,1.67119,
/os_cloud_node/points_decim_1,Cloudini 0p001,32,0.275447,4596,5077,6,1.65268,
/os_cloud_node/points_decim_1,Cloudini 0p001,33,0.271848,4482,5060,6,1.63109,
/os_cloud_node/points_decim_1,Cloudini 0p001,34,0.272015,4433,5031,6,1.63209,
/os_cloud_node/points_decim_1,Cloudini 0p001,35,0.273218,4550,5034,6,1.63931,
/os_cloud_node/points_decim_1,Cloudini 0p001,36,0.273545,4660,5137,6,1.64127,
/os_cloud_node/points_decim_1,Cloudini 0p001,37,0.273299,4740,5177,6,1.6398,
/os_cloud_node/points_decim_1,Cloudini 0p001,38,0.272908,4571,5101,6,1.63745,
/os_cloud_node/points_decim_1,Cloudini 0p001,39,0.273035,4599,5198,6,1.63821,
/os_cloud_node/points_decim_1,Cloudini 0p001,40,0.27292,4710,5310,6,1.63752,
/os_cloud_node/points_decim_1,Cloudini 0p001,41,0.271753,4683,5251,6,1.63052,
/os_cloud_node/points_decim_1,Cloudini 0p001,42,0.271476,4652,5237,6,1.62886,
/os_cloud_node/points_decim_1,Cloudini 0p001,43,0.271477,4583,5040,6,1.62886,
/os_cloud_node/points_decim_1,Cloudini 0p001,44,0.271334,4606,5077,6,1.628,
/os_cloud_node/points_decim_1,Cloudini 0p001,45,0.271726,4483,5190,6,1.63035,
/os_cloud_node/points_decim_1,Cloudini 0p001,46,0.271967,4526,5135,6,1.6318,
/os_cloud_node/points_decim_1,Cloudini 0p001,47,0.270974,4491,5016,6,1.62584,
/os_cloud_node/points_decim_1,Cloudini 0p001,48,0.271375,4568,5053,6,1.62825,
/os_cloud_node/points_decim_1,Cloudini 0p001,49,0.271374,4555,5009,6,1.62824,
/os_cloud_node/points_decim_1,Cloudini 0p001,50,0.270584,4578,5148,6,1.6235,
/os_cloud_node/points_decim_1,Cloudini 0p001,51,0.270739,4629,5117,6,1.62443,
/os_cloud_node/points_decim_1,Cloudini 0p001,52,0.269632,4691,5165,6,1.61779,
/os_cloud_node/points_decim_1,Cloudini 0p001,53,0.268476,4753,5272,6,1.61085,
/os_cloud_node/points_decim_1,Cloudini 0p001,54,0.267461,4580,5068,6,1.60477,
/os_cloud_node/points_decim_1,Cloudini 0p001,55,0.267054,4573,5088,6,1.60232,
/os_cloud_node/points_decim_1,Cloudini 0p001,56,0.26614,4699,5048,6,1.59684,
/os_cloud_node/points_decim_1,Cloudini 0p001,57,0.26608,4516,5041,6,1.59648,
/os_cloud_node/points_decim_1,Cloudini 0p001,58,0.266956,4658,5079,6,1.60173,
/os_cloud_node/points_decim_1,Cloudini 0p001,59,0.26827,4588,5161,6,1.60962,
/os_cloud_node/points_decim_1,Cloudini 0p001,60,0.26982,4635,5079,6,1.61892,
/os_cloud_node/points_decim_1,Cloudini 0p001,61,0.27003,4659,5179,6,1.62018,
/os_cloud_node/points_decim_1,Cloudini 0p001,62,0.27141,4626,5101,6,1.62846,
/os_cloud_node/points_decim_1,Cloudini 0p001,63,0.27099,4622,5127,6,1.62594,
/os_cloud_node/points_decim_1,Cloudini 0p001,64,0.269964,4610,5085,6,1.61979,
/os_cloud_node/points_decim_1,Cloudini 0p001,65,0.26962,4505,5132,6,1.61772,
/os_cloud_node/points_decim_1,Cloudini 0p001,66,0.268903,4539,5094,6,1.61342,
/os_cloud_node/points_decim_1,Cloudini 0p001,67,0.268424,4445,5050,6,1.61054,
/os_cloud_node/points_decim_1,Cloudini 0p001,68,0.267471,4327,5073,6,1.60483,
/os_cloud_node/points_decim_1,Cloudini 0p001,69,0.266538,4477,5169,6,1.59923,
/os_cloud_node/points_decim_1,Cloudini 0p001,70,0.266453,4618,5104,6,1.59872,
/os_cloud_node/points_decim_1,Cloudini 0p001,71,0.266593,4515,5063,6,1.59956,
/os_cloud_node/points_decim_1,Cloudini 0p001,72,0.267321,4543,5071,6,1.60393,
/os_cloud_node/points_decim_1,Cloudini 0p001,73,0.267721,4531,4992,6,1.60633,
/os_cloud_node/points_decim_1,Cloudini 0p001,74,0.268643,4428,5147,6,1.61186,
/os_cloud_node/points_decim_1,Cloudini 0p001,75,0.268933,4456,5074,6,1.6136,
/os_cloud_node/points_decim_1,Cloudini 0p001,76,0.269473,4412,5050,6,1.61684,
/os_cloud_node/points_decim_1,Cloudini 0p001,77,0.270912,4593,5186,6,1.62547,
/os_cloud_node/points_decim_1,Cloudini 0p001,78,0.270184,4573,5114,6,1.62111,
/os_cloud_node/points_decim_1,Cloudini 0p001,79,0.270006,4497,5047,6,1.62004,
/os_cloud_node/points_decim_1,Cloudini 0p001,80,0.270633,4514,5069,6,1.6238,
/os_cloud_node/points_decim_1,Cloudini 0p001,81,0.26988,4536,5210,6,1.61928,
/os_cloud_node/points_decim_1,Cloudini 0p001,82,0.268994,4504,5057,6,1.61396,
/os_cloud_node/points_decim_1,Cloudini 0p001,83,0.270656,4657,5149,6,1.62394,
/os_cloud_node/points_decim_1,Cloudini 0p001,84,0.271,4584,5132,6,1.626,
/os_cloud_node/points_decim_1,Cloudini 0p001,85,0.270225,4708,5255,6,1.62135,
/os_cloud_node/points_decim_1,Cloudini 0p001,86,0.269114,4648,5093,6,1.61469,
/os_cloud_node/points_decim_1,Cloudini 0p001,87,0.26954,4482,5129,6,1.61724,
/os_cloud_node/points_decim_1,Cloudini 0p001,88,0.268854,4542,5106,6,1.61312,
/os_cloud_node/points_decim_1,Cloudini 0p001,89,0.269523,4600,5081,6,1.61714,
/os_cloud_node/points_decim_1,Cloudini 0p001,90,0.269074,4526,5180,6,1.61444,
/os_cloud_node/points_decim_1,Cloudini 0p001,91,0.268811,4413,5083,6,1.61287,
/os_cloud_node/points_decim_1,Cloudini 0p001,92,0.269416,4522,4985,6,1.6165,
/os_cloud_node/points_decim_1,Cloudini 0p001,93,0.269014,4586,5076,6,1.61408,
/os_cloud_node/points_decim_1,Cloudini 0p001,94,0.268654,4633,4996,6,1.61193,
/os_cloud_node/points_decim_1,Cloudini 0p001,95,0.269651,4387,5254,6,1.61791,
/os_cloud_node/points_decim_1,Cloudini 0p001,96,0.26847,4589,5075,6,1.61082,
/os_cloud_node/points_decim_1,Cloudini 0p001,97,0.26817,4558,5042,6,1.60902,
/os_cloud_node/points_decim_1,Cloudini 0p001,98,0.269397,4488,5117,6,1.61638,
/os_cloud_node/points_decim_1,Cloudini 0p001,99,0.269574,4771,5373,6,1.61744,
/os_cloud_node/points_decim_1,Cloudini 0p001,100,0.270134,4640,5029,6,1.6208,
/os_cloud_node/points_decim_1,Cloudini 0p001,101,0.270465,4639,5080,6,1.62279,
/os_cloud_node/points_decim_1,Cloudini 0p001,102,0.269546,4613,5148,6,1.61727,
/os_cloud_node/points_decim_1,Cloudini 0p001,103,0.270628,4653,5200,6,1.62377,
/os_cloud_node/points_decim_1,Cloudini 0p001,104,0.270707,4610,5107,6,1.62424,
/os_cloud_node/points_decim_1,Cloudini 0p001,105,0.269609,4557,5156,6,1.61766,
/os_cloud_node/points_decim_1,Cloudini 0p001,106,0.269435,4548,5107,6,1.61661,
/os_cloud_node/points_decim_1,Cloudini 0p001,107,0.268108,4637,5087,6,1.60865,
/os_cloud_node/points_decim_1,Cloudini 0p001,108,0.267232,4612,5075,6,1.60339,
/os_cloud_node/points_decim_1,Cloudini 0p001,109,0.267564,4602,5135,6,1.60538,
/os_cloud_node/points_decim_1,Cloudini 0p001,110,0.268375,4676,5054,6,1.61025,
/os_cloud_node/points_decim_1,Cloudini 0p001,111,0.270566,4541,5093,6,1.6234,
/os_cloud_node/points_decim_1,Cloudini 0p001,112,0.271511,4652,5195,6,1.62907,
/os_cloud_node/points_decim_1,Cloudini 0p001,113,0.270695,4507,5127,6,1.62417,
/os_cloud_node/points_decim_1,Cloudini 0p001,114,0.270353,4604,5119,6,1.62212,
/os_cloud_node/points_decim_1,Cloudini 0p001,115,0.270272,4544,5010,6,1.62163,
/os_cloud_node/points_decim_1,Cloudini 0p001,116,0.269689,4499,5090,6,1.61813,
/os_cloud_node/points_decim_1,Cloudini 0p001,117,0.269952,4622,5209,6,1.61971,
/os_cloud_node/points_decim_1,Cloudini 0p001,118,0.271254,4578,5113,6,1.62752,
/os_cloud_node/points_decim_1,Cloudini 0p001,119,0.271359,4641,5269,6,1.62815,
/os_cloud_node/points_decim_1,Cloudini 0p001,120,0.270994,4610,5282,6,1.62596,
/os_cloud_node/points_decim_1,Cloudini 0p001,121,0.271256,4575,5121,6,1.62754,
/os_cloud_node/points_decim_1,Cloudini 0p001,122,0.270733,4590,5177,6,1.6244,
/os_cloud_node/points_decim_1,Cloudini 0p001,123,0.270093,4712,5100,6,1.62056,
/os_cloud_node/points_decim_1,Cloudini 0p001,124,0.269681,4653,5188,6,1.61809,
/os_cloud_node/points_decim_1,Cloudini 0p001,125,0.269976,4694,5115,6,1.61985,
/os_cloud_node/points_decim_1,Cloudini 0p001,126,0.26844,4655,5187,6,1.61064,
/os_cloud_node/points_decim_1,Cloudini 0p001,127,0.2697,4576,5204,6,1.6182,
/os_cloud_node/points_decim_1,Cloudini 0p001,128,0.268959,4694,5269,6,1.61376,
/os_cloud_node/points_decim_1,Cloudini 0p001,129,0.268643,4668,5103,6,1.61186,
/os_cloud_node/points_decim_1,Cloudini 0p001,130,0.268484,4582,5070,6,1.6109,
/os_cloud_node/points_decim_1,Cloudini 0p001,131,0.268298,4710,5166,6,1.60979,
/os_cloud_node/points_decim_1,Cloudini 0p001,132,0.267974,4565,5103,6,1.60784,
/os_cloud_node/points_decim_1,Cloudini 0p001,133,0.269061,4629,5203,6,1.61436,
/os_cloud_node/points_decim_1,Cloudini 0p001,134,0.269503,4597,5065,6,1.61702,
/os_cloud_node/points_decim_1,Cloudini 0p001,135,0.269736,4610,5210,6,1.61841,
/os_cloud_node/points_decim_1,Cloudini 0p001,136,0.27024,4600,5133,6,1.62144,
/os_cloud_node/points_decim_1,Cloudini 0p001,137,0.271714,4610,5121,6,1.63028,
/os_cloud_node/points_decim_1,Cloudini 0p001,138,0.271519,4755,5218,6,1.62912,
/os_cloud_node/points_decim_1,Cloudini 0p001,139,0.272871,4640,5018,6,1.63722,
/os_cloud_node/points_decim_1,Cloudini 0p001,140,0.273378,4598,5158,6,1.64027,
/os_cloud_node/points_decim_1,Cloudini 0p001,141,0.272612,4596,5140,6,1.63567,
/os_cloud_node/points_decim_1,Cloudini 0p001,142,0.272171,4413,5083,6,1.63302,
/os_cloud_node/points_decim_1,Cloudini 0p001,143,0.270933,4665,5209,6,1.6256,
/os_cloud_node/points_decim_1,Cloudini 0p001,144,0.271859,4610,5147,6,1.63115,
/os_cloud_node/points_decim_1,Cloudini 0p001,145,0.271631,4549,5041,6,1.62978,
/os_cloud_node/points_decim_1,Cloudini 0p001,146,0.272096,4475,5113,6,1.63258,
/os_cloud_node/points_decim_1,Cloudini 0p001,147,0.271908,4658,5297,6,1.63145,
/os_cloud_node/points_decim_1,Cloudini 0p001,148,0.270603,4644,5065,6,1.62362,
/os_cloud_node/points_decim_1,Cloudini 0p001,149,0.269182,4671,5136,6,1.61509,
/os_cloud_node/points_decim_1,Cloudini 0p001,150,0.268019,4547,5105,6,1.60811,
/os_cloud_node/points_decim_1,Cloudini 0p001,151,0.268298,4567,5049,6,1.60979,
/os_cloud_node/points_decim_1,Cloudini 0p001,152,0.269443,4607,5275,6,1.61666,
/os_cloud_node/points_decim_1,Cloudini 0p001,153,0.270666,4597,5209,6,1.624,
/os_cloud_node/points_decim_1,Cloudini 0p001,154,0.271901,4573,5096,6,1.63141,
/os_cloud_node/points_decim_1,Cloudini 0p001,155,0.271757,4443,4972,6,1.63054,
/os_cloud_node/points_decim_1,Cloudini 0p001,156,0.271705,4559,5047,6,1.63023,
/os_cloud_node/points_decim_1,Cloudini 0p001,157,0.271219,4547,5210,6,1.62732,
/os_cloud_node/points_decim_1,Cloudini 0p001,158,0.271401,4654,5071,6,1.6284,
/os_cloud_node/points_decim_1,Cloudini 0p001,159,0.271215,4531,5052,6,1.62729,
/os_cloud_node/points_decim_1,Cloudini 0p001,160,0.270931,4446,5110,6,1.62559,
/os_cloud_node/points_decim_1,Cloudini 0p001,161,0.270595,4565,5100,6,1.62357,
/os_cloud_node/points_decim_1,Cloudini 0p001,162,0.269185,4508,5102,6,1.61511,
/os_cloud_node/points_decim_1,Cloudini 0p001,163,0.269456,4652,5038,6,1.61673,
/os_cloud_node/points_decim_1,Cloudini 0p001,164,0.268344,4665,5249,6,1.61006,
/os_cloud_node/points_decim_1,Cloudini 0p001,165,0.268088,4502,5100,6,1.60853,
/os_cloud_node/points_decim_1,Cloudini 0p001,166,0.267484,4510,5048,6,1.60491,
/os_cloud_node/points_decim_1,Cloudini 0p001,167,0.268152,4497,5045,6,1.60891,
/os_cloud_node/points_decim_1,Cloudini 0p001,168,0.269009,4626,5271,6,1.61405,
/os_cloud_node/points_decim_1,Cloudini 0p001,169,0.269783,4567,5099,6,1.6187,
/os_cloud_node/points_decim_1,Cloudini 0p001,170,0.270714,4483,5144,6,1.62429,
/os_cloud_node/points_decim_1,Cloudini 0p001,171,0.270615,4622,5091,6,1.62369,
/os_cloud_node/points_decim_1,Cloudini 0p001,172,0.270413,4510,5089,6,1.62248,
/os_cloud_node/points_decim_1,Cloudini 0p001,173,0.270426,4672,5133,6,1.62256,
/os_cloud_node/points_decim_1,Cloudini 0p001,174,0.270261,4582,5046,6,1.62157,
/os_cloud_node/points_decim_1,Cloudini 0p001,175,0.270718,4648,5072,6,1.62431,
/os_cloud_node/points_decim_1,Cloudini 0p001,176,0.271573,4661,5089,6,1.62944,
/os_cloud_node/points_decim_1,Cloudini 0p001,177,0.272007,4675,5090,6,1.63204,
/os_cloud_node/points_decim_1,Cloudini 0p001,178,0.272544,4581,5105,6,1.63526,
/os_cloud_node/points_decim_1,Cloudini 0p001,179,0.272485,4542,5153,6,1.63491,
/os_cloud_node/points_decim_1,Cloudini 0p001,180,0.272888,4662,5088,6,1.63733,
/os_cloud_node/points_decim_1,Cloudini 0p001,181,0.271118,4501,5087,6,1.62671,
/os_cloud_node/points_decim_1,Cloudini 0p001,182,0.269932,4447,5122,6,1.61959,
/os_cloud_node/points_decim_1,Cloudini 0p001,183,0.269438,4338,5166,6,1.61663,
/os_cloud_node/points_decim_1,Cloudini 0p001,184,0.268132,4376,5056,6,1.60879,
/os_cloud_node/points_decim_1,Cloudini 0p001,185,0.268867,4587,5150,6,1.6132,
/os_cloud_node/points_decim_1,Cloudini 0p001,186,0.268294,4481,5106,6,1.60976,
/os_cloud_node/points_decim_1,Cloudini 0p001,187,0.267573,4506,5131,6,1.60544,
/os_cloud_node/points_decim_1,Cloudini 0p001,188,0.26866,4364,5014,6,1.61196,
/os_cloud_node/points_decim_1,Cloudini 0p001,189,0.269247,4544,4977,6,1.61548,
/os_cloud_node/points_decim_1,Cloudini 0p001,190,0.270472,4488,5098,6,1.62283,
/os_cloud_node/points_decim_1,Cloudini 0p001,191,0.270406,4643,5048,6,1.62243,
/os_cloud_node/points_decim_1,Cloudini 0p001,192,0.269169,4479,5012,6,1.61502,
/os_cloud_node/points_decim_1,Cloudini 0p001,193,0.269375,4557,5095,6,1.61625,
/os_cloud_node/points_decim_1,Cloudini 0p001,194,0.269361,4505,5082,6,1.61617,
/os_cloud_node/points_decim_1,Cloudini 0p001,195,0.26887,4522,5061,6,1.61322,
/os_cloud_node/points_decim_1,Cloudini 0p001,196,0.268574,4611,5219,6,1.61144,
/os_cloud_node/points_decim_1,Cloudini 0p001,197,0.268809,4585,5064,6,1.61285,
/os_cloud_node/points_decim_1,Cloudini 0p001,198,0.269275,4725,5244,6,1.61565,
/os_cloud_node/points_decim_1,Cloudini 0p001,199,0.269405,4977,5124,6,1.61643,
/os_cloud_node/points_decim_1,Cloudini 0p001,200,0.267914,4594,5110,6,1.60748,
/os_cloud_node/points_decim_1,Cloudini 0p001,201,0.268052,4618,5201,6,1.60831,
/os_cloud_node/points_decim_1,Cloudini 0p001,202,0.268948,4608,5029,6,1.61369,
/os_cloud_node/points_decim_1,Cloudini 0p001,203,0.269819,5197,5497,6,1.61891,
/os_cloud_node/points_decim_1,Cloudini 0p001,204,0.270873,4537,5087,6,1.62524,
/os_cloud_node/points_decim_1,Cloudini 0p001,205,0.271739,4552,5006,6,1.63044,
/os_cloud_node/points_decim_1,Cloudini 0p001,206,0.272662,4586,5063,6,1.63597,
/os_cloud_node/points_decim_1,Cloudini 0p001,207,0.273784,4666,5054,6,1.64271,
/os_cloud_node/points_decim_1,Cloudini 0p001,208,0.273473,6071,5268,6,1.64084,
/os_cloud_node/points_decim_1,Cloudini 0p001,209,0.273546,4454,5020,6,1.64127,
/os_cloud_node/points_decim_1,Cloudini 0p001,210,0.27235,4574,5126,6,1.6341,
/os_cloud_node/points_decim_1,Cloudini 0p001,211,0.272533,4612,5111,6,1.6352,
/os_cloud_node/points_decim_1,Cloudini 0p001,212,0.272573,4454,5231,6,1.63544,
/os_cloud_node/points_decim_1,Cloudini 0p001,213,0.272339,4511,5143,6,1.63403,
/os_cloud_node/points_decim_1,Cloudini 0p001,214,0.271929,4664,5172,6,1.63157,
/os_cloud_node/points_decim_1,Cloudini 0p001,215,0.272791,4618,5077,6,1.63675,
/os_cloud_node/points_decim_1,Cloudini 0p001,216,0.272564,4703,5068,6,1.63538,
/os_cloud_node/points_decim_1,Cloudini 0p001,217,0.273911,4707,5127,6,1.64347,
/os_cloud_node/points_decim_1,Cloudini 0p001,218,0.274421,4600,5071,6,1.64653,
/os_cloud_node/points_decim_1,Cloudini 0p001,219,0.273669,4622,5084,6,1.64201,
/os_cloud_node/points_decim_1,Cloudini 0p001,220,0.272517,4548,5037,6,1.6351,
/os_cloud_node/points_decim_1,Cloudini 0p001,221,0.274172,4511,5044,6,1.64503,
/os_cloud_node/points_decim_1,Cloudini 0p001,222,0.276801,4750,5316,6,1.66081,
/os_cloud_node/points_decim_1,Cloudini 0p001,223,0.278385,4639,5060,6,1.67031,
/os_cloud_node/points_decim_1,Cloudini 0p001,224,0.279584,4555,5137,6,1.6775,
/os_cloud_node/points_decim_1,Cloudini 0p001,225,0.284235,4547,5163,6,1.70541,
/os_cloud_node/points_decim_1,Cloudini 0p001,226,0.288488,4626,5179,6,1.73093,
/os_cloud_node/points_decim_1,Cloudini 0p001,227,0.293171,4596,5185,6,1.75902,
/os_cloud_node/points_decim_1,Cloudini 0p001,228,0.296243,4506,5104,6,1.77746,
/os_cloud_node/points_decim_1,Cloudini 0p001,229,0.297147,4415,5119,6,1.78288,
/os_cloud_node/points_decim_1,Cloudini 0p001,230,0.297465,4589,5066,6,1.78479,
/os_cloud_node/points_decim_1,Cloudini 0p001,231,0.297449,4475,5093,6,1.7847,
/os_cloud_node/points_decim_1,Cloudini 0p001,232,0.29765,4638,5053,6,1.7859,
/os_cloud_node/points_decim_1,Cloudini 0p001,233,0.297999,4537,5147,6,1.78799,
/os_cloud_node/points_decim_1,Cloudini 0p001,234,0.297424,4553,5129,6,1.78455,
/os_cloud_node/points_decim_1,Cloudini 0p001,235,0.296921,4611,5252,6,1.78153,
/os_cloud_node/points_decim_1,Cloudini 0p001,236,0.295928,4420,5163,6,1.77557,
/os_cloud_node/points_decim_1,Cloudini 0p001,237,0.295542,4616,5087,6,1.77325,
/os_cloud_node/points_decim_1,Cloudini 0p01,0,0.280349,4311,4884,6,1.6821,
/os_cloud_node/points_decim_1,Cloudini 0p01,1,0.28047,4345,5077,6,1.68282,
/os_cloud_node/points_decim_1,Cloudini 0p01,2,0.280481,4401,5011,6,1.68289,
/os_cloud_node/points_decim_1,Cloudini 0p01,3,0.280687,4390,4916,6,1.68412,
/os_cloud_node/points_decim_1,Cloudini 0p01,4,0.281328,4538,4939,6,1.68797,
/os_cloud_node/points_decim_1,Cloudini 0p01,5,0.281096,4255,4990,6,1.68657,
/os_cloud_node/points_decim_1,Cloudini 0p01,6,0.281383,4342,5013,6,1.6883,
/os_cloud_node/points_decim_1,Cloudini 0p01,7,0.282363,4414,4987,6,1.69418,
/os_cloud_node/points_decim_1,Cloudini 0p01,8,0.282581,4451,5028,6,1.69549,
/os_cloud_node/points_decim_1,Cloudini 0p01,9,0.283241,4442,4965,6,1.69944,
/os_cloud_node/points_decim_1,Cloudini 0p01,10,0.282782,4282,5015,6,1.69669,
/os_cloud_node/points_decim_1,Cloudini 0p01,11,0.282816,5709,5017,6,1.6969,
/os_cloud_node/points_decim_1,Cloudini 0p01,12,0.282373,4437,5003,6,1.69424,
/os_cloud_node/points_decim_1,Cloudini 0p01,13,0.280464,4472,4994,6,1.68278,
/os_cloud_node/points_decim_1,Cloudini 0p01,14,0.276646,4376,5080,6,1.65988,
/os_cloud_node/points_decim_1,Cloudini 0p01,15,0.27229,4236,4843,6,1.63374,
/os_cloud_node/points_decim_1,Cloudini 0p01,16,0.268401,4219,4827,6,1.61041,
/os_cloud_node/points_decim_1,Cloudini 0p01,17,0.266313,4096,4864,6,1.59788,
/os_cloud_node/points_decim_1,Cloudini 0p01,18,0.264898,4143,4797,6,1.58939,
/os_cloud_node/points_decim_1,Cloudini 0p01,19,0.264607,4088,4761,6,1.58764,
/os_cloud_node/points_decim_1,Cloudini 0p01,20,0.26436,4096,4698,6,1.58616,
/os_cloud_node/points_decim_1,Cloudini 0p01,21,0.264576,4072,4778,6,1.58746,
/os_cloud_node/points_decim_1,Cloudini 0p01,22,0.264378,4000,4776,6,1.58627,
/os_cloud_node/points_decim_1,Cloudini 0p01,23,0.264378,4146,4754,6,1.58627,
/os_cloud_node/points_decim_1,Cloudini 0p01,24,0.264342,4148,4952,6,1.58605,
/os_cloud_node/points_decim_1,Cloudini 0p01,25,0.264806,4103,4808,6,1.58883,
/os_cloud_node/points_decim_1,Cloudini 0p01,26,0.265182,4018,4737,6,1.59109,
/os_cloud_node/points_decim_1,Cloudini 0p01,27,0.265809,4067,4821,6,1.59485,
/os_cloud_node/points_decim_1,Cloudini 0p01,28,0.266087,4165,4884,6,1.59652,
/os_cloud_node/points_decim_1,Cloudini 0p01,29,0.266191,4103,4882,6,1.59715,
/os_cloud_node/points_decim_1,Cloudini 0p01,30,0.265948,4114,4725,6,1.59569,
/os_cloud_node/points_decim_1,Cloudini 0p01,31,0.265508,4045,4867,6,1.59305,
/os_cloud_node/points_decim_1,Cloudini 0p01,32,0.262526,3928,4721,6,1.57516,
/os_cloud_node/points_decim_1,Cloudini 0p01,33,0.259282,4069,4759,6,1.55569,
/os_cloud_node/points_decim_1,Cloudini 0p01,34,0.258931,4007,4702,6,1.55359,
/os_cloud_node/points_decim_1,Cloudini 0p01,35,0.260407,3990,4769,6,1.56244,
/os_cloud_node/points_decim_1,Cloudini 0p01,36,0.261078,4156,4968,6,1.56647,
/os_cloud_node/points_decim_1,Cloudini 0p01,37,0.261,4176,4710,6,1.566,
/os_cloud_node/points_decim_1,Cloudini 0p01,38,0.260975,4015,4789,6,1.56585,
/os_cloud_node/points_decim_1,Cloudini 0p01,39,0.261017,4085,4889,6,1.5661,
/os_cloud_node/points_decim_1,Cloudini 0p01,40,0.260904,4042,5057,6,1.56543,
/os_cloud_node/points_decim_1,Cloudini 0p01,41,0.260049,4168,4760,6,1.56029,
/os_cloud_node/points_decim_1,Cloudini 0p01,42,0.25985,4123,4785,6,1.5591,
/os_cloud_node/points_decim_1,Cloudini 0p01,43,0.260039,4014,4777,6,1.56024,
/os_cloud_node/points_decim_1,Cloudini 0p01,44,0.2599,3936,4688,6,1.5594,
/os_cloud_node/points_decim_1,Cloudini 0p01,45,0.260228,4016,4817,6,1.56137,
/os_cloud_node/points_decim_1,Cloudini 0p01,46,0.260135,4087,4786,6,1.56081,
/os_cloud_node/points_decim_1,Cloudini 0p01,47,0.259532,4135,4738,6,1.55719,
/os_cloud_node/points_decim_1,Cloudini 0p01,48,0.259965,4144,4760,6,1.55979,
/os_cloud_node/points_decim_1,Cloudini 0p01,49,0.259586,4110,4846,6,1.55752,
/os_cloud_node/points_decim_1,Cloudini 0p01,50,0.258313,3969,4735,6,1.54988,
/os_cloud_node/points_decim_1,Cloudini 0p01,51,0.258559,4147,4879,6,1.55135,
/os_cloud_node/points_decim_1,Cloudini 0p01,52,0.257635,4063,4732,6,1.54581,
/os_cloud_node/points_decim_1,Cloudini 0p01,53,0.256225,4000,4675,6,1.53735,
/os_cloud_node/points_decim_1,Cloudini 0p01,54,0.255703,4045,4810,6,1.53422,
/os_cloud_node/points_decim_1,Cloudini 0p01,55,0.255442,4035,4707,6,1.53265,
/os_cloud_node/points_decim_1,Cloudini 0p01,56,0.254949,3820,4690,6,1.52969,
/os_cloud_node/points_decim_1,Cloudini 0p01,57,0.254883,3966,4659,6,1.5293,
/os_cloud_node/points_decim_1,Cloudini 0p01,58,0.255238,3963,4610,6,1.53143,
/os_cloud_node/points_decim_1,Cloudini 0p01,59,0.255809,3837,4688,6,1.53485,
/os_cloud_node/points_decim_1,Cloudini 0p01,60,0.256044,4062,4632,6,1.53626,
/os_cloud_node/points_decim_1,Cloudini 0p01,61,0.255798,3934,4790,6,1.53479,
/os_cloud_node/points_decim_1,Cloudini 0p01,62,0.257086,4065,4774,6,1.54251,
/os_cloud_node/points_decim_1,Cloudini 0p01,63,0.25721,4091,4704,6,1.54326,
/os_cloud_node/points_decim_1,Cloudini 0p01,64,0.256683,3958,4746,6,1.5401,
/os_cloud_node/points_decim_1,Cloudini 0p01,65,0.256718,3980,4644,6,1.54031,
/os_cloud_node/points_decim_1,Cloudini 0p01,66,0.255995,3911,4692,6,1.53597,
/os_cloud_node/points_decim_1,Cloudini 0p01,67,0.25535,3780,4648,6,1.5321,
/os_cloud_node/points_decim_1,Cloudini 0p01,68,0.254489,3918,4618,6,1.52693,
/os_cloud_node/points_decim_1,Cloudini 0p01,69,0.253859,3877,4603,6,1.52315,
/os_cloud_node/points_decim_1,Cloudini 0p01,70,0.25396,3906,4765,6,1.52376,
/os_cloud_node/points_decim_1,Cloudini 0p01,71,0.254079,3941,4752,6,1.52448,
/os_cloud_node/points_decim_1,Cloudini 0p01,72,0.254707,3955,4796,6,1.52824,
/os_cloud_node/points_decim_1,Cloudini 0p01,73,0.255371,3987,4713,6,1.53223,
/os_cloud_node/points_decim_1,Cloudini 0p01,74,0.256054,3800,4725,6,1.53632,
/os_cloud_node/points_decim_1,Cloudini 0p01,75,0.256292,3937,4660,6,1.53775,
/os_cloud_node/points_decim_1,Cloudini 0p01,76,0.256875,4042,4767,6,1.54125,
/os_cloud_node/points_decim_1,Cloudini 0p01,77,0.257974,4182,4815,6,1.54784,
/os_cloud_node/points_decim_1,Cloudini 0p01,78,0.25742,3973,4792,6,1.54452,
/os_cloud_node/points_decim_1,Cloudini 0p01,79,0.257308,4092,4660,6,1.54385,
/os_cloud_node/points_decim_1,Cloudini 0p01,80,0.25777,3877,4710,6,1.54662,
/os_cloud_node/points_decim_1,Cloudini 0p01,81,0.257164,4063,4707,6,1.54298,
/os_cloud_node/points_decim_1,Cloudini 0p01,82,0.256835,3941,4657,6,1.54101,
/os_cloud_node/points_decim_1,Cloudini 0p01,83,0.258268,4032,4655,6,1.54961,
/os_cloud_node/points_decim_1,Cloudini 0p01,84,0.258613,3958,4647,6,1.55168,
/os_cloud_node/points_decim_1,Cloudini 0p01,85,0.258293,3914,4709,6,1.54976,
/os_cloud_node/points_decim_1,Cloudini 0p01,86,0.257115,3971,4777,6,1.54269,
/os_cloud_node/points_decim_1,Cloudini 0p01,87,0.257284,3936,4708,6,1.5437,
/os_cloud_node/points_decim_1,Cloudini 0p01,88,0.257125,4049,4746,6,1.54275,
/os_cloud_node/points_decim_1,Cloudini 0p01,89,0.25765,4131,4801,6,1.5459,
/os_cloud_node/points_decim_1,Cloudini 0p01,90,0.257204,3804,4818,6,1.54323,
/os_cloud_node/points_decim_1,Cloudini 0p01,91,0.257101,3864,4617,6,1.54261,
/os_cloud_node/points_decim_1,Cloudini 0p01,92,0.257495,3870,4806,6,1.54497,
/os_cloud_node/points_decim_1,Cloudini 0p01,93,0.257226,3884,4829,6,1.54336,
/os_cloud_node/points_decim_1,Cloudini 0p01,94,0.256979,3833,4728,6,1.54187,
/os_cloud_node/points_decim_1,Cloudini 0p01,95,0.257662,3860,4740,6,1.54597,
/os_cloud_node/points_decim_1,Cloudini 0p01,96,0.25689,3979,4778,6,1.54134,
/os_cloud_node/points_decim_1,Cloudini 0p01,97,0.256607,4070,4628,6,1.53964,
/os_cloud_node/points_decim_1,Cloudini 0p01,98,0.257022,3936,4693,6,1.54213,
/os_cloud_node/points_decim_1,Cloudini 0p01,99,0.256667,4171,4862,6,1.54,
/os_cloud_node/points_decim_1,Cloudini 0p01,100,0.257126,3872,4729,6,1.54276,
/os_cloud_node/points_decim_1,Cloudini 0p01,101,0.257345,4053,4659,6,1.54407,
/os_cloud_node/points_decim_1,Cloudini 0p01,102,0.256233,4019,4853,6,1.5374,
/os_cloud_node/points_decim_1,Cloudini 0p01,103,0.257276,3984,4889,6,1.54366,
/os_cloud_node/points_decim_1,Cloudini 0p01,104,0.257427,4067,4798,6,1.54456,
/os_cloud_node/points_decim_1,Cloudini 0p01,105,0.256885,3959,4657,6,1.54131,
/os_cloud_node/points_decim_1,Cloudini 0p01,106,0.257101,3906,4713,6,1.54261,
/os_cloud_node/points_decim_1,Cloudini 0p01,107,0.256139,3881,4648,6,1.53683,
/os_cloud_node/points_decim_1,Cloudini 0p01,108,0.255627,3849,4644,6,1.53376,
/os_cloud_node/points_decim_1,Cloudini 0p01,109,0.256007,4030,4833,6,1.53604,
/os_cloud_node/points_decim_1,Cloudini 0p01,110,0.256764,3922,4689,6,1.54058,
/os_cloud_node/points_decim_1,Cloudini 0p01,111,0.25854,4021,4702,6,1.55124,
/os_cloud_node/points_decim_1,Cloudini 0p01,112,0.259131,4015,4726,6,1.55479,
/os_cloud_node/points_decim_1,Cloudini 0p01,113,0.258516,3974,4692,6,1.5511,
/os_cloud_node/points_decim_1,Cloudini 0p01,114,0.258337,4042,4760,6,1.55002,
/os_cloud_node/points_decim_1,Cloudini 0p01,115,0.258459,4061,4622,6,1.55075,
/os_cloud_node/points_decim_1,Cloudini 0p01,116,0.258013,4011,4730,6,1.54808,
/os_cloud_node/points_decim_1,Cloudini 0p01,117,0.257995,3984,4667,6,1.54797,
/os_cloud_node/points_decim_1,Cloudini 0p01,118,0.258698,4031,4723,6,1.55219,
/os_cloud_node/points_decim_1,Cloudini 0p01,119,0.25829,4133,4762,6,1.54974,
/os_cloud_node/points_decim_1,Cloudini 0p01,120,0.258121,4032,4825,6,1.54872,
/os_cloud_node/points_decim_1,Cloudini 0p01,121,0.258451,4041,4704,6,1.5507,
/os_cloud_node/points_decim_1,Cloudini 0p01,122,0.258049,4077,4774,6,1.5483,
/os_cloud_node/points_decim_1,Cloudini 0p01,123,0.257796,4041,4781,6,1.54677,
/os_cloud_node/points_decim_1,Cloudini 0p01,124,0.257377,4128,4713,6,1.54426,
/os_cloud_node/points_decim_1,Cloudini 0p01,125,0.257397,4056,4660,6,1.54438,
/os_cloud_node/points_decim_1,Cloudini 0p01,126,0.256451,4055,4812,6,1.5387,
/os_cloud_node/points_decim_1,Cloudini 0p01,127,0.257414,3956,4744,6,1.54448,
/os_cloud_node/points_decim_1,Cloudini 0p01,128,0.256987,4006,4811,6,1.54192,
/os_cloud_node/points_decim_1,Cloudini 0p01,129,0.256883,4076,4717,6,1.5413,
/os_cloud_node/points_decim_1,Cloudini 0p01,130,0.25676,3950,4744,6,1.54056,
/os_cloud_node/points_decim_1,Cloudini 0p01,131,0.256617,3773,4695,6,1.5397,
/os_cloud_node/points_decim_1,Cloudini 0p01,132,0.256337,3998,4693,6,1.53802,
/os_cloud_node/points_decim_1,Cloudini 0p01,133,0.257172,4063,4841,6,1.54303,
/os_cloud_node/points_decim_1,Cloudini 0p01,134,0.257444,4018,4824,6,1.54466,
/os_cloud_node/points_decim_1,Cloudini 0p01,135,0.257609,3999,4730,6,1.54566,
/os_cloud_node/points_decim_1,Cloudini 0p01,136,0.258146,3947,4756,6,1.54888,
/os_cloud_node/points_decim_1,Cloudini 0p01,137,0.258972,4105,4742,6,1.55383,
/os_cloud_node/points_decim_1,Cloudini 0p01,138,0.258648,4082,4878,6,1.55189,
/os_cloud_node/points_decim_1,Cloudini 0p01,139,0.259509,4036,4801,6,1.55705,
/os_cloud_node/points_decim_1,Cloudini 0p01,140,0.259846,3959,4777,6,1.55907,
/os_cloud_node/points_decim_1,Cloudini 0p01,141,0.25947,4056,4657,6,1.55682,
/os_cloud_node/points_decim_1,Cloudini 0p01,142,0.259256,4017,4756,6,1.55554,
/os_cloud_node/points_decim_1,Cloudini 0p01,143,0.258324,4073,4738,6,1.54994,
/os_cloud_node/points_decim_1,Cloudini 0p01,144,0.259158,3950,4805,6,1.55495,
/os_cloud_node/points_decim_1,Cloudini 0p01,145,0.259265,4107,4712,6,1.55559,
/os_cloud_node/points_decim_1,Cloudini 0p01,146,0.25944,4107,4807,6,1.55664,
/os_cloud_node/points_decim_1,Cloudini 0p01,147,0.259355,4073,4853,6,1.55613,
/os_cloud_node/points_decim_1,Cloudini 0p01,148,0.258277,4064,4723,6,1.54966,
/os_cloud_node/points_decim_1,Cloudini 0p01,149,0.257199,3974,4762,6,1.54319,
/os_cloud_node/points_decim_1,Cloudini 0p01,150,0.256249,3952,4631,6,1.5375,
/os_cloud_node/points_decim_1,Cloudini 0p01,151,0.256339,3875,4727,6,1.53803,
/os_cloud_node/points_decim_1,Cloudini 0p01,152,0.257292,3951,4699,6,1.54375,
/os_cloud_node/points_decim_1,Cloudini 0p01,153,0.258272,4185,4774,6,1.54963,
/os_cloud_node/points_decim_1,Cloudini 0p01,154,0.259073,4112,4780,6,1.55444,
/os_cloud_node/points_decim_1,Cloudini 0p01,155,0.258901,3969,4638,6,1.55341,
/os_cloud_node/points_decim_1,Cloudini 0p01,156,0.258541,4070,4781,6,1.55125,
/os_cloud_node/points_decim_1,Cloudini 0p01,157,0.25809,4050,4823,6,1.54854,
/os_cloud_node/points_decim_1,Cloudini 0p01,158,0.258286,4118,4741,6,1.54971,
/os_cloud_node/points_decim_1,Cloudini 0p01,159,0.258092,4034,4716,6,1.54855,
/os_cloud_node/points_decim_1,Cloudini 0p01,160,0.257968,4010,4686,6,1.54781,
/os_cloud_node/points_decim_1,Cloudini 0p01,161,0.258002,3965,4754,6,1.54801,
/os_cloud_node/points_decim_1,Cloudini 0p01,162,0.257172,4071,4819,6,1.54303,
/os_cloud_node/points_decim_1,Cloudini 0p01,163,0.257379,4114,4657,6,1.54428,
/os_cloud_node/points_decim_1,Cloudini 0p01,164,0.256526,4009,4707,6,1.53915,
/os_cloud_node/points_decim_1,Cloudini 0p01,165,0.256367,3958,4650,6,1.5382,
/os_cloud_node/points_decim_1,Cloudini 0p01,166,0.255862,4005,4674,6,1.53517,
/os_cloud_node/points_decim_1,Cloudini 0p01,167,0.256364,4068,4625,6,1.53819,
/os_cloud_node/points_decim_1,Cloudini 0p01,168,0.257045,3884,4703,6,1.54227,
/os_cloud_node/points_decim_1,Cloudini 0p01,169,0.257685,3955,4723,6,1.54611,
/os_cloud_node/points_decim_1,Cloudini 0p01,170,0.258129,3951,4702,6,1.54877,
/os_cloud_node/points_decim_1,Cloudini 0p01,171,0.258123,4036,4828,6,1.54874,
/os_cloud_node/points_decim_1,Cloudini 0p01,172,0.258182,4075,4778,6,1.54909,
/os_cloud_node/points_decim_1,Cloudini 0p01,173,0.25815,4052,4701,6,1.5489,
/os_cloud_node/points_decim_1,Cloudini 0p01,174,0.257996,4059,4884,6,1.54798,
/os_cloud_node/points_decim_1,Cloudini 0p01,175,0.258032,4112,4832,6,1.54819,
/os_cloud_node/points_decim_1,Cloudini 0p01,176,0.258437,4079,4778,6,1.55062,
/os_cloud_node/points_decim_1,Cloudini 0p01,177,0.258551,4126,4745,6,1.5513,
/os_cloud_node/points_decim_1,Cloudini 0p01,178,0.258925,4027,4711,6,1.55355,
/os_cloud_node/points_decim_1,Cloudini 0p01,179,0.258834,4064,4707,6,1.553,
/os_cloud_node/points_decim_1,Cloudini 0p01,180,0.259151,4105,4937,6,1.5549,
/os_cloud_node/points_decim_1,Cloudini 0p01,181,0.257722,3929,4709,6,1.54633,
/os_cloud_node/points_decim_1,Cloudini 0p01,182,0.256785,3944,4843,6,1.54071,
/os_cloud_node/points_decim_1,Cloudini 0p01,183,0.256385,3913,4768,6,1.53831,
/os_cloud_node/points_decim_1,Cloudini 0p01,184,0.254958,3902,4646,6,1.52975,
/os_cloud_node/points_decim_1,Cloudini 0p01,185,0.255609,3943,4812,6,1.53365,
/os_cloud_node/points_decim_1,Cloudini 0p01,186,0.254817,3913,4704,6,1.5289,
/os_cloud_node/points_decim_1,Cloudini 0p01,187,0.254374,3915,4640,6,1.52624,
/os_cloud_node/points_decim_1,Cloudini 0p01,188,0.255384,4325,4721,6,1.5323,
/os_cloud_node/points_decim_1,Cloudini 0p01,189,0.255787,3994,4686,6,1.53472,
/os_cloud_node/points_decim_1,Cloudini 0p01,190,0.256564,3960,4741,6,1.53938,
/os_cloud_node/points_decim_1,Cloudini 0p01,191,0.25725,4082,4860,6,1.5435,
/os_cloud_node/points_decim_1,Cloudini 0p01,192,0.256889,4064,4926,6,1.54133,
/os_cloud_node/points_decim_1,Cloudini 0p01,193,0.256537,3943,4732,6,1.53922,
/os_cloud_node/points_decim_1,Cloudini 0p01,194,0.255838,3995,4736,6,1.53503,
/os_cloud_node/points_decim_1,Cloudini 0p01,195,0.255264,3822,4743,6,1.53158,
/os_cloud_node/points_decim_1,Cloudini 0p01,196,0.25555,3959,4832,6,1.5333,
/os_cloud_node/points_decim_1,Cloudini 0p01,197,0.256047,3947,4726,6,1.53628,
/os_cloud_node/points_decim_1,Cloudini 0p01,198,0.256677,3992,4747,6,1.54006,
/os_cloud_node/points_decim_1,Cloudini 0p01,199,0.256536,3867,4829,6,1.53922,
/os_cloud_node/points_decim_1,Cloudini 0p01,200,0.255485,3885,4610,6,1.53291,
/os_cloud_node/points_decim_1,Cloudini 0p01,201,0.255617,3976,4764,6,1.5337,
/os_cloud_node/points_decim_1,Cloudini 0p01,202,0.256267,3914,4840,6,1.5376,
/os_cloud_node/points_decim_1,Cloudini 0p01,203,0.257162,5656,4826,6,1.54297,
/os_cloud_node/points_decim_1,Cloudini 0p01,204,0.257919,4106,4781,6,1.54751,
/os_cloud_node/points_decim_1,Cloudini 0p01,205,0.259004,3947,4704,6,1.55402,
/os_cloud_node/points_decim_1,Cloudini 0p01,206,0.259843,4016,4806,6,1.55906,
/os_cloud_node/points_decim_1,Cloudini 0p01,207,0.260842,4069,4785,6,1.56505,
/os_cloud_node/points_decim_1,Cloudini 0p01,208,0.260915,4078,4889,6,1.56549,
/os_cloud_node/points_decim_1,Cloudini 0p01,209,0.261055,4169,4718,6,1.56633,
/os_cloud_node/points_decim_1,Cloudini 0p01,210,0.260399,4194,4799,6,1.56239,
/os_cloud_node/points_decim_1,Cloudini 0p01,211,0.260332,4171,4865,6,1.56199,
/os_cloud_node/points_decim_1,Cloudini 0p01,212,0.260339,4078,4772,6,1.56204,
/os_cloud_node/points_decim_1,Cloudini 0p01,213,0.260225,4079,4789,6,1.56135,
/os_cloud_node/points_decim_1,Cloudini 0p01,214,0.25996,4071,4783,6,1.55976,
/os_cloud_node/points_decim_1,Cloudini 0p01,215,0.260902,3999,4778,6,1.56541,
/os_cloud_node/points_decim_1,Cloudini 0p01,216,0.260581,4170,4739,6,1.56349,
/os_cloud_node/points_decim_1,Cloudini 0p01,217,0.261404,4051,4850,6,1.56842,
/os_cloud_node/points_decim_1,Cloudini 0p01,218,0.261941,4014,4836,6,1.57164,
/os_cloud_node/points_decim_1,Cloudini 0p01,219,0.26114,4028,4737,6,1.56684,
/os_cloud_node/points_decim_1,Cloudini 0p01,220,0.260049,4072,4779,6,1.56029,
/os_cloud_node/points_decim_1,Cloudini 0p01,221,0.26149,3921,4675,6,1.56894,
/os_cloud_node/points_decim_1,Cloudini 0p01,222,0.264151,4020,4820,6,1.58491,
/os_cloud_node/points_decim_1,Cloudini 0p01,223,0.266339,4070,4870,6,1.59803,
/os_cloud_node/points_decim_1,Cloudini 0p01,224,0.268002,4208,4734,6,1.60801,
/os_cloud_node/points_decim_1,Cloudini 0p01,225,0.271663,4124,4856,6,1.62998,
/os_cloud_node/points_decim_1,Cloudini 0p01,226,0.274966,4297,4919,6,1.64979,
/os_cloud_node/points_decim_1,Cloudini 0p01,227,0.278917,4180,5018,6,1.6735,
/os_cloud_node/points_decim_1,Cloudini 0p01,228,0.281645,4456,5055,6,1.68987,
/os_cloud_node/points_decim_1,Cloudini 0p01,229,0.28269,4378,4948,6,1.69614,
/os_cloud_node/points_decim_1,Cloudini 0p01,230,0.283055,4291,5110,6,1.69833,
/os_cloud_node/points_decim_1,Cloudini 0p01,231,0.283075,4421,5036,6,1.69845,
/os_cloud_node/points_decim_1,Cloudini 0p01,232,0.283278,4438,5093,6,1.69967,
/os_cloud_node/points_decim_1,Cloudini 0p01,233,0.283523,4437,5034,6,1.70114,
/os_cloud_node/points_decim_1,Cloudini 0p01,234,0.282946,4459,5050,6,1.69768,
/os_cloud_node/points_decim_1,Cloudini 0p01,235,0.282517,4393,4915,6,1.6951,
/os_cloud_node/points_decim_1,Cloudini 0p01,236,0.281576,4344,4944,6,1.68946,
/os_cloud_node/points_decim_1,Cloudini 0p01,237,0.281288,4345,5025,6,1.68773,
/os_cloud_node/points_decim_1,Cloudini 0p1,0,0.273474,4348,5169,6,1.64084,
/os_cloud_node/points_decim_1,Cloudini 0p1,1,0.273512,4248,4939,6,1.64107,
/os_cloud_node/points_decim_1,Cloudini 0p1,2,0.273519,4298,4923,6,1.64111,
/os_cloud_node/points_decim_1,Cloudini 0p1,3,0.27373,4379,4930,6,1.64238,
/os_cloud_node/points_decim_1,Cloudini 0p1,4,0.274306,4445,4989,6,1.64583,
/os_cloud_node/points_decim_1,Cloudini 0p1,5,0.274274,4223,4890,6,1.64564,
/os_cloud_node/points_decim_1,Cloudini 0p1,6,0.274716,4361,4950,6,1.6483,
/os_cloud_node/points_decim_1,Cloudini 0p1,7,0.275832,4201,4948,6,1.65499,
/os_cloud_node/points_decim_1,Cloudini 0p1,8,0.276073,4207,4945,6,1.65644,
/os_cloud_node/points_decim_1,Cloudini 0p1,9,0.276756,4266,4990,6,1.66054,
/os_cloud_node/points_decim_1,Cloudini 0p1,10,0.276381,4297,4828,6,1.65828,
/os_cloud_node/points_decim_1,Cloudini 0p1,11,0.276437,4162,4884,6,1.65862,
/os_cloud_node/points_decim_1,Cloudini 0p1,12,0.276269,4309,5101,6,1.65761,
/os_cloud_node/points_decim_1,Cloudini 0p1,13,0.274551,4296,4950,6,1.64731,
/os_cloud_node/points_decim_1,Cloudini 0p1,14,0.270348,4283,5052,6,1.62209,
/os_cloud_node/points_decim_1,Cloudini 0p1,15,0.264735,4382,4910,6,1.58841,
/os_cloud_node/points_decim_1,Cloudini 0p1,16,0.259678,4431,4900,6,1.55807,
/os_cloud_node/points_decim_1,Cloudini 0p1,17,0.256882,4359,4858,6,1.54129,
/os_cloud_node/points_decim_1,Cloudini 0p1,18,0.255369,4262,4899,6,1.53221,
/os_cloud_node/points_decim_1,Cloudini 0p1,19,0.255146,4397,4855,6,1.53088,
/os_cloud_node/points_decim_1,Cloudini 0p1,20,0.255252,4228,4869,6,1.53151,
/os_cloud_node/points_decim_1,Cloudini 0p1,21,0.255753,4230,4803,6,1.53452,
/os_cloud_node/points_decim_1,Cloudini 0p1,22,0.255527,4308,4868,6,1.53316,
/os_cloud_node/points_decim_1,Cloudini 0p1,23,0.255517,4276,4994,6,1.5331,
/os_cloud_node/points_decim_1,Cloudini 0p1,24,0.255409,4347,5012,6,1.53245,
/os_cloud_node/points_decim_1,Cloudini 0p1,25,0.256007,4233,4876,6,1.53604,
/os_cloud_node/points_decim_1,Cloudini 0p1,26,0.256458,4249,4847,6,1.53875,
/os_cloud_node/points_decim_1,Cloudini 0p1,27,0.257083,4285,4912,6,1.5425,
/os_cloud_node/points_decim_1,Cloudini 0p1,28,0.257411,4329,4841,6,1.54447,
/os_cloud_node/points_decim_1,Cloudini 0p1,29,0.257692,4451,5008,6,1.54615,
/os_cloud_node/points_decim_1,Cloudini 0p1,30,0.257461,4366,4961,6,1.54477,
/os_cloud_node/points_decim_1,Cloudini 0p1,31,0.257051,4322,5002,6,1.54231,
/os_cloud_node/points_decim_1,Cloudini 0p1,32,0.254211,4303,4868,6,1.52527,
/os_cloud_node/points_decim_1,Cloudini 0p1,33,0.251474,4598,4827,6,1.50885,
/os_cloud_node/points_decim_1,Cloudini 0p1,34,0.251326,4256,4921,6,1.50796,
/os_cloud_node/points_decim_1,Cloudini 0p1,35,0.252187,4242,4840,6,1.51312,
/os_cloud_node/points_decim_1,Cloudini 0p1,36,0.252379,4231,4959,6,1.51428,
/os_cloud_node/points_decim_1,Cloudini 0p1,37,0.252106,4515,4905,6,1.51263,
/os_cloud_node/points_decim_1,Cloudini 0p1,38,0.252098,4328,4926,6,1.51259,
/os_cloud_node/points_decim_1,Cloudini 0p1,39,0.252419,4457,4926,6,1.51451,
/os_cloud_node/points_decim_1,Cloudini 0p1,40,0.252241,4406,4914,6,1.51345,
/os_cloud_node/points_decim_1,Cloudini 0p1,41,0.251417,4260,4934,6,1.5085,
/os_cloud_node/points_decim_1,Cloudini 0p1,42,0.251312,4398,4989,6,1.50787,
/os_cloud_node/points_decim_1,Cloudini 0p1,43,0.251274,4429,4913,6,1.50765,
/os_cloud_node/points_decim_1,Cloudini 0p1,44,0.251244,4417,4863,6,1.50746,
/os_cloud_node/points_decim_1,Cloudini 0p1,45,0.251503,4304,4903,6,1.50902,
/os_cloud_node/points_decim_1,Cloudini 0p1,46,0.251429,4388,4876,6,1.50858,
/os_cloud_node/points_decim_1,Cloudini 0p1,47,0.250511,4309,4912,6,1.50307,
/os_cloud_node/points_decim_1,Cloudini 0p1,48,0.25112,4276,5037,6,1.50672,
/os_cloud_node/points_decim_1,Cloudini 0p1,49,0.250906,4233,4899,6,1.50544,
/os_cloud_node/points_decim_1,Cloudini 0p1,50,0.249403,4418,4943,6,1.49642,
/os_cloud_node/points_decim_1,Cloudini 0p1,51,0.249082,4388,4920,6,1.49449,
/os_cloud_node/points_decim_1,Cloudini 0p1,52,0.248432,4461,4955,6,1.49059,
/os_cloud_node/points_decim_1,Cloudini 0p1,53,0.247172,4339,4835,6,1.48303,
/os_cloud_node/points_decim_1,Cloudini 0p1,54,0.246628,4247,4941,6,1.47977,
/os_cloud_node/points_decim_1,Cloudini 0p1,55,0.2464,4345,4970,6,1.4784,
/os_cloud_node/points_decim_1,Cloudini 0p1,56,0.245941,4413,4998,6,1.47565,
/os_cloud_node/points_decim_1,Cloudini 0p1,57,0.245969,4548,5206,6,1.47582,
/os_cloud_node/points_decim_1,Cloudini 0p1,58,0.246782,4374,4893,6,1.48069,
/os_cloud_node/points_decim_1,Cloudini 0p1,59,0.247364,4397,4901,6,1.48418,
/os_cloud_node/points_decim_1,Cloudini 0p1,60,0.248035,4343,5060,6,1.48821,
/os_cloud_node/points_decim_1,Cloudini 0p1,61,0.247775,4342,4980,6,1.48665,
/os_cloud_node/points_decim_1,Cloudini 0p1,62,0.248469,4268,4936,6,1.49081,
/os_cloud_node/points_decim_1,Cloudini 0p1,63,0.248696,4362,4957,6,1.49218,
/os_cloud_node/points_decim_1,Cloudini 0p1,64,0.248206,4235,4848,6,1.48924,
/os_cloud_node/points_decim_1,Cloudini 0p1,65,0.248001,4392,4899,6,1.488,
/os_cloud_node/points_decim_1,Cloudini 0p1,66,0.247495,4219,4938,6,1.48497,
/os_cloud_node/points_decim_1,Cloudini 0p1,67,0.247031,4200,4820,6,1.48218,
/os_cloud_node/points_decim_1,Cloudini 0p1,68,0.246357,4050,4790,6,1.47814,
/os_cloud_node/points_decim_1,Cloudini 0p1,69,0.245657,4324,4903,6,1.47394,
/os_cloud_node/points_decim_1,Cloudini 0p1,70,0.245866,4219,4842,6,1.4752,
/os_cloud_node/points_decim_1,Cloudini 0p1,71,0.245996,4301,4814,6,1.47598,
/os_cloud_node/points_decim_1,Cloudini 0p1,72,0.246348,4158,4853,6,1.47809,
/os_cloud_node/points_decim_1,Cloudini 0p1,73,0.246766,4311,4904,6,1.4806,
/os_cloud_node/points_decim_1,Cloudini 0p1,74,0.247716,4236,4840,6,1.4863,
/os_cloud_node/points_decim_1,Cloudini 0p1,75,0.247911,4237,4774,6,1.48747,
/os_cloud_node/points_decim_1,Cloudini 0p1,76,0.248517,4182,4876,6,1.4911,
/os_cloud_node/points_decim_1,Cloudini 0p1,77,0.249642,4401,4913,6,1.49785,
/os_cloud_node/points_decim_1,Cloudini 0p1,78,0.249124,4338,4912,6,1.49474,
/os_cloud_node/points_decim_1,Cloudini 0p1,79,0.249168,4346,4985,6,1.49501,
/os_cloud_node/points_decim_1,Cloudini 0p1,80,0.249945,4182,4870,6,1.49967,
/os_cloud_node/points_decim_1,Cloudini 0p1,81,0.249413,4154,4865,6,1.49648,
/os_cloud_node/points_decim_1,Cloudini 0p1,82,0.248906,4334,4987,6,1.49344,
/os_cloud_node/points_decim_1,Cloudini 0p1,83,0.250192,4297,4873,6,1.50115,
/os_cloud_node/points_decim_1,Cloudini 0p1,84,0.250226,4357,5021,6,1.50136,
/os_cloud_node/points_decim_1,Cloudini 0p1,85,0.250023,4300,5023,6,1.50014,
/os_cloud_node/points_decim_1,Cloudini 0p1,86,0.249121,4348,4920,6,1.49472,
/os_cloud_node/points_decim_1,Cloudini 0p1,87,0.249387,4379,5026,6,1.49632,
/os_cloud_node/points_decim_1,Cloudini 0p1,88,0.248985,4337,4953,6,1.49391,
/os_cloud_node/points_decim_1,Cloudini 0p1,89,0.249698,4455,4907,6,1.49819,
/os_cloud_node/points_decim_1,Cloudini 0p1,90,0.24933,4385,5051,6,1.49598,
/os_cloud_node/points_decim_1,Cloudini 0p1,91,0.249299,4238,4817,6,1.49579,
/os_cloud_node/points_decim_1,Cloudini 0p1,92,0.24989,4090,4817,6,1.49934,
/os_cloud_node/points_decim_1,Cloudini 0p1,93,0.249593,4345,4932,6,1.49756,
/os_cloud_node/points_decim_1,Cloudini 0p1,94,0.24911,4218,5040,6,1.49466,
/os_cloud_node/points_decim_1,Cloudini 0p1,95,0.249716,4184,4891,6,1.4983,
/os_cloud_node/points_decim_1,Cloudini 0p1,96,0.248803,4345,4997,6,1.49282,
/os_cloud_node/points_decim_1,Cloudini 0p1,97,0.248463,4290,4959,6,1.49078,
/os_cloud_node/points_decim_1,Cloudini 0p1,98,0.249171,4339,4871,6,1.49503,
/os_cloud_node/points_decim_1,Cloudini 0p1,99,0.249011,4334,5015,6,1.49407,
/os_cloud_node/points_decim_1,Cloudini 0p1,100,0.249376,4298,4881,6,1.49626,
/os_cloud_node/points_decim_1,Cloudini 0p1,101,0.249399,4256,4854,6,1.49639,
/os_cloud_node/points_decim_1,Cloudini 0p1,102,0.248224,4243,4837,6,1.48934,
/os_cloud_node/points_decim_1,Cloudini 0p1,103,0.249639,4364,4876,6,1.49784,
/os_cloud_node/points_decim_1,Cloudini 0p1,104,0.250078,4370,4969,6,1.50047,
/os_cloud_node/points_decim_1,Cloudini 0p1,105,0.249335,4307,4900,6,1.49601,
/os_cloud_node/points_decim_1,Cloudini 0p1,106,0.249473,4570,4908,6,1.49684,
/os_cloud_node/points_decim_1,Cloudini 0p1,107,0.248393,4365,4996,6,1.49036,
/os_cloud_node/points_decim_1,Cloudini 0p1,108,0.247687,4392,4850,6,1.48612,
/os_cloud_node/points_decim_1,Cloudini 0p1,109,0.247782,4459,5052,6,1.48669,
/os_cloud_node/points_decim_1,Cloudini 0p1,110,0.248284,4382,4884,6,1.4897,
/os_cloud_node/points_decim_1,Cloudini 0p1,111,0.249984,4208,4819,6,1.4999,
/os_cloud_node/points_decim_1,Cloudini 0p1,112,0.251255,4355,4925,6,1.50753,
/os_cloud_node/points_decim_1,Cloudini 0p1,113,0.250596,4234,4863,6,1.50358,
/os_cloud_node/points_decim_1,Cloudini 0p1,114,0.250162,4342,4901,6,1.50097,
/os_cloud_node/points_decim_1,Cloudini 0p1,115,0.250194,4346,4926,6,1.50116,
/os_cloud_node/points_decim_1,Cloudini 0p1,116,0.24968,4265,4896,6,1.49808,
/os_cloud_node/points_decim_1,Cloudini 0p1,117,0.249821,4346,4844,6,1.49892,
/os_cloud_node/points_decim_1,Cloudini 0p1,118,0.250838,4237,4886,6,1.50503,
/os_cloud_node/points_decim_1,Cloudini 0p1,119,0.250576,4245,4915,6,1.50346,
/os_cloud_node/points_decim_1,Cloudini 0p1,120,0.250181,4355,4897,6,1.50109,
/os_cloud_node/points_decim_1,Cloudini 0p1,121,0.250089,4341,4913,6,1.50053,
/os_cloud_node/points_decim_1,Cloudini 0p1,122,0.249687,4311,4917,6,1.49812,
/os_cloud_node/points_decim_1,Cloudini 0p1,123,0.249413,4384,4934,6,1.49648,
/os_cloud_node/points_decim_1,Cloudini 0p1,124,0.249216,4503,5071,6,1.4953,
/os_cloud_node/points_decim_1,Cloudini 0p1,125,0.249362,4350,4907,6,1.49617,
/os_cloud_node/points_decim_1,Cloudini 0p1,126,0.248256,4330,4939,6,1.48954,
/os_cloud_node/points_decim_1,Cloudini 0p1,127,0.249216,4355,4933,6,1.4953,
/os_cloud_node/points_decim_1,Cloudini 0p1,128,0.248904,4115,4947,6,1.49342,
/os_cloud_node/points_decim_1,Cloudini 0p1,129,0.248738,4386,5025,6,1.49243,
/os_cloud_node/points_decim_1,Cloudini 0p1,130,0.248577,4350,4911,6,1.49146,
/os_cloud_node/points_decim_1,Cloudini 0p1,131,0.248518,4397,4858,6,1.49111,
/os_cloud_node/points_decim_1,Cloudini 0p1,132,0.248105,4392,4998,6,1.48863,
/os_cloud_node/points_decim_1,Cloudini 0p1,133,0.248942,4375,4888,6,1.49365,
/os_cloud_node/points_decim_1,Cloudini 0p1,134,0.249251,4333,4858,6,1.49551,
/os_cloud_node/points_decim_1,Cloudini 0p1,135,0.249333,4399,4909,6,1.496,
/os_cloud_node/points_decim_1,Cloudini 0p1,136,0.249779,4297,4916,6,1.49867,
/os_cloud_node/points_decim_1,Cloudini 0p1,137,0.25073,4419,5052,6,1.50438,
/os_cloud_node/points_decim_1,Cloudini 0p1,138,0.250465,4283,4912,6,1.50279,
/os_cloud_node/points_decim_1,Cloudini 0p1,139,0.251733,4205,4915,6,1.5104,
/os_cloud_node/points_decim_1,Cloudini 0p1,140,0.252434,4250,4841,6,1.51461,
/os_cloud_node/points_decim_1,Cloudini 0p1,141,0.2519,4279,4869,6,1.5114,
/os_cloud_node/points_decim_1,Cloudini 0p1,142,0.251528,4272,4977,6,1.50917,
/os_cloud_node/points_decim_1,Cloudini 0p1,143,0.250474,4219,4881,6,1.50284,
/os_cloud_node/points_decim_1,Cloudini 0p1,144,0.251431,4373,4901,6,1.50859,
/os_cloud_node/points_decim_1,Cloudini 0p1,145,0.25133,4358,4899,6,1.50798,
/os_cloud_node/points_decim_1,Cloudini 0p1,146,0.251764,4305,4893,6,1.51059,
/os_cloud_node/points_decim_1,Cloudini 0p1,147,0.251572,4281,5033,6,1.50943,
/os_cloud_node/points_decim_1,Cloudini 0p1,148,0.250069,4390,4958,6,1.50042,
/os_cloud_node/points_decim_1,Cloudini 0p1,149,0.248815,4469,4940,6,1.49289,
/os_cloud_node/points_decim_1,Cloudini 0p1,150,0.24793,4254,4867,6,1.48758,
/os_cloud_node/points_decim_1,Cloudini 0p1,151,0.248345,4356,4895,6,1.49007,
/os_cloud_node/points_decim_1,Cloudini 0p1,152,0.249305,5447,4974,6,1.49583,
/os_cloud_node/points_decim_1,Cloudini 0p1,153,0.250514,4309,4995,6,1.50309,
/os_cloud_node/points_decim_1,Cloudini 0p1,154,0.251807,4341,4873,6,1.51084,
/os_cloud_node/points_decim_1,Cloudini 0p1,155,0.251521,4410,5079,6,1.50912,
/os_cloud_node/points_decim_1,Cloudini 0p1,156,0.251067,4266,4876,6,1.5064,
/os_cloud_node/points_decim_1,Cloudini 0p1,157,0.250262,4302,4766,6,1.50157,
/os_cloud_node/points_decim_1,Cloudini 0p1,158,0.250204,4249,4886,6,1.50122,
/os_cloud_node/points_decim_1,Cloudini 0p1,159,0.250226,4196,4857,6,1.50136,
/os_cloud_node/points_decim_1,Cloudini 0p1,160,0.250299,4217,4789,6,1.50179,
/os_cloud_node/points_decim_1,Cloudini 0p1,161,0.250133,4339,4837,6,1.5008,
/os_cloud_node/points_decim_1,Cloudini 0p1,162,0.249086,4273,5056,6,1.49451,
/os_cloud_node/points_decim_1,Cloudini 0p1,163,0.249238,4387,4893,6,1.49543,
/os_cloud_node/points_decim_1,Cloudini 0p1,164,0.248741,4411,4893,6,1.49245,
/os_cloud_node/points_decim_1,Cloudini 0p1,165,0.248717,4361,4948,6,1.4923,
/os_cloud_node/points_decim_1,Cloudini 0p1,166,0.248321,4301,4901,6,1.48993,
/os_cloud_node/points_decim_1,Cloudini 0p1,167,0.248835,4289,4886,6,1.49301,
/os_cloud_node/points_decim_1,Cloudini 0p1,168,0.249436,4310,4973,6,1.49661,
/os_cloud_node/points_decim_1,Cloudini 0p1,169,0.250038,4335,5084,6,1.50023,
/os_cloud_node/points_decim_1,Cloudini 0p1,170,0.250563,4352,4899,6,1.50338,
/os_cloud_node/points_decim_1,Cloudini 0p1,171,0.250395,4397,4855,6,1.50237,
/os_cloud_node/points_decim_1,Cloudini 0p1,172,0.250309,4452,4920,6,1.50185,
/os_cloud_node/points_decim_1,Cloudini 0p1,173,0.250098,4436,4917,6,1.50059,
/os_cloud_node/points_decim_1,Cloudini 0p1,174,0.250101,4257,4921,6,1.50061,
/os_cloud_node/points_decim_1,Cloudini 0p1,175,0.250432,4307,4908,6,1.50259,
/os_cloud_node/points_decim_1,Cloudini 0p1,176,0.251146,4403,4974,6,1.50688,
/os_cloud_node/points_decim_1,Cloudini 0p1,177,0.251295,4262,4865,6,1.50777,
/os_cloud_node/points_decim_1,Cloudini 0p1,178,0.251509,4385,5027,6,1.50905,
/os_cloud_node/points_decim_1,Cloudini 0p1,179,0.250984,4376,4911,6,1.50591,
/os_cloud_node/points_decim_1,Cloudini 0p1,180,0.250952,4396,4908,6,1.50571,
/os_cloud_node/points_decim_1,Cloudini 0p1,181,0.249598,4343,4880,6,1.49759,
/os_cloud_node/points_decim_1,Cloudini 0p1,182,0.248802,4168,4858,6,1.49281,
/os_cloud_node/points_decim_1,Cloudini 0p1,183,0.248467,4206,4832,6,1.4908,
/os_cloud_node/points_decim_1,Cloudini 0p1,184,0.247409,4197,4806,6,1.48446,
/os_cloud_node/points_decim_1,Cloudini 0p1,185,0.2479,4237,4864,6,1.4874,
/os_cloud_node/points_decim_1,Cloudini 0p1,186,0.247852,4139,4831,6,1.48711,
/os_cloud_node/points_decim_1,Cloudini 0p1,187,0.247265,4223,4814,6,1.48359,
/os_cloud_node/points_decim_1,Cloudini 0p1,188,0.248001,4131,4815,6,1.48801,
/os_cloud_node/points_decim_1,Cloudini 0p1,189,0.24796,4186,4839,6,1.48776,
/os_cloud_node/points_decim_1,Cloudini 0p1,190,0.249101,4125,4799,6,1.49461,
/os_cloud_node/points_decim_1,Cloudini 0p1,191,0.249069,4243,4838,6,1.49441,
/os_cloud_node/points_decim_1,Cloudini 0p1,192,0.248118,4229,4877,6,1.48871,
/os_cloud_node/points_decim_1,Cloudini 0p1,193,0.247924,4491,4831,6,1.48754,
/os_cloud_node/points_decim_1,Cloudini 0p1,194,0.248368,4218,4824,6,1.49021,
/os_cloud_node/points_decim_1,Cloudini 0p1,195,0.248033,4260,4917,6,1.4882,
/os_cloud_node/points_decim_1,Cloudini 0p1,196,0.247928,4188,4905,6,1.48757,
/os_cloud_node/points_decim_1,Cloudini 0p1,197,0.24784,4251,4896,6,1.48704,
/os_cloud_node/points_decim_1,Cloudini 0p1,198,0.247995,4346,4946,6,1.48797,
/os_cloud_node/points_decim_1,Cloudini 0p1,199,0.248331,4219,4854,6,1.48998,
/os_cloud_node/points_decim_1,Cloudini 0p1,200,0.24744,4168,4912,6,1.48464,
/os_cloud_node/points_decim_1,Cloudini 0p1,201,0.247586,4261,4865,6,1.48551,
/os_cloud_node/points_decim_1,Cloudini 0p1,202,0.248378,4268,4888,6,1.49027,
/os_cloud_node/points_decim_1,Cloudini 0p1,203,0.248965,4323,4876,6,1.49379,
/os_cloud_node/points_decim_1,Cloudini 0p1,204,0.249611,4286,4889,6,1.49767,
/os_cloud_node/points_decim_1,Cloudini 0p1,205,0.250645,4313,4947,6,1.50387,
/os_cloud_node/points_decim_1,Cloudini 0p1,206,0.251969,4294,4840,6,1.51181,
/os_cloud_node/points_decim_1,Cloudini 0p1,207,0.253255,4244,4874,6,1.51953,
/os_cloud_node/points_decim_1,Cloudini 0p1,208,0.253231,4305,4939,6,1.51939,
/os_cloud_node/points_decim_1,Cloudini 0p1,209,0.253426,4263,4922,6,1.52056,
/os_cloud_node/points_decim_1,Cloudini 0p1,210,0.252401,4324,4895,6,1.51441,
/os_cloud_node/points_decim_1,Cloudini 0p1,211,0.252425,4215,4867,6,1.51455,
/os_cloud_node/points_decim_1,Cloudini 0p1,212,0.252282,4309,4868,6,1.51369,
/os_cloud_node/points_decim_1,Cloudini 0p1,213,0.2517,4390,4985,6,1.5102,
/os_cloud_node/points_decim_1,Cloudini 0p1,214,0.251587,4461,4886,6,1.50952,
/os_cloud_node/points_decim_1,Cloudini 0p1,215,0.252317,4381,4965,6,1.5139,
/os_cloud_node/points_decim_1,Cloudini 0p1,216,0.251863,4319,4918,6,1.51118,
/os_cloud_node/points_decim_1,Cloudini 0p1,217,0.252478,4359,4961,6,1.51487,
/os_cloud_node/points_decim_1,Cloudini 0p1,218,0.253519,4366,5010,6,1.52112,
/os_cloud_node/points_decim_1,Cloudini 0p1,219,0.252957,4263,4864,6,1.51774,
/os_cloud_node/points_decim_1,Cloudini 0p1,220,0.251934,4287,4872,6,1.5116,
/os_cloud_node/points_decim_1,Cloudini 0p1,221,0.253543,4288,4903,6,1.52126,
/os_cloud_node/points_decim_1,Cloudini 0p1,222,0.255838,4436,5069,6,1.53503,
/os_cloud_node/points_decim_1,Cloudini 0p1,223,0.257306,4237,4992,6,1.54383,
/os_cloud_node/points_decim_1,Cloudini 0p1,224,0.258727,4248,4868,6,1.55236,
/os_cloud_node/points_decim_1,Cloudini 0p1,225,0.263138,4259,4868,6,1.57883,
/os_cloud_node/points_decim_1,Cloudini 0p1,226,0.267663,4357,4945,6,1.60598,
/os_cloud_node/points_decim_1,Cloudini 0p1,227,0.272528,4283,4979,6,1.63517,
/os_cloud_node/points_decim_1,Cloudini 0p1,228,0.275404,4208,4948,6,1.65242,
/os_cloud_node/points_decim_1,Cloudini 0p1,229,0.276287,4251,4904,6,1.65772,
/os_cloud_node/points_decim_1,Cloudini 0p1,230,0.276652,4252,4949,6,1.65991,
/os_cloud_node/points_decim_1,Cloudini 0p1,231,0.276569,4425,4920,6,1.65941,
/os_cloud_node/points_decim_1,Cloudini 0p1,232,0.276754,4250,4851,6,1.66053,
/os_cloud_node/points_decim_1,Cloudini 0p1,233,0.277037,4331,5023,6,1.66222,
/os_cloud_node/points_decim_1,Cloudini 0p1,234,0.276456,4223,4911,6,1.65873,
/os_cloud_node/points_decim_1,Cloudini 0p1,235,0.275978,4268,4916,6,1.65587,
/os_cloud_node/points_decim_1,Cloudini 0p1,236,0.27497,4237,4926,6,1.64982,
/os_cloud_node/points_decim_1,Cloudini 0p1,237,0.27459,4211,4888,6,1.64754,
/os_cloud_node/points_decim_1,Cloudini 0p2,0,0.270646,4420,5028,6,1.62388,
/os_cloud_node/points_decim_1,Cloudini 0p2,1,0.270721,4415,4990,6,1.62433,
/os_cloud_node/points_decim_1,Cloudini 0p2,2,0.270747,4376,4990,6,1.62448,
/os_cloud_node/points_decim_1,Cloudini 0p2,3,0.270949,4476,5065,6,1.62569,
/os_cloud_node/points_decim_1,Cloudini 0p2,4,0.271541,4414,5069,6,1.62925,
/os_cloud_node/points_decim_1,Cloudini 0p2,5,0.271562,4462,4980,6,1.62937,
/os_cloud_node/points_decim_1,Cloudini 0p2,6,0.272056,4385,5012,6,1.63234,
/os_cloud_node/points_decim_1,Cloudini 0p2,7,0.273206,4470,5115,6,1.63924,
/os_cloud_node/points_decim_1,Cloudini 0p2,8,0.273494,4668,4936,6,1.64096,
/os_cloud_node/points_decim_1,Cloudini 0p2,9,0.274213,4387,4988,6,1.64528,
/os_cloud_node/points_decim_1,Cloudini 0p2,10,0.273782,4413,5000,6,1.64269,
/os_cloud_node/points_decim_1,Cloudini 0p2,11,0.273919,4363,4998,6,1.64352,
/os_cloud_node/points_decim_1,Cloudini 0p2,12,0.273643,4469,5071,6,1.64186,
/os_cloud_node/points_decim_1,Cloudini 0p2,13,0.271727,4471,5004,6,1.63036,
/os_cloud_node/points_decim_1,Cloudini 0p2,14,0.267145,4409,5112,6,1.60287,
/os_cloud_node/points_decim_1,Cloudini 0p2,15,0.261186,4441,4950,6,1.56712,
/os_cloud_node/points_decim_1,Cloudini 0p2,16,0.255844,4353,4859,6,1.53507,
/os_cloud_node/points_decim_1,Cloudini 0p2,17,0.252933,4204,4783,6,1.5176,
/os_cloud_node/points_decim_1,Cloudini 0p2,18,0.251297,4174,4781,6,1.50778,
/os_cloud_node/points_decim_1,Cloudini 0p2,19,0.251174,4100,4803,6,1.50705,
/os_cloud_node/points_decim_1,Cloudini 0p2,20,0.25128,4209,4813,6,1.50768,
/os_cloud_node/points_decim_1,Cloudini 0p2,21,0.251856,4278,4786,6,1.51114,
/os_cloud_node/points_decim_1,Cloudini 0p2,22,0.251635,4301,4736,6,1.50981,
/os_cloud_node/points_decim_1,Cloudini 0p2,23,0.251628,4197,4859,6,1.50977,
/os_cloud_node/points_decim_1,Cloudini 0p2,24,0.251501,4334,4844,6,1.509,
/os_cloud_node/points_decim_1,Cloudini 0p2,25,0.252202,4238,4864,6,1.51321,
/os_cloud_node/points_decim_1,Cloudini 0p2,26,0.252694,4241,4962,6,1.51616,
/os_cloud_node/points_decim_1,Cloudini 0p2,27,0.253352,4365,4911,6,1.52011,
/os_cloud_node/points_decim_1,Cloudini 0p2,28,0.253664,4332,4990,6,1.52198,
/os_cloud_node/points_decim_1,Cloudini 0p2,29,0.253914,4319,4889,6,1.52349,
/os_cloud_node/points_decim_1,Cloudini 0p2,30,0.253722,4356,4886,6,1.52233,
/os_cloud_node/points_decim_1,Cloudini 0p2,31,0.253336,4340,4996,6,1.52002,
/os_cloud_node/points_decim_1,Cloudini 0p2,32,0.250488,4250,4875,6,1.50293,
/os_cloud_node/points_decim_1,Cloudini 0p2,33,0.247459,4373,5021,6,1.48475,
/os_cloud_node/points_decim_1,Cloudini 0p2,34,0.247181,4463,5032,6,1.48308,
/os_cloud_node/points_decim_1,Cloudini 0p2,35,0.248018,4238,4900,6,1.48811,
/os_cloud_node/points_decim_1,Cloudini 0p2,36,0.248164,4298,4950,6,1.48899,
/os_cloud_node/points_decim_1,Cloudini 0p2,37,0.247901,4363,4867,6,1.48741,
/os_cloud_node/points_decim_1,Cloudini 0p2,38,0.247823,4370,4906,6,1.48694,
/os_cloud_node/points_decim_1,Cloudini 0p2,39,0.248158,4353,4879,6,1.48895,
/os_cloud_node/points_decim_1,Cloudini 0p2,40,0.248009,5830,5076,6,1.48805,
/os_cloud_node/points_decim_1,Cloudini 0p2,41,0.247226,4313,4936,6,1.48336,
/os_cloud_node/points_decim_1,Cloudini 0p2,42,0.247103,4272,4947,6,1.48262,
/os_cloud_node/points_decim_1,Cloudini 0p2,43,0.247055,4293,4864,6,1.48233,
/os_cloud_node/points_decim_1,Cloudini 0p2,44,0.246906,4207,4854,6,1.48144,
/os_cloud_node/points_decim_1,Cloudini 0p2,45,0.247233,4427,5019,6,1.4834,
/os_cloud_node/points_decim_1,Cloudini 0p2,46,0.247153,4122,4916,6,1.48292,
/os_cloud_node/points_decim_1,Cloudini 0p2,47,0.246142,4182,4915,6,1.47685,
/os_cloud_node/points_decim_1,Cloudini 0p2,48,0.246795,4289,4832,6,1.48077,
/os_cloud_node/points_decim_1,Cloudini 0p2,49,0.246658,4299,4848,6,1.47995,
/os_cloud_node/points_decim_1,Cloudini 0p2,50,0.245121,4189,4860,6,1.47072,
/os_cloud_node/points_decim_1,Cloudini 0p2,51,0.244722,4264,4909,6,1.46833,
/os_cloud_node/points_decim_1,Cloudini 0p2,52,0.243893,4172,4871,6,1.46336,
/os_cloud_node/points_decim_1,Cloudini 0p2,53,0.242478,4197,4911,6,1.45487,
/os_cloud_node/points_decim_1,Cloudini 0p2,54,0.241923,4248,4824,6,1.45154,
/os_cloud_node/points_decim_1,Cloudini 0p2,55,0.241581,4207,4815,6,1.44948,
/os_cloud_node/points_decim_1,Cloudini 0p2,56,0.240958,4179,4817,6,1.44575,
/os_cloud_node/points_decim_1,Cloudini 0p2,57,0.241038,4196,4875,6,1.44623,
/os_cloud_node/points_decim_1,Cloudini 0p2,58,0.24186,4311,4832,6,1.45116,
/os_cloud_node/points_decim_1,Cloudini 0p2,59,0.242865,4294,4950,6,1.45719,
/os_cloud_node/points_decim_1,Cloudini 0p2,60,0.243703,4315,4914,6,1.46222,
/os_cloud_node/points_decim_1,Cloudini 0p2,61,0.243676,4285,4976,6,1.46206,
/os_cloud_node/points_decim_1,Cloudini 0p2,62,0.244463,4428,4918,6,1.46678,
/os_cloud_node/points_decim_1,Cloudini 0p2,63,0.24462,4512,5054,6,1.46772,
/os_cloud_node/points_decim_1,Cloudini 0p2,64,0.244009,4381,4877,6,1.46405,
/os_cloud_node/points_decim_1,Cloudini 0p2,65,0.243747,4373,4930,6,1.46248,
/os_cloud_node/points_decim_1,Cloudini 0p2,66,0.243182,4224,5008,6,1.45909,
/os_cloud_node/points_decim_1,Cloudini 0p2,67,0.242659,4161,4859,6,1.45596,
/os_cloud_node/points_decim_1,Cloudini 0p2,68,0.24206,4245,4991,6,1.45236,
/os_cloud_node/points_decim_1,Cloudini 0p2,69,0.241236,4201,4862,6,1.44742,
/os_cloud_node/points_decim_1,Cloudini 0p2,70,0.241425,4232,4941,6,1.44855,
/os_cloud_node/points_decim_1,Cloudini 0p2,71,0.241651,4238,4848,6,1.44991,
/os_cloud_node/points_decim_1,Cloudini 0p2,72,0.242111,4262,4921,6,1.45267,
/os_cloud_node/points_decim_1,Cloudini 0p2,73,0.24252,4088,4822,6,1.45512,
/os_cloud_node/points_decim_1,Cloudini 0p2,74,0.243553,4191,4838,6,1.46132,
/os_cloud_node/points_decim_1,Cloudini 0p2,75,0.243702,4279,4933,6,1.46221,
/os_cloud_node/points_decim_1,Cloudini 0p2,76,0.244247,4261,4932,6,1.46548,
/os_cloud_node/points_decim_1,Cloudini 0p2,77,0.245433,4420,4897,6,1.4726,
/os_cloud_node/points_decim_1,Cloudini 0p2,78,0.244753,4200,4886,6,1.46852,
/os_cloud_node/points_decim_1,Cloudini 0p2,79,0.244821,4231,4873,6,1.46893,
/os_cloud_node/points_decim_1,Cloudini 0p2,80,0.245696,4460,4950,6,1.47418,
/os_cloud_node/points_decim_1,Cloudini 0p2,81,0.244964,4341,4982,6,1.46979,
/os_cloud_node/points_decim_1,Cloudini 0p2,82,0.244323,4284,4955,6,1.46594,
/os_cloud_node/points_decim_1,Cloudini 0p2,83,0.245646,4388,4923,6,1.47388,
/os_cloud_node/points_decim_1,Cloudini 0p2,84,0.245639,4329,4989,6,1.47383,
/os_cloud_node/points_decim_1,Cloudini 0p2,85,0.245305,4306,4910,6,1.47183,
/os_cloud_node/points_decim_1,Cloudini 0p2,86,0.244408,4291,4885,6,1.46645,
/os_cloud_node/points_decim_1,Cloudini 0p2,87,0.244675,4274,4881,6,1.46805,
/os_cloud_node/points_decim_1,Cloudini 0p2,88,0.244387,4427,4929,6,1.46632,
/os_cloud_node/points_decim_1,Cloudini 0p2,89,0.245193,4306,5006,6,1.47116,
/os_cloud_node/points_decim_1,Cloudini 0p2,90,0.244733,4205,4920,6,1.4684,
/os_cloud_node/points_decim_1,Cloudini 0p2,91,0.244647,4265,4810,6,1.46788,
/os_cloud_node/points_decim_1,Cloudini 0p2,92,0.245392,4237,4819,6,1.47235,
/os_cloud_node/points_decim_1,Cloudini 0p2,93,0.245007,4288,4803,6,1.47004,
/os_cloud_node/points_decim_1,Cloudini 0p2,94,0.244512,4366,5092,6,1.46707,
/os_cloud_node/points_decim_1,Cloudini 0p2,95,0.245374,4160,4868,6,1.47224,
/os_cloud_node/points_decim_1,Cloudini 0p2,96,0.244321,4195,4888,6,1.46592,
/os_cloud_node/points_decim_1,Cloudini 0p2,97,0.24391,4188,4877,6,1.46346,
/os_cloud_node/points_decim_1,Cloudini 0p2,98,0.244879,4349,4924,6,1.46927,
/os_cloud_node/points_decim_1,Cloudini 0p2,99,0.244776,4491,4995,6,1.46865,
/os_cloud_node/points_decim_1,Cloudini 0p2,100,0.245173,4375,4837,6,1.47104,
/os_cloud_node/points_decim_1,Cloudini 0p2,101,0.245193,4352,4885,6,1.47116,
/os_cloud_node/points_decim_1,Cloudini 0p2,102,0.243939,4314,4850,6,1.46363,
/os_cloud_node/points_decim_1,Cloudini 0p2,103,0.245533,4392,5016,6,1.4732,
/os_cloud_node/points_decim_1,Cloudini 0p2,104,0.245923,4439,4951,6,1.47554,
/os_cloud_node/points_decim_1,Cloudini 0p2,105,0.245003,4407,4936,6,1.47002,
/os_cloud_node/points_decim_1,Cloudini 0p2,106,0.244914,4360,4885,6,1.46948,
/os_cloud_node/points_decim_1,Cloudini 0p2,107,0.243649,4287,4889,6,1.46189,
/os_cloud_node/points_decim_1,Cloudini 0p2,108,0.24287,4393,4913,6,1.45722,
/os_cloud_node/points_decim_1,Cloudini 0p2,109,0.242969,4386,4885,6,1.45781,
/os_cloud_node/points_decim_1,Cloudini 0p2,110,0.243666,4345,4967,6,1.462,
/os_cloud_node/points_decim_1,Cloudini 0p2,111,0.245673,4343,4976,6,1.47404,
/os_cloud_node/points_decim_1,Cloudini 0p2,112,0.247151,4336,4929,6,1.48291,
/os_cloud_node/points_decim_1,Cloudini 0p2,113,0.246261,4303,4942,6,1.47757,
/os_cloud_node/points_decim_1,Cloudini 0p2,114,0.245653,4335,4995,6,1.47392,
/os_cloud_node/points_decim_1,Cloudini 0p2,115,0.245719,4323,4938,6,1.47431,
/os_cloud_node/points_decim_1,Cloudini 0p2,116,0.245208,4267,4839,6,1.47125,
/os_cloud_node/points_decim_1,Cloudini 0p2,117,0.245348,4228,4945,6,1.47209,
/os_cloud_node/points_decim_1,Cloudini 0p2,118,0.24651,4380,4956,6,1.47906,
/os_cloud_node/points_decim_1,Cloudini 0p2,119,0.246435,4354,5031,6,1.47861,
/os_cloud_node/points_decim_1,Cloudini 0p2,120,0.245944,4312,4895,6,1.47567,
/os_cloud_node/points_decim_1,Cloudini 0p2,121,0.245703,4318,4848,6,1.47422,
/os_cloud_node/points_decim_1,Cloudini 0p2,122,0.245264,4468,5018,6,1.47158,
/os_cloud_node/points_decim_1,Cloudini 0p2,123,0.244866,4466,4896,6,1.46919,
/os_cloud_node/points_decim_1,Cloudini 0p2,124,0.244677,4425,5047,6,1.46806,
/os_cloud_node/points_decim_1,Cloudini 0p2,125,0.244762,4373,4915,6,1.46857,
/os_cloud_node/points_decim_1,Cloudini 0p2,126,0.243619,4346,4903,6,1.46171,
/os_cloud_node/points_decim_1,Cloudini 0p2,127,0.244636,4410,4898,6,1.46781,
/os_cloud_node/points_decim_1,Cloudini 0p2,128,0.244276,4430,4895,6,1.46566,
/os_cloud_node/points_decim_1,Cloudini 0p2,129,0.243992,4412,4916,6,1.46395,
/os_cloud_node/points_decim_1,Cloudini 0p2,130,0.243913,4399,4910,6,1.46348,
/os_cloud_node/points_decim_1,Cloudini 0p2,131,0.243805,4256,4891,6,1.46283,
/os_cloud_node/points_decim_1,Cloudini 0p2,132,0.243344,4301,4889,6,1.46007,
/os_cloud_node/points_decim_1,Cloudini 0p2,133,0.244227,4469,4895,6,1.46536,
/os_cloud_node/points_decim_1,Cloudini 0p2,134,0.244696,4261,4891,6,1.46818,
/os_cloud_node/points_decim_1,Cloudini 0p2,135,0.244782,4352,4914,6,1.46869,
/os_cloud_node/points_decim_1,Cloudini 0p2,136,0.245327,4389,5002,6,1.47196,
/os_cloud_node/points_decim_1,Cloudini 0p2,137,0.246398,4336,4948,6,1.47839,
/os_cloud_node/points_decim_1,Cloudini 0p2,138,0.246432,4443,4888,6,1.47859,
/os_cloud_node/points_decim_1,Cloudini 0p2,139,0.247893,4356,4917,6,1.48736,
/os_cloud_node/points_decim_1,Cloudini 0p2,140,0.248554,4325,4873,6,1.49132,
/os_cloud_node/points_decim_1,Cloudini 0p2,141,0.247831,4397,4896,6,1.48699,
/os_cloud_node/points_decim_1,Cloudini 0p2,142,0.247452,4410,4921,6,1.48471,
/os_cloud_node/points_decim_1,Cloudini 0p2,143,0.246218,4279,4917,6,1.47731,
/os_cloud_node/points_decim_1,Cloudini 0p2,144,0.247416,4310,4919,6,1.4845,
/os_cloud_node/points_decim_1,Cloudini 0p2,145,0.247428,4320,4968,6,1.48457,
/os_cloud_node/points_decim_1,Cloudini 0p2,146,0.247827,4513,5010,6,1.48696,
/os_cloud_node/points_decim_1,Cloudini 0p2,147,0.247507,4414,5130,6,1.48504,
/os_cloud_node/points_decim_1,Cloudini 0p2,148,0.245653,4397,4925,6,1.47392,
/os_cloud_node/points_decim_1,Cloudini 0p2,149,0.244213,4465,4984,6,1.46528,
/os_cloud_node/points_decim_1,Cloudini 0p2,150,0.243222,4399,4838,6,1.45933,
/os_cloud_node/points_decim_1,Cloudini 0p2,151,0.243585,4429,4909,6,1.46151,
/os_cloud_node/points_decim_1,Cloudini 0p2,152,0.244769,4312,5023,6,1.46861,
/os_cloud_node/points_decim_1,Cloudini 0p2,153,0.246232,4348,4943,6,1.47739,
/os_cloud_node/points_decim_1,Cloudini 0p2,154,0.247831,4509,5047,6,1.48699,
/os_cloud_node/points_decim_1,Cloudini 0p2,155,0.24747,4331,4952,6,1.48482,
/os_cloud_node/points_decim_1,Cloudini 0p2,156,0.247063,4376,4934,6,1.48238,
/os_cloud_node/points_decim_1,Cloudini 0p2,157,0.246172,4303,4943,6,1.47703,
/os_cloud_node/points_decim_1,Cloudini 0p2,158,0.24616,4265,4879,6,1.47696,
/os_cloud_node/points_decim_1,Cloudini 0p2,159,0.246131,4279,4903,6,1.47679,
/os_cloud_node/points_decim_1,Cloudini 0p2,160,0.246253,4285,4924,6,1.47752,
/os_cloud_node/points_decim_1,Cloudini 0p2,161,0.246095,4359,4854,6,1.47657,
/os_cloud_node/points_decim_1,Cloudini 0p2,162,0.244756,4360,4976,6,1.46854,
/os_cloud_node/points_decim_1,Cloudini 0p2,163,0.244883,4336,4884,6,1.4693,
/os_cloud_node/points_decim_1,Cloudini 0p2,164,0.244186,4397,4926,6,1.46512,
/os_cloud_node/points_decim_1,Cloudini 0p2,165,0.244117,4214,4887,6,1.4647,
/os_cloud_node/points_decim_1,Cloudini 0p2,166,0.243548,4399,4897,6,1.46129,
/os_cloud_node/points_decim_1,Cloudini 0p2,167,0.244225,4443,4967,6,1.46535,
/os_cloud_node/points_decim_1,Cloudini 0p2,168,0.244849,4489,5013,6,1.46909,
/os_cloud_node/points_decim_1,Cloudini 0p2,169,0.245521,4360,5113,6,1.47313,
/os_cloud_node/points_decim_1,Cloudini 0p2,170,0.245966,4355,5027,6,1.47579,
/os_cloud_node/points_decim_1,Cloudini 0p2,171,0.245779,4436,4857,6,1.47468,
/os_cloud_node/points_decim_1,Cloudini 0p2,172,0.245756,4444,4933,6,1.47454,
/os_cloud_node/points_decim_1,Cloudini 0p2,173,0.245615,4425,4921,6,1.47369,
/os_cloud_node/points_decim_1,Cloudini 0p2,174,0.245733,4426,5089,6,1.4744,
/os_cloud_node/points_decim_1,Cloudini 0p2,175,0.246304,4341,4940,6,1.47782,
/os_cloud_node/points_decim_1,Cloudini 0p2,176,0.247021,4439,5007,6,1.48213,
/os_cloud_node/points_decim_1,Cloudini 0p2,177,0.247213,4474,5065,6,1.48328,
/os_cloud_node/points_decim_1,Cloudini 0p2,178,0.247481,4429,4994,6,1.48488,
/os_cloud_node/points_decim_1,Cloudini 0p2,179,0.246918,4307,5054,6,1.48151,
/os_cloud_node/points_decim_1,Cloudini 0p2,180,0.246961,4274,4905,6,1.48177,
/os_cloud_node/points_decim_1,Cloudini 0p2,181,0.24551,4349,4877,6,1.47306,
/os_cloud_node/points_decim_1,Cloudini 0p2,182,0.244741,4346,4887,6,1.46845,
/os_cloud_node/points_decim_1,Cloudini 0p2,183,0.2444,4298,5025,6,1.4664,
/os_cloud_node/points_decim_1,Cloudini 0p2,184,0.243374,4211,4983,6,1.46025,
/os_cloud_node/points_decim_1,Cloudini 0p2,185,0.24397,4337,4918,6,1.46382,
/os_cloud_node/points_decim_1,Cloudini 0p2,186,0.244115,4210,4839,6,1.46469,
/os_cloud_node/points_decim_1,Cloudini 0p2,187,0.243288,4286,4892,6,1.45973,
/os_cloud_node/points_decim_1,Cloudini 0p2,188,0.244217,4307,5037,6,1.4653,
/os_cloud_node/points_decim_1,Cloudini 0p2,189,0.244448,4214,4843,6,1.46669,
/os_cloud_node/points_decim_1,Cloudini 0p2,190,0.245491,4347,4875,6,1.47295,
/os_cloud_node/points_decim_1,Cloudini 0p2,191,0.245689,4252,4885,6,1.47413,
/os_cloud_node/points_decim_1,Cloudini 0p2,192,0.244873,4067,4887,6,1.46924,
/os_cloud_node/points_decim_1,Cloudini 0p2,193,0.244392,4126,5341,6,1.46635,
/os_cloud_node/points_decim_1,Cloudini 0p2,194,0.244542,4287,4884,6,1.46725,
/os_cloud_node/points_decim_1,Cloudini 0p2,195,0.243707,4307,4953,6,1.46224,
/os_cloud_node/points_decim_1,Cloudini 0p2,196,0.243361,4357,4996,6,1.46016,
/os_cloud_node/points_decim_1,Cloudini 0p2,197,0.243319,4284,4913,6,1.45992,
/os_cloud_node/points_decim_1,Cloudini 0p2,198,0.24361,4378,5015,6,1.46166,
/os_cloud_node/points_decim_1,Cloudini 0p2,199,0.24388,4294,4947,6,1.46328,
/os_cloud_node/points_decim_1,Cloudini 0p2,200,0.243111,4156,4868,6,1.45867,
/os_cloud_node/points_decim_1,Cloudini 0p2,201,0.243057,4318,4852,6,1.45834,
/os_cloud_node/points_decim_1,Cloudini 0p2,202,0.244058,4227,4843,6,1.46435,
/os_cloud_node/points_decim_1,Cloudini 0p2,203,0.244746,4271,4823,6,1.46847,
/os_cloud_node/points_decim_1,Cloudini 0p2,204,0.245465,4271,4843,6,1.47279,
/os_cloud_node/points_decim_1,Cloudini 0p2,205,0.246584,4277,4916,6,1.4795,
/os_cloud_node/points_decim_1,Cloudini 0p2,206,0.248098,4237,4869,6,1.48859,
/os_cloud_node/points_decim_1,Cloudini 0p2,207,0.249396,4302,4899,6,1.49638,
/os_cloud_node/points_decim_1,Cloudini 0p2,208,0.249202,4320,4922,6,1.49521,
/os_cloud_node/points_decim_1,Cloudini 0p2,209,0.249445,4386,4913,6,1.49667,
/os_cloud_node/points_decim_1,Cloudini 0p2,210,0.248391,4323,4926,6,1.49035,
/os_cloud_node/points_decim_1,Cloudini 0p2,211,0.248407,4310,4890,6,1.49044,
/os_cloud_node/points_decim_1,Cloudini 0p2,212,0.24826,4358,4910,6,1.48956,
/os_cloud_node/points_decim_1,Cloudini 0p2,213,0.247574,4284,4976,6,1.48545,
/os_cloud_node/points_decim_1,Cloudini 0p2,214,0.247301,4311,4982,6,1.48381,
/os_cloud_node/points_decim_1,Cloudini 0p2,215,0.248036,4356,4877,6,1.48821,
/os_cloud_node/points_decim_1,Cloudini 0p2,216,0.247547,4347,4911,6,1.48528,
/os_cloud_node/points_decim_1,Cloudini 0p2,217,0.248445,4301,4916,6,1.49067,
/os_cloud_node/points_decim_1,Cloudini 0p2,218,0.249469,4403,4820,6,1.49681,
/os_cloud_node/points_decim_1,Cloudini 0p2,219,0.248831,4255,4887,6,1.49299,
/os_cloud_node/points_decim_1,Cloudini 0p2,220,0.247701,4201,4890,6,1.48621,
/os_cloud_node/points_decim_1,Cloudini 0p2,221,0.249504,4361,4922,6,1.49702,
/os_cloud_node/points_decim_1,Cloudini 0p2,222,0.251953,4220,4853,6,1.51172,
/os_cloud_node/points_decim_1,Cloudini 0p2,223,0.253362,4238,4855,6,1.52017,
/os_cloud_node/points_decim_1,Cloudini 0p2,224,0.254872,4164,4891,6,1.52923,
/os_cloud_node/points_decim_1,Cloudini 0p2,225,0.259578,4326,4869,6,1.55747,
/os_cloud_node/points_decim_1,Cloudini 0p2,226,0.264381,4433,4967,6,1.58629,
/os_cloud_node/points_decim_1,Cloudini 0p2,227,0.269627,4500,5095,6,1.61776,
/os_cloud_node/points_decim_1,Cloudini 0p2,228,0.272688,4378,5026,6,1.63613,
/os_cloud_node/points_decim_1,Cloudini 0p2,229,0.273677,4526,4952,6,1.64206,
/os_cloud_node/points_decim_1,Cloudini 0p2,230,0.274095,4367,4985,6,1.64457,
/os_cloud_node/points_decim_1,Cloudini 0p2,231,0.273991,4582,5141,6,1.64394,
/os_cloud_node/points_decim_1,Cloudini 0p2,232,0.274201,4446,4974,6,1.6452,
/os_cloud_node/points_decim_1,Cloudini 0p2,233,0.274492,4423,5155,6,1.64695,
/os_cloud_node/points_decim_1,Cloudini 0p2,234,0.273913,4565,4990,6,1.64348,
/os_cloud_node/points_decim_1,Cloudini 0p2,235,0.273437,4526,5038,6,1.64062,
/os_cloud_node/points_decim_1,Cloudini 0p2,236,0.272363,4439,4989,6,1.63418,
/os_cloud_node/points_decim_1,Cloudini 0p2,237,0.271939,4327,4937,6,1.63163,
/os_cloud_node/points_decim_1,Cloudini 0p5,0,0.264885,4617,5034,6,1.58931,
/os_cloud_node/points_decim_1,Cloudini 0p5,1,0.264967,4630,5041,6,1.5898,
/os_cloud_node/points_decim_1,Cloudini 0p5,2,0.264972,4439,5055,6,1.58983,
/os_cloud_node/points_decim_1,Cloudini 0p5,3,0.265199,4518,5169,6,1.5912,
/os_cloud_node/points_decim_1,Cloudini 0p5,4,0.26573,4489,5056,6,1.59438,
/os_cloud_node/points_decim_1,Cloudini 0p5,5,0.265723,4469,5041,6,1.59434,
/os_cloud_node/points_decim_1,Cloudini 0p5,6,0.266189,4460,5080,6,1.59714,
/os_cloud_node/points_decim_1,Cloudini 0p5,7,0.267335,4685,5247,6,1.60401,
/os_cloud_node/points_decim_1,Cloudini 0p5,8,0.267587,4530,5109,6,1.60552,
/os_cloud_node/points_decim_1,Cloudini 0p5,9,0.268335,4543,5079,6,1.61001,
/os_cloud_node/points_decim_1,Cloudini 0p5,10,0.267864,4517,5086,6,1.60719,
/os_cloud_node/points_decim_1,Cloudini 0p5,11,0.267984,4553,5240,6,1.6079,
/os_cloud_node/points_decim_1,Cloudini 0p5,12,0.26758,4622,5099,6,1.60548,
/os_cloud_node/points_decim_1,Cloudini 0p5,13,0.265329,4562,5104,6,1.59197,
/os_cloud_node/points_decim_1,Cloudini 0p5,14,0.260832,4423,5027,6,1.56499,
/os_cloud_node/points_decim_1,Cloudini 0p5,15,0.255546,4283,5006,6,1.53328,
/os_cloud_node/points_decim_1,Cloudini 0p5,16,0.25085,4201,4891,6,1.5051,
/os_cloud_node/points_decim_1,Cloudini 0p5,17,0.248374,4056,4744,6,1.49024,
/os_cloud_node/points_decim_1,Cloudini 0p5,18,0.246818,4015,4705,6,1.48091,
/os_cloud_node/points_decim_1,Cloudini 0p5,19,0.246667,3918,4735,6,1.48,
/os_cloud_node/points_decim_1,Cloudini 0p5,20,0.246575,3969,4704,6,1.47945,
/os_cloud_node/points_decim_1,Cloudini 0p5,21,0.246925,3986,4766,6,1.48155,
/os_cloud_node/points_decim_1,Cloudini 0p5,22,0.246736,4039,4746,6,1.48042,
/os_cloud_node/points_decim_1,Cloudini 0p5,23,0.246723,4188,4707,6,1.48034,
/os_cloud_node/points_decim_1,Cloudini 0p5,24,0.246568,4060,4785,6,1.47941,
/os_cloud_node/points_decim_1,Cloudini 0p5,25,0.24716,4122,4856,6,1.48296,
/os_cloud_node/points_decim_1,Cloudini 0p5,26,0.247621,4074,4739,6,1.48573,
/os_cloud_node/points_decim_1,Cloudini 0p5,27,0.248268,4063,4767,6,1.48961,
/os_cloud_node/points_decim_1,Cloudini 0p5,28,0.248522,4045,4755,6,1.49113,
/os_cloud_node/points_decim_1,Cloudini 0p5,29,0.24872,4140,4801,6,1.49232,
/os_cloud_node/points_decim_1,Cloudini 0p5,30,0.24845,4129,4768,6,1.4907,
/os_cloud_node/points_decim_1,Cloudini 0p5,31,0.247997,4123,4886,6,1.48798,
/os_cloud_node/points_decim_1,Cloudini 0p5,32,0.244993,4028,4811,6,1.46996,
/os_cloud_node/points_decim_1,Cloudini 0p5,33,0.241626,4077,4849,6,1.44976,
/os_cloud_node/points_decim_1,Cloudini 0p5,34,0.241217,4010,4747,6,1.4473,
/os_cloud_node/points_decim_1,Cloudini 0p5,35,0.242342,4115,4708,6,1.45405,
/os_cloud_node/points_decim_1,Cloudini 0p5,36,0.242586,3993,4713,6,1.45551,
/os_cloud_node/points_decim_1,Cloudini 0p5,37,0.242366,4097,4719,6,1.4542,
/os_cloud_node/points_decim_1,Cloudini 0p5,38,0.242235,4120,4774,6,1.45341,
/os_cloud_node/points_decim_1,Cloudini 0p5,39,0.242353,4036,4812,6,1.45412,
/os_cloud_node/points_decim_1,Cloudini 0p5,40,0.242238,4214,4775,6,1.45343,
/os_cloud_node/points_decim_1,Cloudini 0p5,41,0.241607,3977,4687,6,1.44964,
/os_cloud_node/points_decim_1,Cloudini 0p5,42,0.241542,4035,4731,6,1.44925,
/os_cloud_node/points_decim_1,Cloudini 0p5,43,0.241718,4000,4689,6,1.45031,
/os_cloud_node/points_decim_1,Cloudini 0p5,44,0.241512,3978,4739,6,1.44907,
/os_cloud_node/points_decim_1,Cloudini 0p5,45,0.241873,4028,4912,6,1.45124,
/os_cloud_node/points_decim_1,Cloudini 0p5,46,0.241775,3950,4675,6,1.45065,
/os_cloud_node/points_decim_1,Cloudini 0p5,47,0.240981,3860,4653,6,1.44589,
/os_cloud_node/points_decim_1,Cloudini 0p5,48,0.241556,3976,4706,6,1.44934,
/os_cloud_node/points_decim_1,Cloudini 0p5,49,0.24126,3958,4708,6,1.44756,
/os_cloud_node/points_decim_1,Cloudini 0p5,50,0.239826,3871,4651,6,1.43896,
/os_cloud_node/points_decim_1,Cloudini 0p5,51,0.239592,3983,4652,6,1.43755,
/os_cloud_node/points_decim_1,Cloudini 0p5,52,0.238719,3829,4625,6,1.43232,
/os_cloud_node/points_decim_1,Cloudini 0p5,53,0.237113,3789,4591,6,1.42268,
/os_cloud_node/points_decim_1,Cloudini 0p5,54,0.236524,3878,4693,6,1.41914,
/os_cloud_node/points_decim_1,Cloudini 0p5,55,0.236163,3744,4587,6,1.41698,
/os_cloud_node/points_decim_1,Cloudini 0p5,56,0.23557,3732,4630,6,1.41342,
/os_cloud_node/points_decim_1,Cloudini 0p5,57,0.235451,3711,4587,6,1.41271,
/os_cloud_node/points_decim_1,Cloudini 0p5,58,0.235947,3809,4656,6,1.41568,
/os_cloud_node/points_decim_1,Cloudini 0p5,59,0.236866,3782,4633,6,1.4212,
/os_cloud_node/points_decim_1,Cloudini 0p5,60,0.237334,3853,4632,6,1.424,
/os_cloud_node/points_decim_1,Cloudini 0p5,61,0.237463,3995,4651,6,1.42478,
/os_cloud_node/points_decim_1,Cloudini 0p5,62,0.238461,4019,4786,6,1.43076,
/os_cloud_node/points_decim_1,Cloudini 0p5,63,0.238663,4019,4677,6,1.43198,
/os_cloud_node/points_decim_1,Cloudini 0p5,64,0.238204,4056,4694,6,1.42922,
/os_cloud_node/points_decim_1,Cloudini 0p5,65,0.238064,3930,4696,6,1.42839,
/os_cloud_node/points_decim_1,Cloudini 0p5,66,0.237268,4033,4792,6,1.42361,
/os_cloud_node/points_decim_1,Cloudini 0p5,67,0.236743,3781,4618,6,1.42046,
/os_cloud_node/points_decim_1,Cloudini 0p5,68,0.236077,3945,4661,6,1.41646,
/os_cloud_node/points_decim_1,Cloudini 0p5,69,0.235364,3789,4613,6,1.41218,
/os_cloud_node/points_decim_1,Cloudini 0p5,70,0.235583,3906,4698,6,1.4135,
/os_cloud_node/points_decim_1,Cloudini 0p5,71,0.235858,3960,4679,6,1.41515,
/os_cloud_node/points_decim_1,Cloudini 0p5,72,0.236361,4011,4653,6,1.41817,
/os_cloud_node/points_decim_1,Cloudini 0p5,73,0.23686,3736,4582,6,1.42116,
/os_cloud_node/points_decim_1,Cloudini 0p5,74,0.237799,3871,4666,6,1.42679,
/os_cloud_node/points_decim_1,Cloudini 0p5,75,0.237984,3859,4677,6,1.4279,
/os_cloud_node/points_decim_1,Cloudini 0p5,76,0.238395,3810,4692,6,1.43037,
/os_cloud_node/points_decim_1,Cloudini 0p5,77,0.239497,4113,4669,6,1.43698,
/os_cloud_node/points_decim_1,Cloudini 0p5,78,0.238779,3764,4650,6,1.43268,
/os_cloud_node/points_decim_1,Cloudini 0p5,79,0.23873,3910,4632,6,1.43238,
/os_cloud_node/points_decim_1,Cloudini 0p5,80,0.239402,3865,4728,6,1.43641,
/os_cloud_node/points_decim_1,Cloudini 0p5,81,0.238547,3900,4652,6,1.43128,
/os_cloud_node/points_decim_1,Cloudini 0p5,82,0.237953,3763,4642,6,1.42772,
/os_cloud_node/points_decim_1,Cloudini 0p5,83,0.239327,3960,4826,6,1.43596,
/os_cloud_node/points_decim_1,Cloudini 0p5,84,0.239439,4030,4677,6,1.43664,
/os_cloud_node/points_decim_1,Cloudini 0p5,85,0.239208,3978,4647,6,1.43525,
/os_cloud_node/points_decim_1,Cloudini 0p5,86,0.238173,3864,4619,6,1.42904,
/os_cloud_node/points_decim_1,Cloudini 0p5,87,0.238316,3884,4627,6,1.4299,
/os_cloud_node/points_decim_1,Cloudini 0p5,88,0.238228,3901,4623,6,1.42937,
/os_cloud_node/points_decim_1,Cloudini 0p5,89,0.238977,3902,4647,6,1.43386,
/os_cloud_node/points_decim_1,Cloudini 0p5,90,0.23835,3738,4635,6,1.4301,
/os_cloud_node/points_decim_1,Cloudini 0p5,91,0.238313,3781,4611,6,1.42988,
/os_cloud_node/points_decim_1,Cloudini 0p5,92,0.238987,3879,4730,6,1.43392,
/os_cloud_node/points_decim_1,Cloudini 0p5,93,0.238665,3753,4638,6,1.43199,
/os_cloud_node/points_decim_1,Cloudini 0p5,94,0.23832,3844,4709,6,1.42992,
/os_cloud_node/points_decim_1,Cloudini 0p5,95,0.239287,3799,4655,6,1.43572,
/os_cloud_node/points_decim_1,Cloudini 0p5,96,0.238347,3904,4593,6,1.43008,
/os_cloud_node/points_decim_1,Cloudini 0p5,97,0.237985,3904,4780,6,1.42791,
/os_cloud_node/points_decim_1,Cloudini 0p5,98,0.23872,3919,4711,6,1.43232,
/os_cloud_node/points_decim_1,Cloudini 0p5,99,0.238528,4083,4763,6,1.43117,
/os_cloud_node/points_decim_1,Cloudini 0p5,100,0.238949,4079,4761,6,1.43369,
/os_cloud_node/points_decim_1,Cloudini 0p5,101,0.239046,3947,4686,6,1.43427,
/os_cloud_node/points_decim_1,Cloudini 0p5,102,0.237807,3976,4711,6,1.42684,
/os_cloud_node/points_decim_1,Cloudini 0p5,103,0.239277,3953,4697,6,1.43566,
/os_cloud_node/points_decim_1,Cloudini 0p5,104,0.239409,4005,4748,6,1.43645,
/os_cloud_node/points_decim_1,Cloudini 0p5,105,0.238618,3950,4697,6,1.43171,
/os_cloud_node/points_decim_1,Cloudini 0p5,106,0.238589,3847,4679,6,1.43153,
/os_cloud_node/points_decim_1,Cloudini 0p5,107,0.23735,3846,4639,6,1.4241,
/os_cloud_node/points_decim_1,Cloudini 0p5,108,0.23666,3874,4562,6,1.41996,
/os_cloud_node/points_decim_1,Cloudini 0p5,109,0.236914,3893,4605,6,1.42148,
/os_cloud_node/points_decim_1,Cloudini 0p5,110,0.237868,3907,4606,6,1.42721,
/os_cloud_node/points_decim_1,Cloudini 0p5,111,0.239807,3997,4690,6,1.43884,
/os_cloud_node/points_decim_1,Cloudini 0p5,112,0.240964,3942,4718,6,1.44579,
/os_cloud_node/points_decim_1,Cloudini 0p5,113,0.240071,4007,4731,6,1.44042,
/os_cloud_node/points_decim_1,Cloudini 0p5,114,0.239601,3995,4855,6,1.4376,
/os_cloud_node/points_decim_1,Cloudini 0p5,115,0.23981,3891,4645,6,1.43886,
/os_cloud_node/points_decim_1,Cloudini 0p5,116,0.239402,3988,4715,6,1.43641,
/os_cloud_node/points_decim_1,Cloudini 0p5,117,0.239419,3879,4640,6,1.43651,
/os_cloud_node/points_decim_1,Cloudini 0p5,118,0.240383,3900,4699,6,1.4423,
/os_cloud_node/points_decim_1,Cloudini 0p5,119,0.240133,4015,4677,6,1.4408,
/os_cloud_node/points_decim_1,Cloudini 0p5,120,0.239724,3962,4694,6,1.43835,
/os_cloud_node/points_decim_1,Cloudini 0p5,121,0.239841,3913,4672,6,1.43904,
/os_cloud_node/points_decim_1,Cloudini 0p5,122,0.239452,3930,4705,6,1.43671,
/os_cloud_node/points_decim_1,Cloudini 0p5,123,0.23896,3958,4733,6,1.43376,
/os_cloud_node/points_decim_1,Cloudini 0p5,124,0.238554,4048,4721,6,1.43133,
/os_cloud_node/points_decim_1,Cloudini 0p5,125,0.238597,3856,4636,6,1.43158,
/os_cloud_node/points_decim_1,Cloudini 0p5,126,0.237497,3921,4618,6,1.42498,
/os_cloud_node/points_decim_1,Cloudini 0p5,127,0.238538,4002,4703,6,1.43123,
/os_cloud_node/points_decim_1,Cloudini 0p5,128,0.238247,4015,4774,6,1.42948,
/os_cloud_node/points_decim_1,Cloudini 0p5,129,0.237939,3870,4612,6,1.42764,
/os_cloud_node/points_decim_1,Cloudini 0p5,130,0.237812,3811,4698,6,1.42687,
/os_cloud_node/points_decim_1,Cloudini 0p5,131,0.237701,3868,4626,6,1.42621,
/os_cloud_node/points_decim_1,Cloudini 0p5,132,0.237244,3792,4599,6,1.42346,
/os_cloud_node/points_decim_1,Cloudini 0p5,133,0.238155,4008,4665,6,1.42893,
/os_cloud_node/points_decim_1,Cloudini 0p5,134,0.238651,3876,4630,6,1.4319,
/os_cloud_node/points_decim_1,Cloudini 0p5,135,0.238748,3895,4676,6,1.43249,
/os_cloud_node/points_decim_1,Cloudini 0p5,136,0.239382,3913,4688,6,1.43629,
/os_cloud_node/points_decim_1,Cloudini 0p5,137,0.240521,4094,4718,6,1.44312,
/os_cloud_node/points_decim_1,Cloudini 0p5,138,0.240706,4015,4742,6,1.44424,
/os_cloud_node/points_decim_1,Cloudini 0p5,139,0.242009,4016,4808,6,1.45206,
/os_cloud_node/points_decim_1,Cloudini 0p5,140,0.242465,4108,4744,6,1.45479,
/os_cloud_node/points_decim_1,Cloudini 0p5,141,0.241752,3987,4765,6,1.45051,
/os_cloud_node/points_decim_1,Cloudini 0p5,142,0.241395,3978,4699,6,1.44837,
/os_cloud_node/points_decim_1,Cloudini 0p5,143,0.240234,4026,4682,6,1.4414,
/os_cloud_node/points_decim_1,Cloudini 0p5,144,0.241487,3992,4780,6,1.44892,
/os_cloud_node/points_decim_1,Cloudini 0p5,145,0.24153,4077,4720,6,1.44918,
/os_cloud_node/points_decim_1,Cloudini 0p5,146,0.24159,4072,4832,6,1.44954,
/os_cloud_node/points_decim_1,Cloudini 0p5,147,0.241247,3965,4711,6,1.44748,
/os_cloud_node/points_decim_1,Cloudini 0p5,148,0.239506,3930,4669,6,1.43704,
/os_cloud_node/points_decim_1,Cloudini 0p5,149,0.238317,3736,4650,6,1.4299,
/os_cloud_node/points_decim_1,Cloudini 0p5,150,0.237245,3880,4741,6,1.42347,
/os_cloud_node/points_decim_1,Cloudini 0p5,151,0.237365,3922,4675,6,1.42419,
/os_cloud_node/points_decim_1,Cloudini 0p5,152,0.23866,3874,4681,6,1.43196,
/os_cloud_node/points_decim_1,Cloudini 0p5,153,0.24002,4019,4695,6,1.44012,
/os_cloud_node/points_decim_1,Cloudini 0p5,154,0.24152,3959,4710,6,1.44912,
/os_cloud_node/points_decim_1,Cloudini 0p5,155,0.241212,3982,4737,6,1.44727,
/os_cloud_node/points_decim_1,Cloudini 0p5,156,0.240852,3961,4715,6,1.44511,
/os_cloud_node/points_decim_1,Cloudini 0p5,157,0.240188,3965,4749,6,1.44113,
/os_cloud_node/points_decim_1,Cloudini 0p5,158,0.240315,3930,4730,6,1.44189,
/os_cloud_node/points_decim_1,Cloudini 0p5,159,0.240108,3964,4687,6,1.44065,
/os_cloud_node/points_decim_1,Cloudini 0p5,160,0.240254,4039,4697,6,1.44153,
/os_cloud_node/points_decim_1,Cloudini 0p5,161,0.240153,3972,4759,6,1.44092,
/os_cloud_node/points_decim_1,Cloudini 0p5,162,0.23895,4107,4747,6,1.4337,
/os_cloud_node/points_decim_1,Cloudini 0p5,163,0.238829,3876,4692,6,1.43297,
/os_cloud_node/points_decim_1,Cloudini 0p5,164,0.237841,3907,4671,6,1.42705,
/os_cloud_node/points_decim_1,Cloudini 0p5,165,0.237703,3875,4616,6,1.42622,
/os_cloud_node/points_decim_1,Cloudini 0p5,166,0.237102,3853,4663,6,1.42261,
/os_cloud_node/points_decim_1,Cloudini 0p5,167,0.237758,3931,4732,6,1.42655,
/os_cloud_node/points_decim_1,Cloudini 0p5,168,0.238378,3997,4726,6,1.43027,
/os_cloud_node/points_decim_1,Cloudini 0p5,169,0.239106,3869,4667,6,1.43464,
/os_cloud_node/points_decim_1,Cloudini 0p5,170,0.239491,3890,4686,6,1.43695,
/os_cloud_node/points_decim_1,Cloudini 0p5,171,0.239412,3937,4656,6,1.43647,
/os_cloud_node/points_decim_1,Cloudini 0p5,172,0.239449,4014,4793,6,1.43669,
/os_cloud_node/points_decim_1,Cloudini 0p5,173,0.239336,3936,4694,6,1.43602,
/os_cloud_node/points_decim_1,Cloudini 0p5,174,0.239502,3800,4676,6,1.43701,
/os_cloud_node/points_decim_1,Cloudini 0p5,175,0.240026,4115,4850,6,1.44016,
/os_cloud_node/points_decim_1,Cloudini 0p5,176,0.240527,3974,4717,6,1.44316,
/os_cloud_node/points_decim_1,Cloudini 0p5,177,0.240688,4137,4866,6,1.44413,
/os_cloud_node/points_decim_1,Cloudini 0p5,178,0.241101,4004,4717,6,1.4466,
/os_cloud_node/points_decim_1,Cloudini 0p5,179,0.240865,4064,4736,6,1.44519,
/os_cloud_node/points_decim_1,Cloudini 0p5,180,0.24108,4084,4669,6,1.44648,
/os_cloud_node/points_decim_1,Cloudini 0p5,181,0.239559,4046,4812,6,1.43736,
/os_cloud_node/points_decim_1,Cloudini 0p5,182,0.238804,3948,4804,6,1.43283,
/os_cloud_node/points_decim_1,Cloudini 0p5,183,0.238399,3984,4681,6,1.43039,
/os_cloud_node/points_decim_1,Cloudini 0p5,184,0.237321,3869,4697,6,1.42393,
/os_cloud_node/points_decim_1,Cloudini 0p5,185,0.238208,4010,4761,6,1.42925,
/os_cloud_node/points_decim_1,Cloudini 0p5,186,0.238019,4087,4708,6,1.42811,
/os_cloud_node/points_decim_1,Cloudini 0p5,187,0.23724,4106,4705,6,1.42344,
/os_cloud_node/points_decim_1,Cloudini 0p5,188,0.238212,4002,4703,6,1.42927,
/os_cloud_node/points_decim_1,Cloudini 0p5,189,0.23881,4100,4754,6,1.43286,
/os_cloud_node/points_decim_1,Cloudini 0p5,190,0.239484,4036,4793,6,1.43691,
/os_cloud_node/points_decim_1,Cloudini 0p5,191,0.24021,4046,4757,6,1.44126,
/os_cloud_node/points_decim_1,Cloudini 0p5,192,0.23966,3851,4714,6,1.43796,
/os_cloud_node/points_decim_1,Cloudini 0p5,193,0.239008,3881,4736,6,1.43405,
/os_cloud_node/points_decim_1,Cloudini 0p5,194,0.2384,4061,4731,6,1.4304,
/os_cloud_node/points_decim_1,Cloudini 0p5,195,0.237124,3990,4712,6,1.42274,
/os_cloud_node/points_decim_1,Cloudini 0p5,196,0.236853,3996,4733,6,1.42112,
/os_cloud_node/points_decim_1,Cloudini 0p5,197,0.237205,3889,4621,6,1.42323,
/os_cloud_node/points_decim_1,Cloudini 0p5,198,0.237922,3869,4674,6,1.42753,
/os_cloud_node/points_decim_1,Cloudini 0p5,199,0.238035,3785,4721,6,1.42821,
/os_cloud_node/points_decim_1,Cloudini 0p5,200,0.237381,3731,4734,6,1.42429,
/os_cloud_node/points_decim_1,Cloudini 0p5,201,0.237319,3936,4704,6,1.42391,
/os_cloud_node/points_decim_1,Cloudini 0p5,202,0.238399,4074,4704,6,1.4304,
/os_cloud_node/points_decim_1,Cloudini 0p5,203,0.23926,3908,4690,6,1.43556,
/os_cloud_node/points_decim_1,Cloudini 0p5,204,0.239933,3914,4748,6,1.4396,
/os_cloud_node/points_decim_1,Cloudini 0p5,205,0.240989,4056,4683,6,1.44593,
/os_cloud_node/points_decim_1,Cloudini 0p5,206,0.242288,4002,4823,6,1.45373,
/os_cloud_node/points_decim_1,Cloudini 0p5,207,0.243378,4161,4901,6,1.46027,
/os_cloud_node/points_decim_1,Cloudini 0p5,208,0.243224,4007,4733,6,1.45935,
/os_cloud_node/points_decim_1,Cloudini 0p5,209,0.243376,4105,4743,6,1.46025,
/os_cloud_node/points_decim_1,Cloudini 0p5,210,0.242435,4016,4714,6,1.45461,
/os_cloud_node/points_decim_1,Cloudini 0p5,211,0.242365,3964,4709,6,1.45419,
/os_cloud_node/points_decim_1,Cloudini 0p5,212,0.242255,3888,4697,6,1.45353,
/os_cloud_node/points_decim_1,Cloudini 0p5,213,0.241774,4040,4698,6,1.45064,
/os_cloud_node/points_decim_1,Cloudini 0p5,214,0.241427,4123,4871,6,1.44856,
/os_cloud_node/points_decim_1,Cloudini 0p5,215,0.242317,4059,4711,6,1.4539,
/os_cloud_node/points_decim_1,Cloudini 0p5,216,0.242059,4001,4700,6,1.45235,
/os_cloud_node/points_decim_1,Cloudini 0p5,217,0.242979,4115,4907,6,1.45788,
/os_cloud_node/points_decim_1,Cloudini 0p5,218,0.243862,3991,4854,6,1.46317,
/os_cloud_node/points_decim_1,Cloudini 0p5,219,0.243134,4125,4746,6,1.4588,
/os_cloud_node/points_decim_1,Cloudini 0p5,220,0.242001,4053,4701,6,1.45201,
/os_cloud_node/points_decim_1,Cloudini 0p5,221,0.243771,4105,4797,6,1.46263,
/os_cloud_node/points_decim_1,Cloudini 0p5,222,0.246601,4026,4865,6,1.47961,
/os_cloud_node/points_decim_1,Cloudini 0p5,223,0.248502,4105,4912,6,1.49101,
/os_cloud_node/points_decim_1,Cloudini 0p5,224,0.250328,4156,4779,6,1.50197,
/os_cloud_node/points_decim_1,Cloudini 0p5,225,0.254506,4155,4862,6,1.52703,
/os_cloud_node/points_decim_1,Cloudini 0p5,226,0.258712,4366,4951,6,1.55227,
/os_cloud_node/points_decim_1,Cloudini 0p5,227,0.263548,4442,5154,6,1.58129,
/os_cloud_node/points_decim_1,Cloudini 0p5,228,0.266604,4557,5108,6,1.59963,
/os_cloud_node/points_decim_1,Cloudini 0p5,229,0.267747,4514,5052,6,1.60648,
/os_cloud_node/points_decim_1,Cloudini 0p5,230,0.268204,4628,5089,6,1.60923,
/os_cloud_node/points_decim_1,Cloudini 0p5,231,0.268092,4702,5093,6,1.60855,
/os_cloud_node/points_decim_1,Cloudini 0p5,232,0.268344,4717,5317,6,1.61007,
/os_cloud_node/points_decim_1,Cloudini 0p5,233,0.268634,4622,5178,6,1.6118,
/os_cloud_node/points_decim_1,Cloudini 0p5,234,0.268039,4445,5128,6,1.60823,
/os_cloud_node/points_decim_1,Cloudini 0p5,235,0.267553,4668,5102,6,1.60532,
/os_cloud_node/points_decim_1,Cloudini 0p5,236,0.266515,4529,5134,6,1.59909,
/os_cloud_node/points_decim_1,Cloudini 0p5,237,0.266071,4445,5000,6,1.59643,
/os_cloud_node/points_decim_1,Cloudini-LZ4 0p0001,0,0.316686,7679,8103,6,1.90011,
/os_cloud_node/points_decim_1,Cloudini-LZ4 0p0001,1,0.316521,5828,8157,6,1.89913,
/os_cloud_node/points_decim_1,Cloudini-LZ4 0p0001,2,0.316722,5700,8153,6,1.90033,
/os_cloud_node/points_decim_1,Cloudini-LZ4 0p0001,3,0.316803,5792,8036,6,1.90082,
/os_cloud_node/points_decim_1,Cloudini-LZ4 0p0001,4,0.318257,5834,8176,6,1.90954,
/os_cloud_node/points_decim_1,Cloudini-LZ4 0p0001,5,0.318622,5696,8033,6,1.91173,
/os_cloud_node/points_decim_1,Cloudini-LZ4 0p0001,6,0.319842,5733,8055,6,1.91905,
/os_cloud_node/points_decim_1,Cloudini-LZ4 0p0001,7,0.321781,5805,8076,6,1.93068,
/os_cloud_node/points_decim_1,Cloudini-LZ4 0p0001,8,0.322468,5715,8039,6,1.93481,
/os_cloud_node/points_decim_1,Cloudini-LZ4 0p0001,9,0.324007,5763,8029,6,1.94404,
/os_cloud_node/points_decim_1,Cloudini-LZ4 0p0001,10,0.323083,5767,8045,6,1.9385,
/os_cloud_node/points_decim_1,Cloudini-LZ4 0p0001,11,0.322815,5689,8131,6,1.93689,
/os_cloud_node/points_decim_1,Cloudini-LZ4 0p0001,12,0.322016,5641,8056,6,1.9321,
/os_cloud_node/points_decim_1,Cloudini-LZ4 0p0001,13,0.321341,5858,8050,6,1.92805,
/os_cloud_node/points_decim_1,Cloudini-LZ4 0p0001,14,0.318956,5860,8126,6,1.91373,
/os_cloud_node/points_decim_1,Cloudini-LZ4 0p0001,15,0.309926,5853,8120,6,1.85956,
/os_cloud_node/points_decim_1,Cloudini-LZ4 0p0001,16,0.300874,5773,8025,6,1.80524,
/os_cloud_node/points_decim_1,Cloudini-LZ4 0p0001,17,0.294296,5774,8073,6,1.76578,
/os_cloud_node/points_decim_1,Cloudini-LZ4 0p0001,18,0.288986,5863,7997,6,1.73392,
/os_cloud_node/points_decim_1,Cloudini-LZ4 0p0001,19,0.287605,5729,8037,6,1.72563,
/os_cloud_node/points_decim_1,Cloudini-LZ4 0p0001,20,0.286094,5724,8053,6,1.71656,
/os_cloud_node/points_decim_1,Cloudini-LZ4 0p0001,21,0.288525,5531,7997,6,1.73115,
/os_cloud_node/points_decim_1,Cloudini-LZ4 0p0001,22,0.288397,5574,8021,6,1.73038,
/os_cloud_node/points_decim_1,Cloudini-LZ4 0p0001,23,0.288556,5601,8144,6,1.73133,
/os_cloud_node/points_decim_1,Cloudini-LZ4 0p0001,24,0.289483,5598,7996,6,1.7369,
/os_cloud_node/points_decim_1,Cloudini-LZ4 0p0001,25,0.290414,5772,7992,6,1.74248,
/os_cloud_node/points_decim_1,Cloudini-LZ4 0p0001,26,0.291094,5631,7999,6,1.74657,
/os_cloud_node/points_decim_1,Cloudini-LZ4 0p0001,27,0.292461,5759,8007,6,1.75477,
/os_cloud_node/points_decim_1,Cloudini-LZ4 0p0001,28,0.29269,5560,8007,6,1.75614,
/os_cloud_node/points_decim_1,Cloudini-LZ4 0p0001,29,0.293372,5701,7975,6,1.76023,
/os_cloud_node/points_decim_1,Cloudini-LZ4 0p0001,30,0.292619,5717,7951,6,1.75571,
/os_cloud_node/points_decim_1,Cloudini-LZ4 0p0001,31,0.291255,6099,8707,6,1.74753,
/os_cloud_node/points_decim_1,Cloudini-LZ4 0p0001,32,0.283054,5364,7865,6,1.69832,
/os_cloud_node/points_decim_1,Cloudini-LZ4 0p0001,33,0.276119,5525,7808,6,1.65672,
/os_cloud_node/points_decim_1,Cloudini-LZ4 0p0001,34,0.276692,5335,7754,6,1.66015,
/os_cloud_node/points_decim_1,Cloudini-LZ4 0p0001,35,0.281551,5429,7872,6,1.68931,
/os_cloud_node/points_decim_1,Cloudini-LZ4 0p0001,36,0.284741,5571,9251,6,1.70844,
/os_cloud_node/points_decim_1,Cloudini-LZ4 0p0001,37,0.287974,5978,8046,6,1.72785,
/os_cloud_node/points_decim_1,Cloudini-LZ4 0p0001,38,0.287511,5726,8004,6,1.72507,
/os_cloud_node/points_decim_1,Cloudini-LZ4 0p0001,39,0.286973,5726,7974,6,1.72184,
/os_cloud_node/points_decim_1,Cloudini-LZ4 0p0001,40,0.287309,5770,8780,6,1.72385,
/os_cloud_node/points_decim_1,Cloudini-LZ4 0p0001,41,0.284511,5625,7908,6,1.70706,
/os_cloud_node/points_decim_1,Cloudini-LZ4 0p0001,42,0.282885,5719,7894,6,1.69731,
/os_cloud_node/points_decim_1,Cloudini-LZ4 0p0001,43,0.282121,5544,7916,6,1.69272,
/os_cloud_node/points_decim_1,Cloudini-LZ4 0p0001,44,0.282318,5520,7847,6,1.69391,
/os_cloud_node/points_decim_1,Cloudini-LZ4 0p0001,45,0.282424,5610,7964,6,1.69455,
/os_cloud_node/points_decim_1,Cloudini-LZ4 0p0001,46,0.281915,5571,7900,6,1.69149,
/os_cloud_node/points_decim_1,Cloudini-LZ4 0p0001,47,0.280795,5587,7955,6,1.68477,
/os_cloud_node/points_decim_1,Cloudini-LZ4 0p0001,48,0.280927,5725,7937,6,1.68556,
/os_cloud_node/points_decim_1,Cloudini-LZ4 0p0001,49,0.277935,5441,7864,6,1.66761,
/os_cloud_node/points_decim_1,Cloudini-LZ4 0p0001,50,0.272888,5425,8129,6,1.63733,
/os_cloud_node/points_decim_1,Cloudini-LZ4 0p0001,51,0.274727,5670,8317,6,1.64836,
/os_cloud_node/points_decim_1,Cloudini-LZ4 0p0001,52,0.272422,5725,7976,6,1.63453,
/os_cloud_node/points_decim_1,Cloudini-LZ4 0p0001,53,0.272645,5563,7889,6,1.63587,
/os_cloud_node/points_decim_1,Cloudini-LZ4 0p0001,54,0.272658,5342,7864,6,1.63595,
/os_cloud_node/points_decim_1,Cloudini-LZ4 0p0001,55,0.273058,5565,7809,6,1.63835,
/os_cloud_node/points_decim_1,Cloudini-LZ4 0p0001,56,0.275473,5609,7867,6,1.65284,
/os_cloud_node/points_decim_1,Cloudini-LZ4 0p0001,57,0.274392,5440,8035,6,1.64635,
/os_cloud_node/points_decim_1,Cloudini-LZ4 0p0001,58,0.275111,5521,7840,6,1.65067,
/os_cloud_node/points_decim_1,Cloudini-LZ4 0p0001,59,0.274005,5561,7914,6,1.64403,
/os_cloud_node/points_decim_1,Cloudini-LZ4 0p0001,60,0.274213,5258,7821,6,1.64528,
/os_cloud_node/points_decim_1,Cloudini-LZ4 0p0001,61,0.269938,5249,8098,6,1.61963,
/os_cloud_node/points_decim_1,Cloudini-LZ4 0p0001,62,0.274266,5467,7848,6,1.6456,
/os_cloud_node/points_decim_1,Cloudini-LZ4 0p0001,63,0.278188,5657,8218,6,1.66913,
/os_cloud_node/points_decim_1,Cloudini-LZ4 0p0001,64,0.275692,5585,7901,6,1.65415,
/os_cloud_node/points_decim_1,Cloudini-LZ4 0p0001,65,0.274424,5480,7835,6,1.64654,
/os_cloud_node/points_decim_1,Cloudini-LZ4 0p0001,66,0.27207,5549,8038,6,1.63242,
/os_cloud_node/points_decim_1,Cloudini-LZ4 0p0001,67,0.270453,5163,7783,6,1.62272,
/os_cloud_node/points_decim_1,Cloudini-LZ4 0p0001,68,0.267145,5170,7688,6,1.60287,
/os_cloud_node/points_decim_1,Cloudini-LZ4 0p0001,69,0.265089,5301,7747,6,1.59053,
/os_cloud_node/points_decim_1,Cloudini-LZ4 0p0001,70,0.26546,5552,7769,6,1.59276,
/os_cloud_node/points_decim_1,Cloudini-LZ4 0p0001,71,0.266033,5348,7767,6,1.5962,
/os_cloud_node/points_decim_1,Cloudini-LZ4 0p0001,72,0.267034,5445,7750,6,1.6022,
/os_cloud_node/points_decim_1,Cloudini-LZ4 0p0001,73,0.267613,5181,7717,6,1.60568,
/os_cloud_node/points_decim_1,Cloudini-LZ4 0p0001,74,0.269289,5187,7800,6,1.61574,
/os_cloud_node/points_decim_1,Cloudini-LZ4 0p0001,75,0.269255,5297,7796,6,1.61553,
/os_cloud_node/points_decim_1,Cloudini-LZ4 0p0001,76,0.271162,5323,7900,6,1.62697,
/os_cloud_node/points_decim_1,Cloudini-LZ4 0p0001,77,0.275138,5823,7988,6,1.65083,
/os_cloud_node/points_decim_1,Cloudini-LZ4 0p0001,78,0.275184,5332,7827,6,1.6511,
/os_cloud_node/points_decim_1,Cloudini-LZ4 0p0001,79,0.276254,5304,7817,6,1.65753,
/os_cloud_node/points_decim_1,Cloudini-LZ4 0p0001,80,0.279362,5304,7803,6,1.67617,
/os_cloud_node/points_decim_1,Cloudini-LZ4 0p0001,81,0.279674,5371,7764,6,1.67804,
/os_cloud_node/points_decim_1,Cloudini-LZ4 0p0001,82,0.279391,5263,7820,6,1.67635,
/os_cloud_node/points_decim_1,Cloudini-LZ4 0p0001,83,0.282277,5415,7847,6,1.69366,
/os_cloud_node/points_decim_1,Cloudini-LZ4 0p0001,84,0.282746,5641,8030,6,1.69648,
/os_cloud_node/points_decim_1,Cloudini-LZ4 0p0001,85,0.280032,5425,8104,6,1.68019,
/os_cloud_node/points_decim_1,Cloudini-LZ4 0p0001,86,0.276755,5455,7893,6,1.66053,
/os_cloud_node/points_decim_1,Cloudini-LZ4 0p0001,87,0.276786,5729,7825,6,1.66072,
/os_cloud_node/points_decim_1,Cloudini-LZ4 0p0001,88,0.277081,5580,8076,6,1.66248,
/os_cloud_node/points_decim_1,Cloudini-LZ4 0p0001,89,0.277938,5622,7907,6,1.66763,
/os_cloud_node/points_decim_1,Cloudini-LZ4 0p0001,90,0.278529,5460,7643,6,1.67118,
/os_cloud_node/points_decim_1,Cloudini-LZ4 0p0001,91,0.278371,5301,7766,6,1.67022,
/os_cloud_node/points_decim_1,Cloudini-LZ4 0p0001,92,0.278846,5307,7792,6,1.67308,
/os_cloud_node/points_decim_1,Cloudini-LZ4 0p0001,93,0.27836,5283,7741,6,1.67016,
/os_cloud_node/points_decim_1,Cloudini-LZ4 0p0001,94,0.278355,5437,8015,6,1.67013,
/os_cloud_node/points_decim_1,Cloudini-LZ4 0p0001,95,0.279149,5442,7598,6,1.67489,
/os_cloud_node/points_decim_1,Cloudini-LZ4 0p0001,96,0.277135,5467,7801,6,1.66281,
/os_cloud_node/points_decim_1,Cloudini-LZ4 0p0001,97,0.276632,5538,7844,6,1.65979,
/os_cloud_node/points_decim_1,Cloudini-LZ4 0p0001,98,0.276129,5477,7867,6,1.65678,
/os_cloud_node/points_decim_1,Cloudini-LZ4 0p0001,99,0.272852,5480,7844,6,1.63711,
/os_cloud_node/points_decim_1,Cloudini-LZ4 0p0001,100,0.274198,5284,7782,6,1.64519,
/os_cloud_node/points_decim_1,Cloudini-LZ4 0p0001,101,0.274703,5421,7856,6,1.64822,
/os_cloud_node/points_decim_1,Cloudini-LZ4 0p0001,102,0.273299,5573,7795,6,1.6398,
/os_cloud_node/points_decim_1,Cloudini-LZ4 0p0001,103,0.276837,5479,7828,6,1.66102,
/os_cloud_node/points_decim_1,Cloudini-LZ4 0p0001,104,0.278435,5583,7918,6,1.67061,
/os_cloud_node/points_decim_1,Cloudini-LZ4 0p0001,105,0.277871,5640,7753,6,1.66723,
/os_cloud_node/points_decim_1,Cloudini-LZ4 0p0001,106,0.278857,5464,7761,6,1.67314,
/os_cloud_node/points_decim_1,Cloudini-LZ4 0p0001,107,0.277295,5681,7890,6,1.66377,
/os_cloud_node/points_decim_1,Cloudini-LZ4 0p0001,108,0.276674,5584,7901,6,1.66005,
/os_cloud_node/points_decim_1,Cloudini-LZ4 0p0001,109,0.277114,5675,8176,6,1.66268,
/os_cloud_node/points_decim_1,Cloudini-LZ4 0p0001,110,0.276217,5585,7857,6,1.6573,
/os_cloud_node/points_decim_1,Cloudini-LZ4 0p0001,111,0.280211,5801,7969,6,1.68127,
/os_cloud_node/points_decim_1,Cloudini-LZ4 0p0001,112,0.282017,5770,7852,6,1.6921,
/os_cloud_node/points_decim_1,Cloudini-LZ4 0p0001,113,0.279142,5541,7843,6,1.67485,
/os_cloud_node/points_decim_1,Cloudini-LZ4 0p0001,114,0.279484,5635,7893,6,1.67691,
/os_cloud_node/points_decim_1,Cloudini-LZ4 0p0001,115,0.280126,5608,7933,6,1.68075,
/os_cloud_node/points_decim_1,Cloudini-LZ4 0p0001,116,0.278463,5306,7845,6,1.67078,
/os_cloud_node/points_decim_1,Cloudini-LZ4 0p0001,117,0.278562,5612,7818,6,1.67137,
/os_cloud_node/points_decim_1,Cloudini-LZ4 0p0001,118,0.277559,5477,7746,6,1.66535,
/os_cloud_node/points_decim_1,Cloudini-LZ4 0p0001,119,0.276146,5200,7816,6,1.65688,
/os_cloud_node/points_decim_1,Cloudini-LZ4 0p0001,120,0.276637,5536,7769,6,1.65982,
/os_cloud_node/points_decim_1,Cloudini-LZ4 0p0001,121,0.279486,5722,7856,6,1.67692,
/os_cloud_node/points_decim_1,Cloudini-LZ4 0p0001,122,0.279117,5573,7895,6,1.6747,
/os_cloud_node/points_decim_1,Cloudini-LZ4 0p0001,123,0.280244,5515,7860,6,1.68147,
/os_cloud_node/points_decim_1,Cloudini-LZ4 0p0001,124,0.279703,5602,7940,6,1.67822,
/os_cloud_node/points_decim_1,Cloudini-LZ4 0p0001,125,0.280239,5561,7894,6,1.68143,
/os_cloud_node/points_decim_1,Cloudini-LZ4 0p0001,126,0.277832,5553,7932,6,1.66699,
/os_cloud_node/points_decim_1,Cloudini-LZ4 0p0001,127,0.280133,5544,7890,6,1.6808,
/os_cloud_node/points_decim_1,Cloudini-LZ4 0p0001,128,0.277185,5584,7947,6,1.66311,
/os_cloud_node/points_decim_1,Cloudini-LZ4 0p0001,129,0.274683,5545,7834,6,1.6481,
/os_cloud_node/points_decim_1,Cloudini-LZ4 0p0001,130,0.275713,5436,7848,6,1.65428,
/os_cloud_node/points_decim_1,Cloudini-LZ4 0p0001,131,0.27682,5435,7856,6,1.66092,
/os_cloud_node/points_decim_1,Cloudini-LZ4 0p0001,132,0.276168,5423,7816,6,1.65701,
/os_cloud_node/points_decim_1,Cloudini-LZ4 0p0001,133,0.278476,5579,8194,6,1.67086,
/os_cloud_node/points_decim_1,Cloudini-LZ4 0p0001,134,0.280254,5449,7952,6,1.68153,
/os_cloud_node/points_decim_1,Cloudini-LZ4 0p0001,135,0.280656,5494,7875,6,1.68394,
/os_cloud_node/points_decim_1,Cloudini-LZ4 0p0001,136,0.28033,5419,7878,6,1.68198,
/os_cloud_node/points_decim_1,Cloudini-LZ4 0p0001,137,0.2817,5540,7922,6,1.6902,
/os_cloud_node/points_decim_1,Cloudini-LZ4 0p0001,138,0.278328,5442,7880,6,1.66997,
/os_cloud_node/points_decim_1,Cloudini-LZ4 0p0001,139,0.27838,5369,7781,6,1.67028,
/os_cloud_node/points_decim_1,Cloudini-LZ4 0p0001,140,0.280614,5437,7836,6,1.68368,
/os_cloud_node/points_decim_1,Cloudini-LZ4 0p0001,141,0.279117,5365,7758,6,1.6747,
/os_cloud_node/points_decim_1,Cloudini-LZ4 0p0001,142,0.279287,5481,7760,6,1.67572,
/os_cloud_node/points_decim_1,Cloudini-LZ4 0p0001,143,0.277782,5284,7965,6,1.66669,
/os_cloud_node/points_decim_1,Cloudini-LZ4 0p0001,144,0.280149,5443,7814,6,1.68089,
/os_cloud_node/points_decim_1,Cloudini-LZ4 0p0001,145,0.278895,5443,7874,6,1.67337,
/os_cloud_node/points_decim_1,Cloudini-LZ4 0p0001,146,0.281191,5536,7838,6,1.68715,
/os_cloud_node/points_decim_1,Cloudini-LZ4 0p0001,147,0.282068,5349,7831,6,1.69241,
/os_cloud_node/points_decim_1,Cloudini-LZ4 0p0001,148,0.281323,5501,7883,6,1.68794,
/os_cloud_node/points_decim_1,Cloudini-LZ4 0p0001,149,0.278692,5553,7929,6,1.67215,
/os_cloud_node/points_decim_1,Cloudini-LZ4 0p0001,150,0.27814,5767,7996,6,1.66884,
/os_cloud_node/points_decim_1,Cloudini-LZ4 0p0001,151,0.276286,5534,7863,6,1.65772,
/os_cloud_node/points_decim_1,Cloudini-LZ4 0p0001,152,0.279054,5665,7900,6,1.67432,
/os_cloud_node/points_decim_1,Cloudini-LZ4 0p0001,153,0.280612,5731,7987,6,1.68367,
/os_cloud_node/points_decim_1,Cloudini-LZ4 0p0001,154,0.281039,5442,7825,6,1.68623,
/os_cloud_node/points_decim_1,Cloudini-LZ4 0p0001,155,0.278612,5425,7914,6,1.67167,
/os_cloud_node/points_decim_1,Cloudini-LZ4 0p0001,156,0.278622,5551,7924,6,1.67173,
/os_cloud_node/points_decim_1,Cloudini-LZ4 0p0001,157,0.277134,5468,7972,6,1.6628,
/os_cloud_node/points_decim_1,Cloudini-LZ4 0p0001,158,0.276228,5256,7866,6,1.65737,
/os_cloud_node/points_decim_1,Cloudini-LZ4 0p0001,159,0.276396,5429,7840,6,1.65837,
/os_cloud_node/points_decim_1,Cloudini-LZ4 0p0001,160,0.275926,5208,7806,6,1.65555,
/os_cloud_node/points_decim_1,Cloudini-LZ4 0p0001,161,0.276339,5180,7809,6,1.65803,
/os_cloud_node/points_decim_1,Cloudini-LZ4 0p0001,162,0.276043,5369,7950,6,1.65626,
/os_cloud_node/points_decim_1,Cloudini-LZ4 0p0001,163,0.278616,5295,7898,6,1.67169,
/os_cloud_node/points_decim_1,Cloudini-LZ4 0p0001,164,0.276855,5363,7839,6,1.66113,
/os_cloud_node/points_decim_1,Cloudini-LZ4 0p0001,165,0.276535,5441,7756,6,1.65921,
/os_cloud_node/points_decim_1,Cloudini-LZ4 0p0001,166,0.274604,5448,7709,6,1.64762,
/os_cloud_node/points_decim_1,Cloudini-LZ4 0p0001,167,0.274052,5567,7947,6,1.64431,
/os_cloud_node/points_decim_1,Cloudini-LZ4 0p0001,168,0.276357,5506,8002,6,1.65814,
/os_cloud_node/points_decim_1,Cloudini-LZ4 0p0001,169,0.277836,5409,7871,6,1.66702,
/os_cloud_node/points_decim_1,Cloudini-LZ4 0p0001,170,0.28065,5493,7893,6,1.6839,
/os_cloud_node/points_decim_1,Cloudini-LZ4 0p0001,171,0.278909,5495,7866,6,1.67345,
/os_cloud_node/points_decim_1,Cloudini-LZ4 0p0001,172,0.279732,5509,7852,6,1.67839,
/os_cloud_node/points_decim_1,Cloudini-LZ4 0p0001,173,0.280869,5651,7902,6,1.68521,
/os_cloud_node/points_decim_1,Cloudini-LZ4 0p0001,174,0.281087,5529,8054,6,1.68652,
/os_cloud_node/points_decim_1,Cloudini-LZ4 0p0001,175,0.279669,5292,7919,6,1.67801,
/os_cloud_node/points_decim_1,Cloudini-LZ4 0p0001,176,0.280764,5365,7830,6,1.68458,
/os_cloud_node/points_decim_1,Cloudini-LZ4 0p0001,177,0.28034,5413,7833,6,1.68204,
/os_cloud_node/points_decim_1,Cloudini-LZ4 0p0001,178,0.280252,5463,7791,6,1.68151,
/os_cloud_node/points_decim_1,Cloudini-LZ4 0p0001,179,0.279157,5491,7867,6,1.67494,
/os_cloud_node/points_decim_1,Cloudini-LZ4 0p0001,180,0.277884,5585,7861,6,1.6673,
/os_cloud_node/points_decim_1,Cloudini-LZ4 0p0001,181,0.274443,5495,7810,6,1.64666,
/os_cloud_node/points_decim_1,Cloudini-LZ4 0p0001,182,0.270459,5413,7803,6,1.62275,
/os_cloud_node/points_decim_1,Cloudini-LZ4 0p0001,183,0.269333,5193,7912,6,1.616,
/os_cloud_node/points_decim_1,Cloudini-LZ4 0p0001,184,0.265985,5267,7649,6,1.59591,
/os_cloud_node/points_decim_1,Cloudini-LZ4 0p0001,185,0.263718,5080,7712,6,1.58231,
/os_cloud_node/points_decim_1,Cloudini-LZ4 0p0001,186,0.264925,4947,7658,6,1.58955,
/os_cloud_node/points_decim_1,Cloudini-LZ4 0p0001,187,0.265011,5055,7762,6,1.59007,
/os_cloud_node/points_decim_1,Cloudini-LZ4 0p0001,188,0.265916,5050,7740,6,1.5955,
/os_cloud_node/points_decim_1,Cloudini-LZ4 0p0001,189,0.26447,5177,7847,6,1.58682,
/os_cloud_node/points_decim_1,Cloudini-LZ4 0p0001,190,0.270248,5329,7682,6,1.62149,
/os_cloud_node/points_decim_1,Cloudini-LZ4 0p0001,191,0.265596,5121,7724,6,1.59358,
/os_cloud_node/points_decim_1,Cloudini-LZ4 0p0001,192,0.261181,5236,7869,6,1.56709,
/os_cloud_node/points_decim_1,Cloudini-LZ4 0p0001,193,0.264662,5298,8117,6,1.58797,
/os_cloud_node/points_decim_1,Cloudini-LZ4 0p0001,194,0.271551,5164,7759,6,1.62931,
/os_cloud_node/points_decim_1,Cloudini-LZ4 0p0001,195,0.272961,5367,7783,6,1.63777,
/os_cloud_node/points_decim_1,Cloudini-LZ4 0p0001,196,0.275512,5347,7801,6,1.65307,
/os_cloud_node/points_decim_1,Cloudini-LZ4 0p0001,197,0.273953,5475,7900,6,1.64372,
/os_cloud_node/points_decim_1,Cloudini-LZ4 0p0001,198,0.273572,5372,7904,6,1.64143,
/os_cloud_node/points_decim_1,Cloudini-LZ4 0p0001,199,0.276477,5276,7861,6,1.65886,
/os_cloud_node/points_decim_1,Cloudini-LZ4 0p0001,200,0.271942,5329,7713,6,1.63165,
/os_cloud_node/points_decim_1,Cloudini-LZ4 0p0001,201,0.273991,5147,7689,6,1.64394,
/os_cloud_node/points_decim_1,Cloudini-LZ4 0p0001,202,0.274434,5391,7721,6,1.64661,
/os_cloud_node/points_decim_1,Cloudini-LZ4 0p0001,203,0.276151,5329,8505,6,1.65691,
/os_cloud_node/points_decim_1,Cloudini-LZ4 0p0001,204,0.276383,5468,7906,6,1.6583,
/os_cloud_node/points_decim_1,Cloudini-LZ4 0p0001,205,0.277514,5413,7897,6,1.66509,
/os_cloud_node/points_decim_1,Cloudini-LZ4 0p0001,206,0.278371,5353,7814,6,1.67023,
/os_cloud_node/points_decim_1,Cloudini-LZ4 0p0001,207,0.282087,5577,7766,6,1.69252,
/os_cloud_node/points_decim_1,Cloudini-LZ4 0p0001,208,0.283655,5533,7950,6,1.70193,
/os_cloud_node/points_decim_1,Cloudini-LZ4 0p0001,209,0.284566,5513,7853,6,1.70739,
/os_cloud_node/points_decim_1,Cloudini-LZ4 0p0001,210,0.282367,5305,7837,6,1.6942,
/os_cloud_node/points_decim_1,Cloudini-LZ4 0p0001,211,0.283284,5393,7902,6,1.6997,
/os_cloud_node/points_decim_1,Cloudini-LZ4 0p0001,212,0.283848,5486,7871,6,1.70309,
/os_cloud_node/points_decim_1,Cloudini-LZ4 0p0001,213,0.286222,5650,7934,6,1.71733,
/os_cloud_node/points_decim_1,Cloudini-LZ4 0p0001,214,0.285734,5482,7947,6,1.71441,
/os_cloud_node/points_decim_1,Cloudini-LZ4 0p0001,215,0.286848,5778,8005,6,1.72109,
/os_cloud_node/points_decim_1,Cloudini-LZ4 0p0001,216,0.286041,5867,8025,6,1.71624,
/os_cloud_node/points_decim_1,Cloudini-LZ4 0p0001,217,0.286777,5856,8193,6,1.72066,
/os_cloud_node/points_decim_1,Cloudini-LZ4 0p0001,218,0.284053,5788,7917,6,1.70432,
/os_cloud_node/points_decim_1,Cloudini-LZ4 0p0001,219,0.280791,5514,7882,6,1.68474,
/os_cloud_node/points_decim_1,Cloudini-LZ4 0p0001,220,0.277918,5461,7796,6,1.66751,
/os_cloud_node/points_decim_1,Cloudini-LZ4 0p0001,221,0.281989,5499,7838,6,1.69193,
/os_cloud_node/points_decim_1,Cloudini-LZ4 0p0001,222,0.28974,5755,8240,6,1.73844,
/os_cloud_node/points_decim_1,Cloudini-LZ4 0p0001,223,0.294939,5738,8023,6,1.76963,
/os_cloud_node/points_decim_1,Cloudini-LZ4 0p0001,224,0.298156,5738,8097,6,1.78893,
/os_cloud_node/points_decim_1,Cloudini-LZ4 0p0001,225,0.30886,5945,8079,6,1.85316,
/os_cloud_node/points_decim_1,Cloudini-LZ4 0p0001,226,0.315554,5633,8178,6,1.89332,
/os_cloud_node/points_decim_1,Cloudini-LZ4 0p0001,227,0.317172,5707,8220,6,1.90303,
/os_cloud_node/points_decim_1,Cloudini-LZ4 0p0001,228,0.320617,5745,8057,6,1.9237,
/os_cloud_node/points_decim_1,Cloudini-LZ4 0p0001,229,0.321962,5787,8031,6,1.93177,
/os_cloud_node/points_decim_1,Cloudini-LZ4 0p0001,230,0.322867,5727,8009,6,1.9372,
/os_cloud_node/points_decim_1,Cloudini-LZ4 0p0001,231,0.323299,5775,8016,6,1.93979,
/os_cloud_node/points_decim_1,Cloudini-LZ4 0p0001,232,0.323626,5817,8007,6,1.94176,
/os_cloud_node/points_decim_1,Cloudini-LZ4 0p0001,233,0.323843,5766,8058,6,1.94306,
/os_cloud_node/points_decim_1,Cloudini-LZ4 0p0001,234,0.321805,5617,8040,6,1.93083,
/os_cloud_node/points_decim_1,Cloudini-LZ4 0p0001,235,0.320807,5801,8017,6,1.92484,
/os_cloud_node/points_decim_1,Cloudini-LZ4 0p0001,236,0.318061,5682,8182,6,1.90837,
/os_cloud_node/points_decim_1,Cloudini-LZ4 0p0001,237,0.317352,5752,8145,6,1.90411,
/os_cloud_node/points_decim_1,Cloudini-ZSTD 0p0001,0,0.277068,6152,7567,6,1.66241,
/os_cloud_node/points_decim_1,Cloudini-ZSTD 0p0001,1,0.276613,6309,7541,6,1.65968,
/os_cloud_node/points_decim_1,Cloudini-ZSTD 0p0001,2,0.276891,6215,7636,6,1.66135,
/os_cloud_node/points_decim_1,Cloudini-ZSTD 0p0001,3,0.276947,6193,7544,6,1.66168,
/os_cloud_node/points_decim_1,Cloudini-ZSTD 0p0001,4,0.278358,6326,7544,6,1.67015,
/os_cloud_node/points_decim_1,Cloudini-ZSTD 0p0001,5,0.278532,6220,7562,6,1.67119,
/os_cloud_node/points_decim_1,Cloudini-ZSTD 0p0001,6,0.280229,6023,7390,6,1.68137,
/os_cloud_node/points_decim_1,Cloudini-ZSTD 0p0001,7,0.281776,6224,7572,6,1.69066,
/os_cloud_node/points_decim_1,Cloudini-ZSTD 0p0001,8,0.282604,6135,7549,6,1.69562,
/os_cloud_node/points_decim_1,Cloudini-ZSTD 0p0001,9,0.284099,6185,7641,6,1.7046,
/os_cloud_node/points_decim_1,Cloudini-ZSTD 0p0001,10,0.282964,6198,7487,6,1.69778,
/os_cloud_node/points_decim_1,Cloudini-ZSTD 0p0001,11,0.282465,7342,7580,6,1.69479,
/os_cloud_node/points_decim_1,Cloudini-ZSTD 0p0001,12,0.281468,6277,7629,6,1.68881,
/os_cloud_node/points_decim_1,Cloudini-ZSTD 0p0001,13,0.280456,6334,7703,6,1.68274,
/os_cloud_node/points_decim_1,Cloudini-ZSTD 0p0001,14,0.277469,6276,7664,6,1.66481,
/os_cloud_node/points_decim_1,Cloudini-ZSTD 0p0001,15,0.27233,6300,7410,6,1.63398,
/os_cloud_node/points_decim_1,Cloudini-ZSTD 0p0001,16,0.265877,6271,7292,6,1.59526,
/os_cloud_node/points_decim_1,Cloudini-ZSTD 0p0001,17,0.260285,6135,7380,6,1.56171,
/os_cloud_node/points_decim_1,Cloudini-ZSTD 0p0001,18,0.255145,6249,7352,6,1.53087,
/os_cloud_node/points_decim_1,Cloudini-ZSTD 0p0001,19,0.253612,6234,7237,6,1.52167,
/os_cloud_node/points_decim_1,Cloudini-ZSTD 0p0001,20,0.252279,6131,7302,6,1.51368,
/os_cloud_node/points_decim_1,Cloudini-ZSTD 0p0001,21,0.254231,6175,7292,6,1.52539,
/os_cloud_node/points_decim_1,Cloudini-ZSTD 0p0001,22,0.253805,6183,7222,6,1.52283,
/os_cloud_node/points_decim_1,Cloudini-ZSTD 0p0001,23,0.253685,6146,7488,6,1.52211,
/os_cloud_node/points_decim_1,Cloudini-ZSTD 0p0001,24,0.254774,6240,7240,6,1.52865,
/os_cloud_node/points_decim_1,Cloudini-ZSTD 0p0001,25,0.255515,6299,7385,6,1.53309,
/os_cloud_node/points_decim_1,Cloudini-ZSTD 0p0001,26,0.255903,6252,7274,6,1.53542,
/os_cloud_node/points_decim_1,Cloudini-ZSTD 0p0001,27,0.257305,6297,7285,6,1.54383,
/os_cloud_node/points_decim_1,Cloudini-ZSTD 0p0001,28,0.257734,6176,7243,6,1.54641,
/os_cloud_node/points_decim_1,Cloudini-ZSTD 0p0001,29,0.258274,6192,7336,6,1.54965,
/os_cloud_node/points_decim_1,Cloudini-ZSTD 0p0001,30,0.257762,6232,7422,6,1.54657,
/os_cloud_node/points_decim_1,Cloudini-ZSTD 0p0001,31,0.256251,6231,7566,6,1.53751,
/os_cloud_node/points_decim_1,Cloudini-ZSTD 0p0001,32,0.249391,5991,7056,6,1.49634,
/os_cloud_node/points_decim_1,Cloudini-ZSTD 0p0001,33,0.242915,5907,7082,6,1.45749,
/os_cloud_node/points_decim_1,Cloudini-ZSTD 0p0001,34,0.243828,5994,7099,6,1.46297,
/os_cloud_node/points_decim_1,Cloudini-ZSTD 0p0001,35,0.24866,6085,7246,6,1.49196,
/os_cloud_node/points_decim_1,Cloudini-ZSTD 0p0001,36,0.251158,6319,7199,6,1.50695,
/os_cloud_node/points_decim_1,Cloudini-ZSTD 0p0001,37,0.254114,6287,7320,6,1.52469,
/os_cloud_node/points_decim_1,Cloudini-ZSTD 0p0001,38,0.25367,6125,7293,6,1.52202,
/os_cloud_node/points_decim_1,Cloudini-ZSTD 0p0001,39,0.25265,6213,7282,6,1.5159,
/os_cloud_node/points_decim_1,Cloudini-ZSTD 0p0001,40,0.252704,6426,7240,6,1.51622,
/os_cloud_node/points_decim_1,Cloudini-ZSTD 0p0001,41,0.250007,6174,7144,6,1.50004,
/os_cloud_node/points_decim_1,Cloudini-ZSTD 0p0001,42,0.248674,6183,7355,6,1.49205,
/os_cloud_node/points_decim_1,Cloudini-ZSTD 0p0001,43,0.247512,6153,7231,6,1.48507,
/os_cloud_node/points_decim_1,Cloudini-ZSTD 0p0001,44,0.248374,5996,6935,6,1.49024,
/os_cloud_node/points_decim_1,Cloudini-ZSTD 0p0001,45,0.248373,6157,7316,6,1.49024,
/os_cloud_node/points_decim_1,Cloudini-ZSTD 0p0001,46,0.247458,6005,7153,6,1.48475,
/os_cloud_node/points_decim_1,Cloudini-ZSTD 0p0001,47,0.246918,6041,7206,6,1.48151,
/os_cloud_node/points_decim_1,Cloudini-ZSTD 0p0001,48,0.246751,6050,7196,6,1.48051,
/os_cloud_node/points_decim_1,Cloudini-ZSTD 0p0001,49,0.24337,5931,7043,6,1.46022,
/os_cloud_node/points_decim_1,Cloudini-ZSTD 0p0001,50,0.239173,6057,7203,6,1.43504,
/os_cloud_node/points_decim_1,Cloudini-ZSTD 0p0001,51,0.241262,5840,7175,6,1.44757,
/os_cloud_node/points_decim_1,Cloudini-ZSTD 0p0001,52,0.238548,6179,7303,6,1.43129,
/os_cloud_node/points_decim_1,Cloudini-ZSTD 0p0001,53,0.239581,5997,7198,6,1.43749,
/os_cloud_node/points_decim_1,Cloudini-ZSTD 0p0001,54,0.23995,6004,7016,6,1.4397,
/os_cloud_node/points_decim_1,Cloudini-ZSTD 0p0001,55,0.240325,5906,7013,6,1.44195,
/os_cloud_node/points_decim_1,Cloudini-ZSTD 0p0001,56,0.243361,5960,6998,6,1.46017,
/os_cloud_node/points_decim_1,Cloudini-ZSTD 0p0001,57,0.24227,5917,7124,6,1.45362,
/os_cloud_node/points_decim_1,Cloudini-ZSTD 0p0001,58,0.243201,5899,6944,6,1.45921,
/os_cloud_node/points_decim_1,Cloudini-ZSTD 0p0001,59,0.242562,5932,6934,6,1.45537,
/os_cloud_node/points_decim_1,Cloudini-ZSTD 0p0001,60,0.242147,5784,7000,6,1.45288,
/os_cloud_node/points_decim_1,Cloudini-ZSTD 0p0001,61,0.237755,5942,7134,6,1.42653,
/os_cloud_node/points_decim_1,Cloudini-ZSTD 0p0001,62,0.241828,5994,7130,6,1.45097,
/os_cloud_node/points_decim_1,Cloudini-ZSTD 0p0001,63,0.244844,5911,7170,6,1.46906,
/os_cloud_node/points_decim_1,Cloudini-ZSTD 0p0001,64,0.242258,5790,7042,6,1.45355,
/os_cloud_node/points_decim_1,Cloudini-ZSTD 0p0001,65,0.240435,5982,6980,6,1.44261,
/os_cloud_node/points_decim_1,Cloudini-ZSTD 0p0001,66,0.238641,5947,7031,6,1.43184,
/os_cloud_node/points_decim_1,Cloudini-ZSTD 0p0001,67,0.23687,5520,6805,6,1.42122,
/os_cloud_node/points_decim_1,Cloudini-ZSTD 0p0001,68,0.23383,5599,6760,6,1.40298,
/os_cloud_node/points_decim_1,Cloudini-ZSTD 0p0001,69,0.23196,5744,6764,6,1.39176,
/os_cloud_node/points_decim_1,Cloudini-ZSTD 0p0001,70,0.232383,5574,6730,6,1.3943,
/os_cloud_node/points_decim_1,Cloudini-ZSTD 0p0001,71,0.232595,5712,6813,6,1.39557,
/os_cloud_node/points_decim_1,Cloudini-ZSTD 0p0001,72,0.233785,5784,6782,6,1.40271,
/os_cloud_node/points_decim_1,Cloudini-ZSTD 0p0001,73,0.234243,5623,6889,6,1.40546,
/os_cloud_node/points_decim_1,Cloudini-ZSTD 0p0001,74,0.235347,5729,6826,6,1.41208,
/os_cloud_node/points_decim_1,Cloudini-ZSTD 0p0001,75,0.235222,5835,6849,6,1.41133,
/os_cloud_node/points_decim_1,Cloudini-ZSTD 0p0001,76,0.237021,5819,6889,6,1.42213,
/os_cloud_node/points_decim_1,Cloudini-ZSTD 0p0001,77,0.240195,6235,6948,6,1.44117,
/os_cloud_node/points_decim_1,Cloudini-ZSTD 0p0001,78,0.240995,5878,6923,6,1.44597,
/os_cloud_node/points_decim_1,Cloudini-ZSTD 0p0001,79,0.241992,5777,7010,6,1.45195,
/os_cloud_node/points_decim_1,Cloudini-ZSTD 0p0001,80,0.244922,5758,6930,6,1.46953,
/os_cloud_node/points_decim_1,Cloudini-ZSTD 0p0001,81,0.24555,5777,6963,6,1.4733,
/os_cloud_node/points_decim_1,Cloudini-ZSTD 0p0001,82,0.245353,5769,7016,6,1.47212,
/os_cloud_node/points_decim_1,Cloudini-ZSTD 0p0001,83,0.249476,5923,7003,6,1.49686,
/os_cloud_node/points_decim_1,Cloudini-ZSTD 0p0001,84,0.250559,6096,7037,6,1.50335,
/os_cloud_node/points_decim_1,Cloudini-ZSTD 0p0001,85,0.248884,5916,7119,6,1.4933,
/os_cloud_node/points_decim_1,Cloudini-ZSTD 0p0001,86,0.245915,5928,7150,6,1.47549,
/os_cloud_node/points_decim_1,Cloudini-ZSTD 0p0001,87,0.245299,5808,6903,6,1.47179,
/os_cloud_node/points_decim_1,Cloudini-ZSTD 0p0001,88,0.245575,6043,7107,6,1.47345,
/os_cloud_node/points_decim_1,Cloudini-ZSTD 0p0001,89,0.245242,5980,7111,6,1.47145,
/os_cloud_node/points_decim_1,Cloudini-ZSTD 0p0001,90,0.245063,5975,7188,6,1.47038,
/os_cloud_node/points_decim_1,Cloudini-ZSTD 0p0001,91,0.244975,5799,7160,6,1.46985,
/os_cloud_node/points_decim_1,Cloudini-ZSTD 0p0001,92,0.244695,5699,6997,6,1.46817,
/os_cloud_node/points_decim_1,Cloudini-ZSTD 0p0001,93,0.244374,5574,6920,6,1.46624,
/os_cloud_node/points_decim_1,Cloudini-ZSTD 0p0001,94,0.244786,5747,6849,6,1.46872,
/os_cloud_node/points_decim_1,Cloudini-ZSTD 0p0001,95,0.244679,5891,7124,6,1.46807,
/os_cloud_node/points_decim_1,Cloudini-ZSTD 0p0001,96,0.243092,5844,7013,6,1.45855,
/os_cloud_node/points_decim_1,Cloudini-ZSTD 0p0001,97,0.242829,5841,7109,6,1.45698,
/os_cloud_node/points_decim_1,Cloudini-ZSTD 0p0001,98,0.24175,5840,6898,6,1.4505,
/os_cloud_node/points_decim_1,Cloudini-ZSTD 0p0001,99,0.238619,5888,7016,6,1.43172,
/os_cloud_node/points_decim_1,Cloudini-ZSTD 0p0001,100,0.239735,5805,7033,6,1.43841,
/os_cloud_node/points_decim_1,Cloudini-ZSTD 0p0001,101,0.24026,5866,6994,6,1.44156,
/os_cloud_node/points_decim_1,Cloudini-ZSTD 0p0001,102,0.239329,6040,6919,6,1.43598,
/os_cloud_node/points_decim_1,Cloudini-ZSTD 0p0001,103,0.242194,5830,7111,6,1.45317,
/os_cloud_node/points_decim_1,Cloudini-ZSTD 0p0001,104,0.243732,5956,7120,6,1.46239,
/os_cloud_node/points_decim_1,Cloudini-ZSTD 0p0001,105,0.243724,5948,6958,6,1.46234,
/os_cloud_node/points_decim_1,Cloudini-ZSTD 0p0001,106,0.245442,5903,7022,6,1.47265,
/os_cloud_node/points_decim_1,Cloudini-ZSTD 0p0001,107,0.246851,5812,7079,6,1.48111,
/os_cloud_node/points_decim_1,Cloudini-ZSTD 0p0001,108,0.246503,5984,7153,6,1.47902,
/os_cloud_node/points_decim_1,Cloudini-ZSTD 0p0001,109,0.246716,6031,7172,6,1.4803,
/os_cloud_node/points_decim_1,Cloudini-ZSTD 0p0001,110,0.244567,6049,7083,6,1.4674,
/os_cloud_node/points_decim_1,Cloudini-ZSTD 0p0001,111,0.247428,6167,7241,6,1.48457,
/os_cloud_node/points_decim_1,Cloudini-ZSTD 0p0001,112,0.24762,6024,7149,6,1.48572,
/os_cloud_node/points_decim_1,Cloudini-ZSTD 0p0001,113,0.244947,5865,6875,6,1.46968,
/os_cloud_node/points_decim_1,Cloudini-ZSTD 0p0001,114,0.246258,6014,7262,6,1.47755,
/os_cloud_node/points_decim_1,Cloudini-ZSTD 0p0001,115,0.246239,5934,7138,6,1.47744,
/os_cloud_node/points_decim_1,Cloudini-ZSTD 0p0001,116,0.244268,5896,6904,6,1.46561,
/os_cloud_node/points_decim_1,Cloudini-ZSTD 0p0001,117,0.244882,5954,6974,6,1.46929,
/os_cloud_node/points_decim_1,Cloudini-ZSTD 0p0001,118,0.243466,5901,6939,6,1.46079,
/os_cloud_node/points_decim_1,Cloudini-ZSTD 0p0001,119,0.24213,5782,7053,6,1.45278,
/os_cloud_node/points_decim_1,Cloudini-ZSTD 0p0001,120,0.243185,5928,6950,6,1.45911,
/os_cloud_node/points_decim_1,Cloudini-ZSTD 0p0001,121,0.245415,5862,7089,6,1.47249,
/os_cloud_node/points_decim_1,Cloudini-ZSTD 0p0001,122,0.244862,5925,6959,6,1.46917,
/os_cloud_node/points_decim_1,Cloudini-ZSTD 0p0001,123,0.246736,5876,7058,6,1.48042,
/os_cloud_node/points_decim_1,Cloudini-ZSTD 0p0001,124,0.246256,6020,7217,6,1.47754,
/os_cloud_node/points_decim_1,Cloudini-ZSTD 0p0001,125,0.246844,5788,6988,6,1.48107,
/os_cloud_node/points_decim_1,Cloudini-ZSTD 0p0001,126,0.245383,6000,7111,6,1.4723,
/os_cloud_node/points_decim_1,Cloudini-ZSTD 0p0001,127,0.248595,6087,7203,6,1.49157,
/os_cloud_node/points_decim_1,Cloudini-ZSTD 0p0001,128,0.24672,5957,7239,6,1.48032,
/os_cloud_node/points_decim_1,Cloudini-ZSTD 0p0001,129,0.243838,5919,7020,6,1.46303,
/os_cloud_node/points_decim_1,Cloudini-ZSTD 0p0001,130,0.244667,5913,7234,6,1.468,
/os_cloud_node/points_decim_1,Cloudini-ZSTD 0p0001,131,0.246121,5965,6992,6,1.47673,
/os_cloud_node/points_decim_1,Cloudini-ZSTD 0p0001,132,0.245297,5837,6983,6,1.47178,
/os_cloud_node/points_decim_1,Cloudini-ZSTD 0p0001,133,0.247456,6107,6969,6,1.48474,
/os_cloud_node/points_decim_1,Cloudini-ZSTD 0p0001,134,0.247488,6018,7160,6,1.48493,
/os_cloud_node/points_decim_1,Cloudini-ZSTD 0p0001,135,0.247523,5971,7068,6,1.48514,
/os_cloud_node/points_decim_1,Cloudini-ZSTD 0p0001,136,0.246859,5978,6956,6,1.48115,
/os_cloud_node/points_decim_1,Cloudini-ZSTD 0p0001,137,0.248099,5920,7264,6,1.48859,
/os_cloud_node/points_decim_1,Cloudini-ZSTD 0p0001,138,0.244188,5919,7195,6,1.46513,
/os_cloud_node/points_decim_1,Cloudini-ZSTD 0p0001,139,0.243224,5814,6919,6,1.45934,
/os_cloud_node/points_decim_1,Cloudini-ZSTD 0p0001,140,0.24625,5868,6998,6,1.4775,
/os_cloud_node/points_decim_1,Cloudini-ZSTD 0p0001,141,0.244852,5823,6935,6,1.46911,
/os_cloud_node/points_decim_1,Cloudini-ZSTD 0p0001,142,0.244908,5880,7111,6,1.46945,
/os_cloud_node/points_decim_1,Cloudini-ZSTD 0p0001,143,0.24294,5794,7017,6,1.45764,
/os_cloud_node/points_decim_1,Cloudini-ZSTD 0p0001,144,0.244514,5815,6962,6,1.46708,
/os_cloud_node/points_decim_1,Cloudini-ZSTD 0p0001,145,0.243474,5816,7091,6,1.46085,
/os_cloud_node/points_decim_1,Cloudini-ZSTD 0p0001,146,0.246274,5919,6986,6,1.47765,
/os_cloud_node/points_decim_1,Cloudini-ZSTD 0p0001,147,0.247597,5836,7137,6,1.48558,
/os_cloud_node/points_decim_1,Cloudini-ZSTD 0p0001,148,0.248373,5965,7170,6,1.49024,
/os_cloud_node/points_decim_1,Cloudini-ZSTD 0p0001,149,0.247802,6056,7156,6,1.48681,
/os_cloud_node/points_decim_1,Cloudini-ZSTD 0p0001,150,0.247206,5962,7092,6,1.48323,
/os_cloud_node/points_decim_1,Cloudini-ZSTD 0p0001,151,0.245154,5841,7077,6,1.47092,
/os_cloud_node/points_decim_1,Cloudini-ZSTD 0p0001,152,0.248148,6149,7160,6,1.48889,
/os_cloud_node/points_decim_1,Cloudini-ZSTD 0p0001,153,0.247878,6039,7218,6,1.48727,
/os_cloud_node/points_decim_1,Cloudini-ZSTD 0p0001,154,0.245969,5861,7027,6,1.47581,
/os_cloud_node/points_decim_1,Cloudini-ZSTD 0p0001,155,0.243831,5980,7069,6,1.46299,
/os_cloud_node/points_decim_1,Cloudini-ZSTD 0p0001,156,0.244137,5793,7076,6,1.46482,
/os_cloud_node/points_decim_1,Cloudini-ZSTD 0p0001,157,0.242533,5782,7108,6,1.4552,
/os_cloud_node/points_decim_1,Cloudini-ZSTD 0p0001,158,0.242354,5890,6994,6,1.45412,
/os_cloud_node/points_decim_1,Cloudini-ZSTD 0p0001,159,0.242034,5931,6916,6,1.4522,
/os_cloud_node/points_decim_1,Cloudini-ZSTD 0p0001,160,0.241498,5693,6910,6,1.44899,
/os_cloud_node/points_decim_1,Cloudini-ZSTD 0p0001,161,0.241781,5747,6949,6,1.45069,
/os_cloud_node/points_decim_1,Cloudini-ZSTD 0p0001,162,0.241753,5763,6986,6,1.45052,
/os_cloud_node/points_decim_1,Cloudini-ZSTD 0p0001,163,0.244401,5756,7152,6,1.46641,
/os_cloud_node/points_decim_1,Cloudini-ZSTD 0p0001,164,0.243189,5752,7111,6,1.45914,
/os_cloud_node/points_decim_1,Cloudini-ZSTD 0p0001,165,0.243035,5792,6826,6,1.45821,
/os_cloud_node/points_decim_1,Cloudini-ZSTD 0p0001,166,0.241461,5634,6848,6,1.44877,
/os_cloud_node/points_decim_1,Cloudini-ZSTD 0p0001,167,0.241185,5781,7101,6,1.44711,
/os_cloud_node/points_decim_1,Cloudini-ZSTD 0p0001,168,0.244604,5941,7074,6,1.46762,
/os_cloud_node/points_decim_1,Cloudini-ZSTD 0p0001,169,0.246339,5997,7045,6,1.47803,
/os_cloud_node/points_decim_1,Cloudini-ZSTD 0p0001,170,0.249008,5902,7091,6,1.49405,
/os_cloud_node/points_decim_1,Cloudini-ZSTD 0p0001,171,0.24693,5949,7150,6,1.48158,
/os_cloud_node/points_decim_1,Cloudini-ZSTD 0p0001,172,0.248046,5906,6982,6,1.48828,
/os_cloud_node/points_decim_1,Cloudini-ZSTD 0p0001,173,0.249313,5953,7131,6,1.49588,
/os_cloud_node/points_decim_1,Cloudini-ZSTD 0p0001,174,0.24831,6080,7133,6,1.48986,
/os_cloud_node/points_decim_1,Cloudini-ZSTD 0p0001,175,0.245155,5861,7085,6,1.47093,
/os_cloud_node/points_decim_1,Cloudini-ZSTD 0p0001,176,0.245915,5774,7018,6,1.47549,
/os_cloud_node/points_decim_1,Cloudini-ZSTD 0p0001,177,0.245705,5834,7060,6,1.47423,
/os_cloud_node/points_decim_1,Cloudini-ZSTD 0p0001,178,0.245365,5846,7069,6,1.47219,
/os_cloud_node/points_decim_1,Cloudini-ZSTD 0p0001,179,0.24413,5892,7144,6,1.46478,
/os_cloud_node/points_decim_1,Cloudini-ZSTD 0p0001,180,0.242861,5937,7022,6,1.45717,
/os_cloud_node/points_decim_1,Cloudini-ZSTD 0p0001,181,0.239748,5885,6916,6,1.43849,
/os_cloud_node/points_decim_1,Cloudini-ZSTD 0p0001,182,0.236862,5793,7052,6,1.42117,
/os_cloud_node/points_decim_1,Cloudini-ZSTD 0p0001,183,0.235826,5575,6820,6,1.41496,
/os_cloud_node/points_decim_1,Cloudini-ZSTD 0p0001,184,0.232577,5675,6788,6,1.39546,
/os_cloud_node/points_decim_1,Cloudini-ZSTD 0p0001,185,0.229935,5712,6888,6,1.37961,
/os_cloud_node/points_decim_1,Cloudini-ZSTD 0p0001,186,0.230979,5503,6696,6,1.38587,
/os_cloud_node/points_decim_1,Cloudini-ZSTD 0p0001,187,0.231199,5625,6904,6,1.38719,
/os_cloud_node/points_decim_1,Cloudini-ZSTD 0p0001,188,0.231855,5598,6798,6,1.39113,
/os_cloud_node/points_decim_1,Cloudini-ZSTD 0p0001,189,0.230201,5730,6861,6,1.38121,
/os_cloud_node/points_decim_1,Cloudini-ZSTD 0p0001,190,0.235677,5781,6955,6,1.41406,
/os_cloud_node/points_decim_1,Cloudini-ZSTD 0p0001,191,0.23042,5730,7001,6,1.38252,
/os_cloud_node/points_decim_1,Cloudini-ZSTD 0p0001,192,0.225827,5909,7252,6,1.35496,
/os_cloud_node/points_decim_1,Cloudini-ZSTD 0p0001,193,0.229802,5894,7491,6,1.37881,
/os_cloud_node/points_decim_1,Cloudini-ZSTD 0p0001,194,0.237337,5637,6899,6,1.42402,
/os_cloud_node/points_decim_1,Cloudini-ZSTD 0p0001,195,0.240892,5533,6975,6,1.44535,
/os_cloud_node/points_decim_1,Cloudini-ZSTD 0p0001,196,0.244097,5716,6920,6,1.46458,
/os_cloud_node/points_decim_1,Cloudini-ZSTD 0p0001,197,0.241621,5893,7055,6,1.44973,
/os_cloud_node/points_decim_1,Cloudini-ZSTD 0p0001,198,0.241059,5771,7178,6,1.44635,
/os_cloud_node/points_decim_1,Cloudini-ZSTD 0p0001,199,0.243828,5695,6918,6,1.46297,
/os_cloud_node/points_decim_1,Cloudini-ZSTD 0p0001,200,0.238942,5712,6853,6,1.43365,
/os_cloud_node/points_decim_1,Cloudini-ZSTD 0p0001,201,0.24058,5725,6919,6,1.44348,
/os_cloud_node/points_decim_1,Cloudini-ZSTD 0p0001,202,0.241062,5740,6884,6,1.44637,
/os_cloud_node/points_decim_1,Cloudini-ZSTD 0p0001,203,0.242685,5785,6894,6,1.45611,
/os_cloud_node/points_decim_1,Cloudini-ZSTD 0p0001,204,0.242775,5875,7049,6,1.45665,
/os_cloud_node/points_decim_1,Cloudini-ZSTD 0p0001,205,0.243735,5801,6993,6,1.46241,
/os_cloud_node/points_decim_1,Cloudini-ZSTD 0p0001,206,0.243855,5690,7001,6,1.46313,
/os_cloud_node/points_decim_1,Cloudini-ZSTD 0p0001,207,0.246965,5911,7149,6,1.48179,
/os_cloud_node/points_decim_1,Cloudini-ZSTD 0p0001,208,0.248448,5852,7098,6,1.49069,
/os_cloud_node/points_decim_1,Cloudini-ZSTD 0p0001,209,0.249107,5761,7097,6,1.49464,
/os_cloud_node/points_decim_1,Cloudini-ZSTD 0p0001,210,0.247365,5834,7046,6,1.48419,
/os_cloud_node/points_decim_1,Cloudini-ZSTD 0p0001,211,0.248558,5822,7116,6,1.49135,
/os_cloud_node/points_decim_1,Cloudini-ZSTD 0p0001,212,0.2489,5830,7196,6,1.4934,
/os_cloud_node/points_decim_1,Cloudini-ZSTD 0p0001,213,0.252287,6134,7306,6,1.51372,
/os_cloud_node/points_decim_1,Cloudini-ZSTD 0p0001,214,0.251598,6156,7295,6,1.50959,
/os_cloud_node/points_decim_1,Cloudini-ZSTD 0p0001,215,0.253517,6078,7239,6,1.5211,
/os_cloud_node/points_decim_1,Cloudini-ZSTD 0p0001,216,0.25274,6216,7305,6,1.51644,
/os_cloud_node/points_decim_1,Cloudini-ZSTD 0p0001,217,0.252632,6501,7683,6,1.51579,
/os_cloud_node/points_decim_1,Cloudini-ZSTD 0p0001,218,0.250373,6222,7382,6,1.50224,
/os_cloud_node/points_decim_1,Cloudini-ZSTD 0p0001,219,0.248114,6199,7238,6,1.48868,
/os_cloud_node/points_decim_1,Cloudini-ZSTD 0p0001,220,0.245758,5818,7005,6,1.47455,
/os_cloud_node/points_decim_1,Cloudini-ZSTD 0p0001,221,0.248924,5809,7122,6,1.49355,
/os_cloud_node/points_decim_1,Cloudini-ZSTD 0p0001,222,0.254454,6217,7242,6,1.52672,
/os_cloud_node/points_decim_1,Cloudini-ZSTD 0p0001,223,0.259593,6100,7345,6,1.55756,
/os_cloud_node/points_decim_1,Cloudini-ZSTD 0p0001,224,0.263312,6145,7329,6,1.57987,
/os_cloud_node/points_decim_1,Cloudini-ZSTD 0p0001,225,0.272188,6183,7430,6,1.63313,
/os_cloud_node/points_decim_1,Cloudini-ZSTD 0p0001,226,0.27571,6374,7562,6,1.65426,
/os_cloud_node/points_decim_1,Cloudini-ZSTD 0p0001,227,0.277501,6236,7682,6,1.66501,
/os_cloud_node/points_decim_1,Cloudini-ZSTD 0p0001,228,0.280083,6165,7509,6,1.6805,
/os_cloud_node/points_decim_1,Cloudini-ZSTD 0p0001,229,0.281551,6052,7543,6,1.68931,
/os_cloud_node/points_decim_1,Cloudini-ZSTD 0p0001,230,0.2827,6148,7459,6,1.6962,
/os_cloud_node/points_decim_1,Cloudini-ZSTD 0p0001,231,0.282982,6225,7745,6,1.69789,
/os_cloud_node/points_decim_1,Cloudini-ZSTD 0p0001,232,0.28343,6183,7651,6,1.70058,
/os_cloud_node/points_decim_1,Cloudini-ZSTD 0p0001,233,0.283715,6182,7599,6,1.70229,
/os_cloud_node/points_decim_1,Cloudini-ZSTD 0p0001,234,0.281626,6199,7427,6,1.68976,
/os_cloud_node/points_decim_1,Cloudini-ZSTD 0p0001,235,0.280572,6262,7575,6,1.68343,
/os_cloud_node/points_decim_1,Cloudini-ZSTD 0p0001,236,0.277589,6255,7603,6,1.66553,
/os_cloud_node/points_decim_1,Cloudini-ZSTD 0p0001,237,0.276914,6122,7574,6,1.66149,
/os_cloud_node/points_decim_1,Cloudini-ZSTD 0p001,0,0.241829,5674,7143,6,1.45097,
/os_cloud_node/points_decim_1,Cloudini-ZSTD 0p001,1,0.241659,5744,7084,6,1.44995,
/os_cloud_node/points_decim_1,Cloudini-ZSTD 0p001,2,0.241646,5630,7100,6,1.44988,
/os_cloud_node/points_decim_1,Cloudini-ZSTD 0p001,3,0.241673,5573,7158,6,1.45004,
/os_cloud_node/points_decim_1,Cloudini-ZSTD 0p001,4,0.243136,5617,7095,6,1.45882,
/os_cloud_node/points_decim_1,Cloudini-ZSTD 0p001,5,0.24308,5598,7104,6,1.45848,
/os_cloud_node/points_decim_1,Cloudini-ZSTD 0p001,6,0.244365,5466,6883,6,1.46619,
/os_cloud_node/points_decim_1,Cloudini-ZSTD 0p001,7,0.24565,5589,7122,6,1.4739,
/os_cloud_node/points_decim_1,Cloudini-ZSTD 0p001,8,0.246355,5575,6993,6,1.47813,
/os_cloud_node/points_decim_1,Cloudini-ZSTD 0p001,9,0.247168,5573,7017,6,1.48301,
/os_cloud_node/points_decim_1,Cloudini-ZSTD 0p001,10,0.246431,5581,6881,6,1.47859,
/os_cloud_node/points_decim_1,Cloudini-ZSTD 0p001,11,0.246099,5590,7032,6,1.47659,
/os_cloud_node/points_decim_1,Cloudini-ZSTD 0p001,12,0.245294,5525,6855,6,1.47176,
/os_cloud_node/points_decim_1,Cloudini-ZSTD 0p001,13,0.243837,5695,6993,6,1.46302,
/os_cloud_node/points_decim_1,Cloudini-ZSTD 0p001,14,0.240193,5560,7031,6,1.44116,
/os_cloud_node/points_decim_1,Cloudini-ZSTD 0p001,15,0.234921,5735,6956,6,1.40952,
/os_cloud_node/points_decim_1,Cloudini-ZSTD 0p001,16,0.228742,5695,6976,6,1.37245,
/os_cloud_node/points_decim_1,Cloudini-ZSTD 0p001,17,0.22378,5742,6904,6,1.34268,
/os_cloud_node/points_decim_1,Cloudini-ZSTD 0p001,18,0.219568,5758,6856,6,1.31741,
/os_cloud_node/points_decim_1,Cloudini-ZSTD 0p001,19,0.218025,5660,6781,6,1.30815,
/os_cloud_node/points_decim_1,Cloudini-ZSTD 0p001,20,0.216972,5708,6962,6,1.30183,
/os_cloud_node/points_decim_1,Cloudini-ZSTD 0p001,21,0.218843,5667,6735,6,1.31306,
/os_cloud_node/points_decim_1,Cloudini-ZSTD 0p001,22,0.218503,5792,6778,6,1.31102,
/os_cloud_node/points_decim_1,Cloudini-ZSTD 0p001,23,0.21847,5778,6837,6,1.31082,
/os_cloud_node/points_decim_1,Cloudini-ZSTD 0p001,24,0.219346,5721,6775,6,1.31608,
/os_cloud_node/points_decim_1,Cloudini-ZSTD 0p001,25,0.220101,5787,6918,6,1.3206,
/os_cloud_node/points_decim_1,Cloudini-ZSTD 0p001,26,0.220856,5738,6759,6,1.32513,
/os_cloud_node/points_decim_1,Cloudini-ZSTD 0p001,27,0.221914,5790,6768,6,1.33149,
/os_cloud_node/points_decim_1,Cloudini-ZSTD 0p001,28,0.222308,5716,6931,6,1.33385,
/os_cloud_node/points_decim_1,Cloudini-ZSTD 0p001,29,0.223001,5814,6842,6,1.33801,
/os_cloud_node/points_decim_1,Cloudini-ZSTD 0p001,30,0.222528,5718,6830,6,1.33517,
/os_cloud_node/points_decim_1,Cloudini-ZSTD 0p001,31,0.221763,5876,7016,6,1.33058,
/os_cloud_node/points_decim_1,Cloudini-ZSTD 0p001,32,0.215639,5667,6859,6,1.29383,
/os_cloud_node/points_decim_1,Cloudini-ZSTD 0p001,33,0.210493,5699,7005,6,1.26296,
/os_cloud_node/points_decim_1,Cloudini-ZSTD 0p001,34,0.21089,5717,6795,6,1.26534,
/os_cloud_node/points_decim_1,Cloudini-ZSTD 0p001,35,0.214575,5657,6859,6,1.28745,
/os_cloud_node/points_decim_1,Cloudini-ZSTD 0p001,36,0.216279,5678,6888,6,1.29768,
/os_cloud_node/points_decim_1,Cloudini-ZSTD 0p001,37,0.217758,5868,6820,6,1.30655,
/os_cloud_node/points_decim_1,Cloudini-ZSTD 0p001,38,0.218311,5688,6818,6,1.30986,
/os_cloud_node/points_decim_1,Cloudini-ZSTD 0p001,39,0.217938,5770,6784,6,1.30763,
/os_cloud_node/points_decim_1,Cloudini-ZSTD 0p001,40,0.217931,5860,6744,6,1.30759,
/os_cloud_node/points_decim_1,Cloudini-ZSTD 0p001,41,0.215537,5871,6979,6,1.29322,
/os_cloud_node/points_decim_1,Cloudini-ZSTD 0p001,42,0.214587,5517,6874,6,1.28752,
/os_cloud_node/points_decim_1,Cloudini-ZSTD 0p001,43,0.21383,5861,6831,6,1.28298,
/os_cloud_node/points_decim_1,Cloudini-ZSTD 0p001,44,0.213922,5743,6725,6,1.28353,
/os_cloud_node/points_decim_1,Cloudini-ZSTD 0p001,45,0.213751,5822,6748,6,1.2825,
/os_cloud_node/points_decim_1,Cloudini-ZSTD 0p001,46,0.213186,5754,6738,6,1.27912,
/os_cloud_node/points_decim_1,Cloudini-ZSTD 0p001,47,0.212538,5723,6892,6,1.27523,
/os_cloud_node/points_decim_1,Cloudini-ZSTD 0p001,48,0.212308,5653,6919,6,1.27385,
/os_cloud_node/points_decim_1,Cloudini-ZSTD 0p001,49,0.209827,5742,6768,6,1.25896,
/os_cloud_node/points_decim_1,Cloudini-ZSTD 0p001,50,0.206614,5867,6653,6,1.23968,
/os_cloud_node/points_decim_1,Cloudini-ZSTD 0p001,51,0.20782,5793,6847,6,1.24692,
/os_cloud_node/points_decim_1,Cloudini-ZSTD 0p001,52,0.205839,5917,6860,6,1.23503,
/os_cloud_node/points_decim_1,Cloudini-ZSTD 0p001,53,0.206545,5843,6899,6,1.23927,
/os_cloud_node/points_decim_1,Cloudini-ZSTD 0p001,54,0.206684,5774,6684,6,1.24011,
/os_cloud_node/points_decim_1,Cloudini-ZSTD 0p001,55,0.207375,5837,6733,6,1.24425,
/os_cloud_node/points_decim_1,Cloudini-ZSTD 0p001,56,0.20872,5778,6639,6,1.25232,
/os_cloud_node/points_decim_1,Cloudini-ZSTD 0p001,57,0.208283,5685,6822,6,1.2497,
/os_cloud_node/points_decim_1,Cloudini-ZSTD 0p001,58,0.208651,5711,6618,6,1.25191,
/os_cloud_node/points_decim_1,Cloudini-ZSTD 0p001,59,0.208424,5687,6736,6,1.25055,
/os_cloud_node/points_decim_1,Cloudini-ZSTD 0p001,60,0.208876,5703,6817,6,1.25326,
/os_cloud_node/points_decim_1,Cloudini-ZSTD 0p001,61,0.205949,5956,6854,6,1.2357,
/os_cloud_node/points_decim_1,Cloudini-ZSTD 0p001,62,0.209255,5913,7048,6,1.25553,
/os_cloud_node/points_decim_1,Cloudini-ZSTD 0p001,63,0.210684,5845,6813,6,1.26411,
/os_cloud_node/points_decim_1,Cloudini-ZSTD 0p001,64,0.20829,5818,6864,6,1.24974,
/os_cloud_node/points_decim_1,Cloudini-ZSTD 0p001,65,0.207404,5843,6860,6,1.24443,
/os_cloud_node/points_decim_1,Cloudini-ZSTD 0p001,66,0.205777,5691,6730,6,1.23466,
/os_cloud_node/points_decim_1,Cloudini-ZSTD 0p001,67,0.203638,5506,6691,6,1.22183,
/os_cloud_node/points_decim_1,Cloudini-ZSTD 0p001,68,0.200892,5556,6637,6,1.20535,
/os_cloud_node/points_decim_1,Cloudini-ZSTD 0p001,69,0.199024,5756,6839,6,1.19415,
/os_cloud_node/points_decim_1,Cloudini-ZSTD 0p001,70,0.199602,5738,6602,6,1.19761,
/os_cloud_node/points_decim_1,Cloudini-ZSTD 0p001,71,0.200775,5818,6832,6,1.20465,
/os_cloud_node/points_decim_1,Cloudini-ZSTD 0p001,72,0.200608,5720,6692,6,1.20365,
/os_cloud_node/points_decim_1,Cloudini-ZSTD 0p001,73,0.201692,5787,6739,6,1.21015,
/os_cloud_node/points_decim_1,Cloudini-ZSTD 0p001,74,0.202402,5775,6708,6,1.21441,
/os_cloud_node/points_decim_1,Cloudini-ZSTD 0p001,75,0.202478,5708,6718,6,1.21487,
/os_cloud_node/points_decim_1,Cloudini-ZSTD 0p001,76,0.204024,5780,6659,6,1.22414,
/os_cloud_node/points_decim_1,Cloudini-ZSTD 0p001,77,0.207812,6016,6750,6,1.24687,
/os_cloud_node/points_decim_1,Cloudini-ZSTD 0p001,78,0.207961,5792,6643,6,1.24777,
/os_cloud_node/points_decim_1,Cloudini-ZSTD 0p001,79,0.209236,5733,6811,6,1.25541,
/os_cloud_node/points_decim_1,Cloudini-ZSTD 0p001,80,0.211766,5781,6694,6,1.2706,
/os_cloud_node/points_decim_1,Cloudini-ZSTD 0p001,81,0.212159,5654,6734,6,1.27295,
/os_cloud_node/points_decim_1,Cloudini-ZSTD 0p001,82,0.21186,5646,6751,6,1.27116,
/os_cloud_node/points_decim_1,Cloudini-ZSTD 0p001,83,0.214625,5775,6776,6,1.28775,
/os_cloud_node/points_decim_1,Cloudini-ZSTD 0p001,84,0.215147,5576,6764,6,1.29088,
/os_cloud_node/points_decim_1,Cloudini-ZSTD 0p001,85,0.213273,5691,6839,6,1.27964,
/os_cloud_node/points_decim_1,Cloudini-ZSTD 0p001,86,0.211362,5752,6675,6,1.26817,
/os_cloud_node/points_decim_1,Cloudini-ZSTD 0p001,87,0.210871,5698,6729,6,1.26523,
/os_cloud_node/points_decim_1,Cloudini-ZSTD 0p001,88,0.210138,5679,6834,6,1.26083,
/os_cloud_node/points_decim_1,Cloudini-ZSTD 0p001,89,0.21031,5772,6827,6,1.26186,
/os_cloud_node/points_decim_1,Cloudini-ZSTD 0p001,90,0.211063,5699,6776,6,1.26638,
/os_cloud_node/points_decim_1,Cloudini-ZSTD 0p001,91,0.210801,5718,6699,6,1.2648,
/os_cloud_node/points_decim_1,Cloudini-ZSTD 0p001,92,0.21114,5784,6661,6,1.26684,
/os_cloud_node/points_decim_1,Cloudini-ZSTD 0p001,93,0.210273,5817,6898,6,1.26164,
/os_cloud_node/points_decim_1,Cloudini-ZSTD 0p001,94,0.210612,5645,6957,6,1.26367,
/os_cloud_node/points_decim_1,Cloudini-ZSTD 0p001,95,0.210881,5857,6764,6,1.26529,
/os_cloud_node/points_decim_1,Cloudini-ZSTD 0p001,96,0.208882,5839,6865,6,1.25329,
/os_cloud_node/points_decim_1,Cloudini-ZSTD 0p001,97,0.208786,5702,6877,6,1.25272,
/os_cloud_node/points_decim_1,Cloudini-ZSTD 0p001,98,0.208325,5788,6794,6,1.24995,
/os_cloud_node/points_decim_1,Cloudini-ZSTD 0p001,99,0.20658,5947,6756,6,1.23948,
/os_cloud_node/points_decim_1,Cloudini-ZSTD 0p001,100,0.206946,5713,6684,6,1.24168,
/os_cloud_node/points_decim_1,Cloudini-ZSTD 0p001,101,0.207604,5859,6807,6,1.24562,
/os_cloud_node/points_decim_1,Cloudini-ZSTD 0p001,102,0.206447,5926,6811,6,1.23868,
/os_cloud_node/points_decim_1,Cloudini-ZSTD 0p001,103,0.209582,5744,6656,6,1.25749,
/os_cloud_node/points_decim_1,Cloudini-ZSTD 0p001,104,0.210513,5861,6859,6,1.26308,
/os_cloud_node/points_decim_1,Cloudini-ZSTD 0p001,105,0.210442,5848,6738,6,1.26265,
/os_cloud_node/points_decim_1,Cloudini-ZSTD 0p001,106,0.211832,5851,6711,6,1.27099,
/os_cloud_node/points_decim_1,Cloudini-ZSTD 0p001,107,0.211264,5637,6819,6,1.26758,
/os_cloud_node/points_decim_1,Cloudini-ZSTD 0p001,108,0.210759,5797,6904,6,1.26455,
/os_cloud_node/points_decim_1,Cloudini-ZSTD 0p001,109,0.210953,5811,6731,6,1.26572,
/os_cloud_node/points_decim_1,Cloudini-ZSTD 0p001,110,0.210585,5822,6910,6,1.26351,
/os_cloud_node/points_decim_1,Cloudini-ZSTD 0p001,111,0.21265,5895,6797,6,1.2759,
/os_cloud_node/points_decim_1,Cloudini-ZSTD 0p001,112,0.213337,5819,6818,6,1.28002,
/os_cloud_node/points_decim_1,Cloudini-ZSTD 0p001,113,0.211041,5837,6863,6,1.26625,
/os_cloud_node/points_decim_1,Cloudini-ZSTD 0p001,114,0.211819,5844,6898,6,1.27092,
/os_cloud_node/points_decim_1,Cloudini-ZSTD 0p001,115,0.211413,5656,6629,6,1.26848,
/os_cloud_node/points_decim_1,Cloudini-ZSTD 0p001,116,0.210157,5779,6946,6,1.26094,
/os_cloud_node/points_decim_1,Cloudini-ZSTD 0p001,117,0.210552,5724,6878,6,1.26331,
/os_cloud_node/points_decim_1,Cloudini-ZSTD 0p001,118,0.209978,5767,6711,6,1.25987,
/os_cloud_node/points_decim_1,Cloudini-ZSTD 0p001,119,0.208865,5975,7187,6,1.25319,
/os_cloud_node/points_decim_1,Cloudini-ZSTD 0p001,120,0.209532,5674,6591,6,1.25719,
/os_cloud_node/points_decim_1,Cloudini-ZSTD 0p001,121,0.211602,5809,6722,6,1.26961,
/os_cloud_node/points_decim_1,Cloudini-ZSTD 0p001,122,0.211178,5848,6860,6,1.26707,
/os_cloud_node/points_decim_1,Cloudini-ZSTD 0p001,123,0.212671,5872,6666,6,1.27603,
/os_cloud_node/points_decim_1,Cloudini-ZSTD 0p001,124,0.212008,5812,6886,6,1.27205,
/os_cloud_node/points_decim_1,Cloudini-ZSTD 0p001,125,0.213048,5702,6865,6,1.27829,
/os_cloud_node/points_decim_1,Cloudini-ZSTD 0p001,126,0.211138,5644,6666,6,1.26683,
/os_cloud_node/points_decim_1,Cloudini-ZSTD 0p001,127,0.212753,5832,6734,6,1.27652,
/os_cloud_node/points_decim_1,Cloudini-ZSTD 0p001,128,0.211263,5861,6838,6,1.26758,
/os_cloud_node/points_decim_1,Cloudini-ZSTD 0p001,129,0.209617,5698,6885,6,1.2577,
/os_cloud_node/points_decim_1,Cloudini-ZSTD 0p001,130,0.209751,5845,6780,6,1.2585,
/os_cloud_node/points_decim_1,Cloudini-ZSTD 0p001,131,0.210442,5840,6904,6,1.26265,
/os_cloud_node/points_decim_1,Cloudini-ZSTD 0p001,132,0.210229,5758,6916,6,1.26137,
/os_cloud_node/points_decim_1,Cloudini-ZSTD 0p001,133,0.212634,5746,6908,6,1.2758,
/os_cloud_node/points_decim_1,Cloudini-ZSTD 0p001,134,0.212901,5864,6782,6,1.27741,
/os_cloud_node/points_decim_1,Cloudini-ZSTD 0p001,135,0.212983,5976,6964,6,1.2779,
/os_cloud_node/points_decim_1,Cloudini-ZSTD 0p001,136,0.212302,5899,6933,6,1.27381,
/os_cloud_node/points_decim_1,Cloudini-ZSTD 0p001,137,0.213838,5765,6972,6,1.28303,
/os_cloud_node/points_decim_1,Cloudini-ZSTD 0p001,138,0.210809,5924,7035,6,1.26485,
/os_cloud_node/points_decim_1,Cloudini-ZSTD 0p001,139,0.210025,5901,6797,6,1.26015,
/os_cloud_node/points_decim_1,Cloudini-ZSTD 0p001,140,0.212041,5681,6708,6,1.27225,
/os_cloud_node/points_decim_1,Cloudini-ZSTD 0p001,141,0.210837,5737,6875,6,1.26502,
/os_cloud_node/points_decim_1,Cloudini-ZSTD 0p001,142,0.210973,5737,6767,6,1.26584,
/os_cloud_node/points_decim_1,Cloudini-ZSTD 0p001,143,0.209325,5757,6889,6,1.25595,
/os_cloud_node/points_decim_1,Cloudini-ZSTD 0p001,144,0.210949,5632,6842,6,1.26569,
/os_cloud_node/points_decim_1,Cloudini-ZSTD 0p001,145,0.210201,5649,6964,6,1.2612,
/os_cloud_node/points_decim_1,Cloudini-ZSTD 0p001,146,0.212728,5830,6923,6,1.27637,
/os_cloud_node/points_decim_1,Cloudini-ZSTD 0p001,147,0.213539,5770,7028,6,1.28123,
/os_cloud_node/points_decim_1,Cloudini-ZSTD 0p001,148,0.213707,5789,6849,6,1.28224,
/os_cloud_node/points_decim_1,Cloudini-ZSTD 0p001,149,0.212224,5757,6727,6,1.27334,
/os_cloud_node/points_decim_1,Cloudini-ZSTD 0p001,150,0.212274,5770,6865,6,1.27365,
/os_cloud_node/points_decim_1,Cloudini-ZSTD 0p001,151,0.211154,5856,6766,6,1.26692,
/os_cloud_node/points_decim_1,Cloudini-ZSTD 0p001,152,0.213021,5613,7050,6,1.27812,
/os_cloud_node/points_decim_1,Cloudini-ZSTD 0p001,153,0.212903,5824,6801,6,1.27742,
/os_cloud_node/points_decim_1,Cloudini-ZSTD 0p001,154,0.212461,5802,6853,6,1.27476,
/os_cloud_node/points_decim_1,Cloudini-ZSTD 0p001,155,0.210601,5756,6850,6,1.2636,
/os_cloud_node/points_decim_1,Cloudini-ZSTD 0p001,156,0.210712,5909,6703,6,1.26427,
/os_cloud_node/points_decim_1,Cloudini-ZSTD 0p001,157,0.209324,5748,6862,6,1.25594,
/os_cloud_node/points_decim_1,Cloudini-ZSTD 0p001,158,0.208903,5883,6842,6,1.25342,
/os_cloud_node/points_decim_1,Cloudini-ZSTD 0p001,159,0.208534,5819,6724,6,1.2512,
/os_cloud_node/points_decim_1,Cloudini-ZSTD 0p001,160,0.207904,5763,6889,6,1.24743,
/os_cloud_node/points_decim_1,Cloudini-ZSTD 0p001,161,0.208538,5705,6670,6,1.25123,
/os_cloud_node/points_decim_1,Cloudini-ZSTD 0p001,162,0.2084,5717,6904,6,1.2504,
/os_cloud_node/points_decim_1,Cloudini-ZSTD 0p001,163,0.210492,5824,6930,6,1.26295,
/os_cloud_node/points_decim_1,Cloudini-ZSTD 0p001,164,0.209479,5814,6873,6,1.25687,
/os_cloud_node/points_decim_1,Cloudini-ZSTD 0p001,165,0.209291,5796,6725,6,1.25575,
/os_cloud_node/points_decim_1,Cloudini-ZSTD 0p001,166,0.207972,5778,6666,6,1.24783,
/os_cloud_node/points_decim_1,Cloudini-ZSTD 0p001,167,0.207969,5761,6927,6,1.24782,
/os_cloud_node/points_decim_1,Cloudini-ZSTD 0p001,168,0.209439,5695,6758,6,1.25663,
/os_cloud_node/points_decim_1,Cloudini-ZSTD 0p001,169,0.211734,5733,6809,6,1.2704,
/os_cloud_node/points_decim_1,Cloudini-ZSTD 0p001,170,0.213785,5743,6814,6,1.28271,
/os_cloud_node/points_decim_1,Cloudini-ZSTD 0p001,171,0.212771,5645,6905,6,1.27662,
/os_cloud_node/points_decim_1,Cloudini-ZSTD 0p001,172,0.213241,5745,6791,6,1.27944,
/os_cloud_node/points_decim_1,Cloudini-ZSTD 0p001,173,0.213553,5840,6825,6,1.28132,
/os_cloud_node/points_decim_1,Cloudini-ZSTD 0p001,174,0.213264,5739,6865,6,1.27958,
/os_cloud_node/points_decim_1,Cloudini-ZSTD 0p001,175,0.211871,5879,6936,6,1.27122,
/os_cloud_node/points_decim_1,Cloudini-ZSTD 0p001,176,0.212658,5779,7033,6,1.27595,
/os_cloud_node/points_decim_1,Cloudini-ZSTD 0p001,177,0.212217,5956,6847,6,1.2733,
/os_cloud_node/points_decim_1,Cloudini-ZSTD 0p001,178,0.211685,5876,6814,6,1.27011,
/os_cloud_node/points_decim_1,Cloudini-ZSTD 0p001,179,0.21049,5967,6965,6,1.26294,
/os_cloud_node/points_decim_1,Cloudini-ZSTD 0p001,180,0.209808,5858,6831,6,1.25885,
/os_cloud_node/points_decim_1,Cloudini-ZSTD 0p001,181,0.206814,5858,6773,6,1.24088,
/os_cloud_node/points_decim_1,Cloudini-ZSTD 0p001,182,0.204132,5765,6667,6,1.22479,
/os_cloud_node/points_decim_1,Cloudini-ZSTD 0p001,183,0.202826,5525,6738,6,1.21696,
/os_cloud_node/points_decim_1,Cloudini-ZSTD 0p001,184,0.200179,5764,6691,6,1.20108,
/os_cloud_node/points_decim_1,Cloudini-ZSTD 0p001,185,0.198877,5775,6809,6,1.19326,
/os_cloud_node/points_decim_1,Cloudini-ZSTD 0p001,186,0.200006,5585,6724,6,1.20004,
/os_cloud_node/points_decim_1,Cloudini-ZSTD 0p001,187,0.199116,5777,6799,6,1.1947,
/os_cloud_node/points_decim_1,Cloudini-ZSTD 0p001,188,0.199969,5749,6634,6,1.19981,
/os_cloud_node/points_decim_1,Cloudini-ZSTD 0p001,189,0.199255,5593,6759,6,1.19553,
/os_cloud_node/points_decim_1,Cloudini-ZSTD 0p001,190,0.203938,5749,6753,6,1.22363,
/os_cloud_node/points_decim_1,Cloudini-ZSTD 0p001,191,0.200329,5675,6871,6,1.20198,
/os_cloud_node/points_decim_1,Cloudini-ZSTD 0p001,192,0.197657,5689,6836,6,1.18594,
/os_cloud_node/points_decim_1,Cloudini-ZSTD 0p001,193,0.200803,5632,7330,6,1.20482,
/os_cloud_node/points_decim_1,Cloudini-ZSTD 0p001,194,0.206078,5684,6823,6,1.23647,
/os_cloud_node/points_decim_1,Cloudini-ZSTD 0p001,195,0.20697,5704,6765,6,1.24182,
/os_cloud_node/points_decim_1,Cloudini-ZSTD 0p001,196,0.209447,5619,6778,6,1.25668,
/os_cloud_node/points_decim_1,Cloudini-ZSTD 0p001,197,0.208454,5821,6768,6,1.25073,
/os_cloud_node/points_decim_1,Cloudini-ZSTD 0p001,198,0.208193,5585,6861,6,1.24916,
/os_cloud_node/points_decim_1,Cloudini-ZSTD 0p001,199,0.209179,5610,6731,6,1.25507,
/os_cloud_node/points_decim_1,Cloudini-ZSTD 0p001,200,0.20499,5623,6722,6,1.22994,
/os_cloud_node/points_decim_1,Cloudini-ZSTD 0p001,201,0.206842,5750,6692,6,1.24105,
/os_cloud_node/points_decim_1,Cloudini-ZSTD 0p001,202,0.207061,5843,6862,6,1.24237,
/os_cloud_node/points_decim_1,Cloudini-ZSTD 0p001,203,0.208546,5807,6965,6,1.25128,
/os_cloud_node/points_decim_1,Cloudini-ZSTD 0p001,204,0.209017,5842,6712,6,1.2541,
/os_cloud_node/points_decim_1,Cloudini-ZSTD 0p001,205,0.209801,5790,6660,6,1.25881,
/os_cloud_node/points_decim_1,Cloudini-ZSTD 0p001,206,0.210381,5686,6716,6,1.26228,
/os_cloud_node/points_decim_1,Cloudini-ZSTD 0p001,207,0.213485,5710,6813,6,1.28091,
/os_cloud_node/points_decim_1,Cloudini-ZSTD 0p001,208,0.214512,6296,6991,6,1.28707,
/os_cloud_node/points_decim_1,Cloudini-ZSTD 0p001,209,0.215187,5634,6711,6,1.29112,
/os_cloud_node/points_decim_1,Cloudini-ZSTD 0p001,210,0.213314,5694,6894,6,1.27988,
/os_cloud_node/points_decim_1,Cloudini-ZSTD 0p001,211,0.214256,5716,6788,6,1.28553,
/os_cloud_node/points_decim_1,Cloudini-ZSTD 0p001,212,0.214766,5709,6893,6,1.2886,
/os_cloud_node/points_decim_1,Cloudini-ZSTD 0p001,213,0.217085,5682,6781,6,1.30251,
/os_cloud_node/points_decim_1,Cloudini-ZSTD 0p001,214,0.216691,5743,6745,6,1.30015,
/os_cloud_node/points_decim_1,Cloudini-ZSTD 0p001,215,0.218266,5662,6753,6,1.3096,
/os_cloud_node/points_decim_1,Cloudini-ZSTD 0p001,216,0.216732,5819,7002,6,1.30039,
/os_cloud_node/points_decim_1,Cloudini-ZSTD 0p001,217,0.217204,5925,6787,6,1.30322,
/os_cloud_node/points_decim_1,Cloudini-ZSTD 0p001,218,0.216408,5781,6790,6,1.29845,
/os_cloud_node/points_decim_1,Cloudini-ZSTD 0p001,219,0.214678,5796,6762,6,1.28807,
/os_cloud_node/points_decim_1,Cloudini-ZSTD 0p001,220,0.212113,5657,6767,6,1.27268,
/os_cloud_node/points_decim_1,Cloudini-ZSTD 0p001,221,0.215759,5551,6956,6,1.29456,
/os_cloud_node/points_decim_1,Cloudini-ZSTD 0p001,222,0.219628,5754,6779,6,1.31777,
/os_cloud_node/points_decim_1,Cloudini-ZSTD 0p001,223,0.223922,5748,6856,6,1.34353,
/os_cloud_node/points_decim_1,Cloudini-ZSTD 0p001,224,0.226451,5609,6928,6,1.35871,
/os_cloud_node/points_decim_1,Cloudini-ZSTD 0p001,225,0.233975,5625,6825,6,1.40385,
/os_cloud_node/points_decim_1,Cloudini-ZSTD 0p001,226,0.238568,5761,7140,6,1.43141,
/os_cloud_node/points_decim_1,Cloudini-ZSTD 0p001,227,0.241343,5455,7006,6,1.44806,
/os_cloud_node/points_decim_1,Cloudini-ZSTD 0p001,228,0.244388,5544,6896,6,1.46633,
/os_cloud_node/points_decim_1,Cloudini-ZSTD 0p001,229,0.245324,5534,6967,6,1.47195,
/os_cloud_node/points_decim_1,Cloudini-ZSTD 0p001,230,0.246457,5505,6954,6,1.47874,
/os_cloud_node/points_decim_1,Cloudini-ZSTD 0p001,231,0.246729,5630,7247,6,1.48037,
/os_cloud_node/points_decim_1,Cloudini-ZSTD 0p001,232,0.247113,5566,7005,6,1.48268,
/os_cloud_node/points_decim_1,Cloudini-ZSTD 0p001,233,0.247131,5559,7049,6,1.48279,
/os_cloud_node/points_decim_1,Cloudini-ZSTD 0p001,234,0.245813,5540,7127,6,1.47488,
/os_cloud_node/points_decim_1,Cloudini-ZSTD 0p001,235,0.245229,5639,7015,6,1.47137,
/os_cloud_node/points_decim_1,Cloudini-ZSTD 0p001,236,0.242607,6470,6966,6,1.45564,
/os_cloud_node/points_decim_1,Cloudini-ZSTD 0p001,237,0.24203,5677,6983,6,1.45218,
/os_cloud_node/points_decim_1,Cloudini-ZSTD 0p01,0,0.214725,5590,6694,6,1.28835,
/os_cloud_node/points_decim_1,Cloudini-ZSTD 0p01,1,0.214391,5662,6870,6,1.28634,
/os_cloud_node/points_decim_1,Cloudini-ZSTD 0p01,2,0.214537,5676,6773,6,1.28722,
/os_cloud_node/points_decim_1,Cloudini-ZSTD 0p01,3,0.21464,5611,6757,6,1.28784,
/os_cloud_node/points_decim_1,Cloudini-ZSTD 0p01,4,0.215543,5556,6934,6,1.29326,
/os_cloud_node/points_decim_1,Cloudini-ZSTD 0p01,5,0.215688,5621,6865,6,1.29413,
/os_cloud_node/points_decim_1,Cloudini-ZSTD 0p01,6,0.216823,5601,6620,6,1.30094,
/os_cloud_node/points_decim_1,Cloudini-ZSTD 0p01,7,0.218326,5457,6904,6,1.30995,
/os_cloud_node/points_decim_1,Cloudini-ZSTD 0p01,8,0.218366,5683,6756,6,1.3102,
/os_cloud_node/points_decim_1,Cloudini-ZSTD 0p01,9,0.219864,5412,6595,6,1.31918,
/os_cloud_node/points_decim_1,Cloudini-ZSTD 0p01,10,0.219083,5654,6711,6,1.3145,
/os_cloud_node/points_decim_1,Cloudini-ZSTD 0p01,11,0.218538,5609,6717,6,1.31123,
/os_cloud_node/points_decim_1,Cloudini-ZSTD 0p01,12,0.21766,5499,6853,6,1.30596,
/os_cloud_node/points_decim_1,Cloudini-ZSTD 0p01,13,0.215077,5624,6642,6,1.29046,
/os_cloud_node/points_decim_1,Cloudini-ZSTD 0p01,14,0.211297,5531,6590,6,1.26778,
/os_cloud_node/points_decim_1,Cloudini-ZSTD 0p01,15,0.207016,5551,6678,6,1.24209,
/os_cloud_node/points_decim_1,Cloudini-ZSTD 0p01,16,0.201836,5557,6589,6,1.21102,
/os_cloud_node/points_decim_1,Cloudini-ZSTD 0p01,17,0.19665,5590,6662,6,1.1799,
/os_cloud_node/points_decim_1,Cloudini-ZSTD 0p01,18,0.192941,5748,6748,6,1.15765,
/os_cloud_node/points_decim_1,Cloudini-ZSTD 0p01,19,0.191088,5675,6567,6,1.14653,
/os_cloud_node/points_decim_1,Cloudini-ZSTD 0p01,20,0.189906,5778,6684,6,1.13944,
/os_cloud_node/points_decim_1,Cloudini-ZSTD 0p01,21,0.191024,5562,6639,6,1.14615,
/os_cloud_node/points_decim_1,Cloudini-ZSTD 0p01,22,0.191125,5641,6605,6,1.14675,
/os_cloud_node/points_decim_1,Cloudini-ZSTD 0p01,23,0.191412,5701,6578,6,1.14847,
/os_cloud_node/points_decim_1,Cloudini-ZSTD 0p01,24,0.192094,5481,6665,6,1.15256,
/os_cloud_node/points_decim_1,Cloudini-ZSTD 0p01,25,0.193081,5611,6775,6,1.15849,
/os_cloud_node/points_decim_1,Cloudini-ZSTD 0p01,26,0.193614,5638,6642,6,1.16168,
/os_cloud_node/points_decim_1,Cloudini-ZSTD 0p01,27,0.194596,5495,6736,6,1.16758,
/os_cloud_node/points_decim_1,Cloudini-ZSTD 0p01,28,0.195325,5575,6695,6,1.17195,
/os_cloud_node/points_decim_1,Cloudini-ZSTD 0p01,29,0.195927,5493,6661,6,1.17556,
/os_cloud_node/points_decim_1,Cloudini-ZSTD 0p01,30,0.195119,5585,6554,6,1.17071,
/os_cloud_node/points_decim_1,Cloudini-ZSTD 0p01,31,0.194223,5768,6940,6,1.16534,
/os_cloud_node/points_decim_1,Cloudini-ZSTD 0p01,32,0.188998,5804,6694,6,1.13399,
/os_cloud_node/points_decim_1,Cloudini-ZSTD 0p01,33,0.18248,6166,6740,6,1.09488,
/os_cloud_node/points_decim_1,Cloudini-ZSTD 0p01,34,0.183044,6066,6633,6,1.09826,
/os_cloud_node/points_decim_1,Cloudini-ZSTD 0p01,35,0.186402,5749,6559,6,1.11841,
/os_cloud_node/points_decim_1,Cloudini-ZSTD 0p01,36,0.187671,5882,7639,6,1.12602,
/os_cloud_node/points_decim_1,Cloudini-ZSTD 0p01,37,0.190028,5755,6525,6,1.14017,
/os_cloud_node/points_decim_1,Cloudini-ZSTD 0p01,38,0.190687,5794,6538,6,1.14412,
/os_cloud_node/points_decim_1,Cloudini-ZSTD 0p01,39,0.190727,5747,6665,6,1.14436,
/os_cloud_node/points_decim_1,Cloudini-ZSTD 0p01,40,0.190961,5762,7215,6,1.14576,
/os_cloud_node/points_decim_1,Cloudini-ZSTD 0p01,41,0.189216,5499,6690,6,1.13529,
/os_cloud_node/points_decim_1,Cloudini-ZSTD 0p01,42,0.18754,5852,6504,6,1.12524,
/os_cloud_node/points_decim_1,Cloudini-ZSTD 0p01,43,0.186768,5770,6652,6,1.12061,
/os_cloud_node/points_decim_1,Cloudini-ZSTD 0p01,44,0.186683,5738,6703,6,1.1201,
/os_cloud_node/points_decim_1,Cloudini-ZSTD 0p01,45,0.187191,5549,6837,6,1.12314,
/os_cloud_node/points_decim_1,Cloudini-ZSTD 0p01,46,0.185162,6141,6825,6,1.11097,
/os_cloud_node/points_decim_1,Cloudini-ZSTD 0p01,47,0.184152,6100,6774,6,1.10491,
/os_cloud_node/points_decim_1,Cloudini-ZSTD 0p01,48,0.185083,5766,6608,6,1.1105,
/os_cloud_node/points_decim_1,Cloudini-ZSTD 0p01,49,0.181901,6222,6459,6,1.09141,
/os_cloud_node/points_decim_1,Cloudini-ZSTD 0p01,50,0.178239,6298,6910,6,1.06943,
/os_cloud_node/points_decim_1,Cloudini-ZSTD 0p01,51,0.178986,6451,6619,6,1.07392,
/os_cloud_node/points_decim_1,Cloudini-ZSTD 0p01,52,0.176884,6506,6867,6,1.06131,
/os_cloud_node/points_decim_1,Cloudini-ZSTD 0p01,53,0.177659,6492,6751,6,1.06596,
/os_cloud_node/points_decim_1,Cloudini-ZSTD 0p01,54,0.178523,6116,6506,6,1.07114,
/os_cloud_node/points_decim_1,Cloudini-ZSTD 0p01,55,0.179137,6086,6438,6,1.07482,
/os_cloud_node/points_decim_1,Cloudini-ZSTD 0p01,56,0.180586,6166,6596,6,1.08351,
/os_cloud_node/points_decim_1,Cloudini-ZSTD 0p01,57,0.180213,6033,6488,6,1.08128,
/os_cloud_node/points_decim_1,Cloudini-ZSTD 0p01,58,0.181216,5845,6449,6,1.0873,
/os_cloud_node/points_decim_1,Cloudini-ZSTD 0p01,59,0.180741,6045,6478,6,1.08444,
/os_cloud_node/points_decim_1,Cloudini-ZSTD 0p01,60,0.180025,6269,6440,6,1.08015,
/os_cloud_node/points_decim_1,Cloudini-ZSTD 0p01,61,0.178169,6332,6821,6,1.06901,
/os_cloud_node/points_decim_1,Cloudini-ZSTD 0p01,62,0.181527,6288,6682,6,1.08916,
/os_cloud_node/points_decim_1,Cloudini-ZSTD 0p01,63,0.18273,6131,6479,6,1.09638,
/os_cloud_node/points_decim_1,Cloudini-ZSTD 0p01,64,0.17992,6163,6576,6,1.07952,
/os_cloud_node/points_decim_1,Cloudini-ZSTD 0p01,65,0.178637,6314,6702,6,1.07182,
/os_cloud_node/points_decim_1,Cloudini-ZSTD 0p01,66,0.17608,6494,6683,6,1.05648,
/os_cloud_node/points_decim_1,Cloudini-ZSTD 0p01,67,0.174627,6497,6527,6,1.04776,
/os_cloud_node/points_decim_1,Cloudini-ZSTD 0p01,68,0.171447,6554,6584,6,1.02868,
/os_cloud_node/points_decim_1,Cloudini-ZSTD 0p01,69,0.169191,6603,6551,6,1.01514,
/os_cloud_node/points_decim_1,Cloudini-ZSTD 0p01,70,0.169787,6431,6509,6,1.01872,
/os_cloud_node/points_decim_1,Cloudini-ZSTD 0p01,71,0.170785,6496,6788,6,1.02471,
/os_cloud_node/points_decim_1,Cloudini-ZSTD 0p01,72,0.172275,6490,6735,6,1.03365,
/os_cloud_node/points_decim_1,Cloudini-ZSTD 0p01,73,0.173532,6404,6540,6,1.04119,
/os_cloud_node/points_decim_1,Cloudini-ZSTD 0p01,74,0.174343,6454,6589,6,1.04606,
/os_cloud_node/points_decim_1,Cloudini-ZSTD 0p01,75,0.174376,6405,6678,6,1.04626,
/os_cloud_node/points_decim_1,Cloudini-ZSTD 0p01,76,0.176305,6228,6531,6,1.05783,
/os_cloud_node/points_decim_1,Cloudini-ZSTD 0p01,77,0.17919,6366,6600,6,1.07514,
/os_cloud_node/points_decim_1,Cloudini-ZSTD 0p01,78,0.179205,6396,6529,6,1.07523,
/os_cloud_node/points_decim_1,Cloudini-ZSTD 0p01,79,0.181253,6102,6519,6,1.08752,
/os_cloud_node/points_decim_1,Cloudini-ZSTD 0p01,80,0.183831,6009,6680,6,1.10299,
/os_cloud_node/points_decim_1,Cloudini-ZSTD 0p01,81,0.18437,5851,6417,6,1.10622,
/os_cloud_node/points_decim_1,Cloudini-ZSTD 0p01,82,0.18487,5710,6365,6,1.10922,
/os_cloud_node/points_decim_1,Cloudini-ZSTD 0p01,83,0.187166,6023,6602,6,1.123,
/os_cloud_node/points_decim_1,Cloudini-ZSTD 0p01,84,0.187935,5937,6340,6,1.12761,
/os_cloud_node/points_decim_1,Cloudini-ZSTD 0p01,85,0.186071,6076,6544,6,1.11643,
/os_cloud_node/points_decim_1,Cloudini-ZSTD 0p01,86,0.183648,5773,6483,6,1.10189,
/os_cloud_node/points_decim_1,Cloudini-ZSTD 0p01,87,0.18346,5835,6426,6,1.10076,
/os_cloud_node/points_decim_1,Cloudini-ZSTD 0p01,88,0.184014,5394,6453,6,1.10408,
/os_cloud_node/points_decim_1,Cloudini-ZSTD 0p01,89,0.182714,6047,6802,6,1.09628,
/os_cloud_node/points_decim_1,Cloudini-ZSTD 0p01,90,0.183635,5909,6568,6,1.10181,
/os_cloud_node/points_decim_1,Cloudini-ZSTD 0p01,91,0.183698,5621,6579,6,1.10219,
/os_cloud_node/points_decim_1,Cloudini-ZSTD 0p01,92,0.183893,5507,6529,6,1.10336,
/os_cloud_node/points_decim_1,Cloudini-ZSTD 0p01,93,0.183395,5919,6465,6,1.10037,
/os_cloud_node/points_decim_1,Cloudini-ZSTD 0p01,94,0.182837,6118,6542,6,1.09702,
/os_cloud_node/points_decim_1,Cloudini-ZSTD 0p01,95,0.183337,5916,6576,6,1.10002,
/os_cloud_node/points_decim_1,Cloudini-ZSTD 0p01,96,0.181702,6016,6573,6,1.09021,
/os_cloud_node/points_decim_1,Cloudini-ZSTD 0p01,97,0.181513,5966,6378,6,1.08908,
/os_cloud_node/points_decim_1,Cloudini-ZSTD 0p01,98,0.179879,6251,6643,6,1.07927,
/os_cloud_node/points_decim_1,Cloudini-ZSTD 0p01,99,0.177386,6519,6802,6,1.06432,
/os_cloud_node/points_decim_1,Cloudini-ZSTD 0p01,100,0.179082,6193,6513,6,1.07449,
/os_cloud_node/points_decim_1,Cloudini-ZSTD 0p01,101,0.179199,6297,6745,6,1.0752,
/os_cloud_node/points_decim_1,Cloudini-ZSTD 0p01,102,0.178689,6129,6731,6,1.07213,
/os_cloud_node/points_decim_1,Cloudini-ZSTD 0p01,103,0.181086,6402,6598,6,1.08652,
/os_cloud_node/points_decim_1,Cloudini-ZSTD 0p01,104,0.182107,6365,6604,6,1.09264,
/os_cloud_node/points_decim_1,Cloudini-ZSTD 0p01,105,0.18286,6185,6566,6,1.09716,
/os_cloud_node/points_decim_1,Cloudini-ZSTD 0p01,106,0.184121,5959,6453,6,1.10473,
/os_cloud_node/points_decim_1,Cloudini-ZSTD 0p01,107,0.183913,6253,6431,6,1.10348,
/os_cloud_node/points_decim_1,Cloudini-ZSTD 0p01,108,0.184232,5890,6370,6,1.10539,
/os_cloud_node/points_decim_1,Cloudini-ZSTD 0p01,109,0.184762,5885,6418,6,1.10857,
/os_cloud_node/points_decim_1,Cloudini-ZSTD 0p01,110,0.18311,6165,6659,6,1.09866,
/os_cloud_node/points_decim_1,Cloudini-ZSTD 0p01,111,0.185231,6104,6618,6,1.11138,
/os_cloud_node/points_decim_1,Cloudini-ZSTD 0p01,112,0.185717,5907,6728,6,1.1143,
/os_cloud_node/points_decim_1,Cloudini-ZSTD 0p01,113,0.183735,6110,6518,6,1.10241,
/os_cloud_node/points_decim_1,Cloudini-ZSTD 0p01,114,0.18449,6008,6619,6,1.10694,
/os_cloud_node/points_decim_1,Cloudini-ZSTD 0p01,115,0.184718,5803,6638,6,1.10831,
/os_cloud_node/points_decim_1,Cloudini-ZSTD 0p01,116,0.182908,5893,6543,6,1.09745,
/os_cloud_node/points_decim_1,Cloudini-ZSTD 0p01,117,0.183255,5808,6547,6,1.09953,
/os_cloud_node/points_decim_1,Cloudini-ZSTD 0p01,118,0.182027,6138,6630,6,1.09216,
/os_cloud_node/points_decim_1,Cloudini-ZSTD 0p01,119,0.181183,6206,6811,6,1.0871,
/os_cloud_node/points_decim_1,Cloudini-ZSTD 0p01,120,0.181267,6260,6574,6,1.0876,
/os_cloud_node/points_decim_1,Cloudini-ZSTD 0p01,121,0.183657,6067,6458,6,1.10194,
/os_cloud_node/points_decim_1,Cloudini-ZSTD 0p01,122,0.183361,5988,6616,6,1.10017,
/os_cloud_node/points_decim_1,Cloudini-ZSTD 0p01,123,0.184924,5745,6474,6,1.10954,
/os_cloud_node/points_decim_1,Cloudini-ZSTD 0p01,124,0.184235,6105,6526,6,1.10541,
/os_cloud_node/points_decim_1,Cloudini-ZSTD 0p01,125,0.185244,5885,6484,6,1.11146,
/os_cloud_node/points_decim_1,Cloudini-ZSTD 0p01,126,0.183957,5837,6529,6,1.10374,
/os_cloud_node/points_decim_1,Cloudini-ZSTD 0p01,127,0.185544,6119,6572,6,1.11327,
/os_cloud_node/points_decim_1,Cloudini-ZSTD 0p01,128,0.184416,5861,6593,6,1.1065,
/os_cloud_node/points_decim_1,Cloudini-ZSTD 0p01,129,0.18315,5870,6539,6,1.0989,
/os_cloud_node/points_decim_1,Cloudini-ZSTD 0p01,130,0.182747,5984,6505,6,1.09648,
/os_cloud_node/points_decim_1,Cloudini-ZSTD 0p01,131,0.183701,5807,6553,6,1.10221,
/os_cloud_node/points_decim_1,Cloudini-ZSTD 0p01,132,0.183843,5946,6588,6,1.10306,
/os_cloud_node/points_decim_1,Cloudini-ZSTD 0p01,133,0.185658,5639,6684,6,1.11395,
/os_cloud_node/points_decim_1,Cloudini-ZSTD 0p01,134,0.185836,5740,6657,6,1.11502,
/os_cloud_node/points_decim_1,Cloudini-ZSTD 0p01,135,0.186296,5422,6525,6,1.11778,
/os_cloud_node/points_decim_1,Cloudini-ZSTD 0p01,136,0.185274,6026,6676,6,1.11164,
/os_cloud_node/points_decim_1,Cloudini-ZSTD 0p01,137,0.18667,5696,6576,6,1.12002,
/os_cloud_node/points_decim_1,Cloudini-ZSTD 0p01,138,0.18343,7325,6831,6,1.10058,
/os_cloud_node/points_decim_1,Cloudini-ZSTD 0p01,139,0.183417,6004,6612,6,1.1005,
/os_cloud_node/points_decim_1,Cloudini-ZSTD 0p01,140,0.183898,5926,6635,6,1.10339,
/os_cloud_node/points_decim_1,Cloudini-ZSTD 0p01,141,0.183322,5810,6556,6,1.09993,
/os_cloud_node/points_decim_1,Cloudini-ZSTD 0p01,142,0.18242,6194,6489,6,1.09452,
/os_cloud_node/points_decim_1,Cloudini-ZSTD 0p01,143,0.181364,5902,6587,6,1.08819,
/os_cloud_node/points_decim_1,Cloudini-ZSTD 0p01,144,0.182627,6258,6697,6,1.09576,
/os_cloud_node/points_decim_1,Cloudini-ZSTD 0p01,145,0.183401,6128,6705,6,1.1004,
/os_cloud_node/points_decim_1,Cloudini-ZSTD 0p01,146,0.185767,5732,6674,6,1.1146,
/os_cloud_node/points_decim_1,Cloudini-ZSTD 0p01,147,0.186478,5812,6608,6,1.11887,
/os_cloud_node/points_decim_1,Cloudini-ZSTD 0p01,148,0.186067,5814,6581,6,1.1164,
/os_cloud_node/points_decim_1,Cloudini-ZSTD 0p01,149,0.184921,6105,6668,6,1.10953,
/os_cloud_node/points_decim_1,Cloudini-ZSTD 0p01,150,0.185536,5819,6491,6,1.11321,
/os_cloud_node/points_decim_1,Cloudini-ZSTD 0p01,151,0.18439,6086,6623,6,1.10634,
/os_cloud_node/points_decim_1,Cloudini-ZSTD 0p01,152,0.186092,5646,6462,6,1.11655,
/os_cloud_node/points_decim_1,Cloudini-ZSTD 0p01,153,0.185958,5943,6758,6,1.11575,
/os_cloud_node/points_decim_1,Cloudini-ZSTD 0p01,154,0.185627,5953,6498,6,1.11376,
/os_cloud_node/points_decim_1,Cloudini-ZSTD 0p01,155,0.184054,5918,6544,6,1.10433,
/os_cloud_node/points_decim_1,Cloudini-ZSTD 0p01,156,0.183629,6022,6423,6,1.10177,
/os_cloud_node/points_decim_1,Cloudini-ZSTD 0p01,157,0.182051,6082,6758,6,1.09231,
/os_cloud_node/points_decim_1,Cloudini-ZSTD 0p01,158,0.181008,6243,6537,6,1.08605,
/os_cloud_node/points_decim_1,Cloudini-ZSTD 0p01,159,0.180713,6265,6494,6,1.08428,
/os_cloud_node/points_decim_1,Cloudini-ZSTD 0p01,160,0.180374,6017,6708,6,1.08225,
/os_cloud_node/points_decim_1,Cloudini-ZSTD 0p01,161,0.180367,6332,6458,6,1.0822,
/os_cloud_node/points_decim_1,Cloudini-ZSTD 0p01,162,0.18086,6043,6449,6,1.08516,
/os_cloud_node/points_decim_1,Cloudini-ZSTD 0p01,163,0.183437,5759,6628,6,1.10062,
/os_cloud_node/points_decim_1,Cloudini-ZSTD 0p01,164,0.181767,6105,6522,6,1.0906,
/os_cloud_node/points_decim_1,Cloudini-ZSTD 0p01,165,0.182048,5953,6501,6,1.09229,
/os_cloud_node/points_decim_1,Cloudini-ZSTD 0p01,166,0.181243,5676,6360,6,1.08746,
/os_cloud_node/points_decim_1,Cloudini-ZSTD 0p01,167,0.181454,5598,6455,6,1.08872,
/os_cloud_node/points_decim_1,Cloudini-ZSTD 0p01,168,0.182825,5856,6487,6,1.09695,
/os_cloud_node/points_decim_1,Cloudini-ZSTD 0p01,169,0.184692,5546,6597,6,1.10815,
/os_cloud_node/points_decim_1,Cloudini-ZSTD 0p01,170,0.185751,5658,6594,6,1.11451,
/os_cloud_node/points_decim_1,Cloudini-ZSTD 0p01,171,0.186155,5571,6521,6,1.11693,
/os_cloud_node/points_decim_1,Cloudini-ZSTD 0p01,172,0.186025,5892,6617,6,1.11615,
/os_cloud_node/points_decim_1,Cloudini-ZSTD 0p01,173,0.187502,5296,6446,6,1.12501,
/os_cloud_node/points_decim_1,Cloudini-ZSTD 0p01,174,0.1869,5566,6593,6,1.1214,
/os_cloud_node/points_decim_1,Cloudini-ZSTD 0p01,175,0.185501,5754,6469,6,1.11301,
/os_cloud_node/points_decim_1,Cloudini-ZSTD 0p01,176,0.186277,5764,6704,6,1.11766,
/os_cloud_node/points_decim_1,Cloudini-ZSTD 0p01,177,0.185312,5848,6522,6,1.11187,
/os_cloud_node/points_decim_1,Cloudini-ZSTD 0p01,178,0.184407,5965,6698,6,1.10644,
/os_cloud_node/points_decim_1,Cloudini-ZSTD 0p01,179,0.183945,5659,6612,6,1.10367,
/os_cloud_node/points_decim_1,Cloudini-ZSTD 0p01,180,0.181914,6373,6623,6,1.09148,
/os_cloud_node/points_decim_1,Cloudini-ZSTD 0p01,181,0.178772,6337,6513,6,1.07263,
/os_cloud_node/points_decim_1,Cloudini-ZSTD 0p01,182,0.176581,6075,6566,6,1.05948,
/os_cloud_node/points_decim_1,Cloudini-ZSTD 0p01,183,0.174805,6365,6816,6,1.04883,
/os_cloud_node/points_decim_1,Cloudini-ZSTD 0p01,184,0.171843,6489,6599,6,1.03106,
/os_cloud_node/points_decim_1,Cloudini-ZSTD 0p01,185,0.171387,6549,6724,6,1.02832,
/os_cloud_node/points_decim_1,Cloudini-ZSTD 0p01,186,0.171503,6469,6524,6,1.02902,
/os_cloud_node/points_decim_1,Cloudini-ZSTD 0p01,187,0.170359,6534,6504,6,1.02216,
/os_cloud_node/points_decim_1,Cloudini-ZSTD 0p01,188,0.171708,6606,7108,6,1.03025,
/os_cloud_node/points_decim_1,Cloudini-ZSTD 0p01,189,0.172329,6623,6641,6,1.03398,
/os_cloud_node/points_decim_1,Cloudini-ZSTD 0p01,190,0.176059,6558,6815,6,1.05635,
/os_cloud_node/points_decim_1,Cloudini-ZSTD 0p01,191,0.174541,6375,6818,6,1.04724,
/os_cloud_node/points_decim_1,Cloudini-ZSTD 0p01,192,0.173457,6689,6677,6,1.04074,
/os_cloud_node/points_decim_1,Cloudini-ZSTD 0p01,193,0.175387,6267,6763,6,1.05232,
/os_cloud_node/points_decim_1,Cloudini-ZSTD 0p01,194,0.178839,6287,6676,6,1.07304,
/os_cloud_node/points_decim_1,Cloudini-ZSTD 0p01,195,0.179406,6061,6654,6,1.07644,
/os_cloud_node/points_decim_1,Cloudini-ZSTD 0p01,196,0.181294,5935,6499,6,1.08777,
/os_cloud_node/points_decim_1,Cloudini-ZSTD 0p01,197,0.18062,6057,6455,6,1.08372,
/os_cloud_node/points_decim_1,Cloudini-ZSTD 0p01,198,0.180663,6247,6636,6,1.08398,
/os_cloud_node/points_decim_1,Cloudini-ZSTD 0p01,199,0.180264,6233,6472,6,1.08159,
/os_cloud_node/points_decim_1,Cloudini-ZSTD 0p01,200,0.177268,6363,6610,6,1.06361,
/os_cloud_node/points_decim_1,Cloudini-ZSTD 0p01,201,0.17854,6124,6558,6,1.07124,
/os_cloud_node/points_decim_1,Cloudini-ZSTD 0p01,202,0.178997,6190,6473,6,1.07398,
/os_cloud_node/points_decim_1,Cloudini-ZSTD 0p01,203,0.180937,6034,6549,6,1.08562,
/os_cloud_node/points_decim_1,Cloudini-ZSTD 0p01,204,0.181413,6149,6637,6,1.08848,
/os_cloud_node/points_decim_1,Cloudini-ZSTD 0p01,205,0.181843,6174,6551,6,1.09106,
/os_cloud_node/points_decim_1,Cloudini-ZSTD 0p01,206,0.182614,6215,6574,6,1.09569,
/os_cloud_node/points_decim_1,Cloudini-ZSTD 0p01,207,0.185982,6041,6670,6,1.11589,
/os_cloud_node/points_decim_1,Cloudini-ZSTD 0p01,208,0.187525,5702,6464,6,1.12515,
/os_cloud_node/points_decim_1,Cloudini-ZSTD 0p01,209,0.188257,5698,6486,6,1.12954,
/os_cloud_node/points_decim_1,Cloudini-ZSTD 0p01,210,0.186863,5785,6673,6,1.12118,
/os_cloud_node/points_decim_1,Cloudini-ZSTD 0p01,211,0.187432,5671,6633,6,1.12459,
/os_cloud_node/points_decim_1,Cloudini-ZSTD 0p01,212,0.187725,5757,6560,6,1.12635,
/os_cloud_node/points_decim_1,Cloudini-ZSTD 0p01,213,0.190789,5522,6447,6,1.14473,
/os_cloud_node/points_decim_1,Cloudini-ZSTD 0p01,214,0.190723,5537,6648,6,1.14434,
/os_cloud_node/points_decim_1,Cloudini-ZSTD 0p01,215,0.191302,5554,6616,6,1.14781,
/os_cloud_node/points_decim_1,Cloudini-ZSTD 0p01,216,0.190045,5550,6619,6,1.14027,
/os_cloud_node/points_decim_1,Cloudini-ZSTD 0p01,217,0.190573,5597,6545,6,1.14344,
/os_cloud_node/points_decim_1,Cloudini-ZSTD 0p01,218,0.188771,5757,6531,6,1.13263,
/os_cloud_node/points_decim_1,Cloudini-ZSTD 0p01,219,0.186844,5885,6671,6,1.12106,
/os_cloud_node/points_decim_1,Cloudini-ZSTD 0p01,220,0.183781,6172,6501,6,1.10268,
/os_cloud_node/points_decim_1,Cloudini-ZSTD 0p01,221,0.187145,6030,6611,6,1.12287,
/os_cloud_node/points_decim_1,Cloudini-ZSTD 0p01,222,0.192062,5549,6655,6,1.15237,
/os_cloud_node/points_decim_1,Cloudini-ZSTD 0p01,223,0.196103,5465,6514,6,1.17662,
/os_cloud_node/points_decim_1,Cloudini-ZSTD 0p01,224,0.199795,5399,6536,6,1.19877,
/os_cloud_node/points_decim_1,Cloudini-ZSTD 0p01,225,0.206791,5413,6647,6,1.24074,
/os_cloud_node/points_decim_1,Cloudini-ZSTD 0p01,226,0.210457,5552,6674,6,1.26274,
/os_cloud_node/points_decim_1,Cloudini-ZSTD 0p01,227,0.213757,5699,6642,6,1.28254,
/os_cloud_node/points_decim_1,Cloudini-ZSTD 0p01,228,0.216889,5526,6804,6,1.30133,
/os_cloud_node/points_decim_1,Cloudini-ZSTD 0p01,229,0.218077,5508,6661,6,1.30846,
/os_cloud_node/points_decim_1,Cloudini-ZSTD 0p01,230,0.21878,5649,6645,6,1.31268,
/os_cloud_node/points_decim_1,Cloudini-ZSTD 0p01,231,0.219162,5637,6667,6,1.31497,
/os_cloud_node/points_decim_1,Cloudini-ZSTD 0p01,232,0.219595,5506,6592,6,1.31757,
/os_cloud_node/points_decim_1,Cloudini-ZSTD 0p01,233,0.219603,5627,7150,6,1.31762,
/os_cloud_node/points_decim_1,Cloudini-ZSTD 0p01,234,0.218352,5640,6914,6,1.31011,
/os_cloud_node/points_decim_1,Cloudini-ZSTD 0p01,235,0.217282,5569,6699,6,1.30369,
/os_cloud_node/points_decim_1,Cloudini-ZSTD 0p01,236,0.215566,5674,6909,6,1.29339,
/os_cloud_node/points_decim_1,Cloudini-ZSTD 0p01,237,0.214779,5662,6832,6,1.28867,
/os_cloud_node/points_decim_1,Cloudini-ZSTD 0p1,0,0.192787,6738,6955,6,1.15672,
/os_cloud_node/points_decim_1,Cloudini-ZSTD 0p1,1,0.192998,6669,6922,6,1.15799,
/os_cloud_node/points_decim_1,Cloudini-ZSTD 0p1,2,0.192756,6958,7008,6,1.15654,
/os_cloud_node/points_decim_1,Cloudini-ZSTD 0p1,3,0.192705,6909,7034,6,1.15623,
/os_cloud_node/points_decim_1,Cloudini-ZSTD 0p1,4,0.193554,6948,6899,6,1.16132,
/os_cloud_node/points_decim_1,Cloudini-ZSTD 0p1,5,0.193637,6662,6958,6,1.16182,
/os_cloud_node/points_decim_1,Cloudini-ZSTD 0p1,6,0.194508,6937,6974,6,1.16705,
/os_cloud_node/points_decim_1,Cloudini-ZSTD 0p1,7,0.19595,6757,7040,6,1.1757,
/os_cloud_node/points_decim_1,Cloudini-ZSTD 0p1,8,0.196133,6897,6838,6,1.1768,
/os_cloud_node/points_decim_1,Cloudini-ZSTD 0p1,9,0.197502,6498,6930,6,1.18501,
/os_cloud_node/points_decim_1,Cloudini-ZSTD 0p1,10,0.196306,6822,6897,6,1.17784,
/os_cloud_node/points_decim_1,Cloudini-ZSTD 0p1,11,0.196036,6525,7117,6,1.17622,
/os_cloud_node/points_decim_1,Cloudini-ZSTD 0p1,12,0.195045,6742,7011,6,1.17027,
/os_cloud_node/points_decim_1,Cloudini-ZSTD 0p1,13,0.191655,7082,7018,6,1.14993,
/os_cloud_node/points_decim_1,Cloudini-ZSTD 0p1,14,0.18826,7096,6996,6,1.12956,
/os_cloud_node/points_decim_1,Cloudini-ZSTD 0p1,15,0.184495,6806,6900,6,1.10697,
/os_cloud_node/points_decim_1,Cloudini-ZSTD 0p1,16,0.179802,6564,6967,6,1.07881,
/os_cloud_node/points_decim_1,Cloudini-ZSTD 0p1,17,0.175551,6748,7104,6,1.05331,
/os_cloud_node/points_decim_1,Cloudini-ZSTD 0p1,18,0.171695,6837,6944,6,1.03017,
/os_cloud_node/points_decim_1,Cloudini-ZSTD 0p1,19,0.170778,6600,7024,6,1.02467,
/os_cloud_node/points_decim_1,Cloudini-ZSTD 0p1,20,0.169338,6848,6908,6,1.01603,
/os_cloud_node/points_decim_1,Cloudini-ZSTD 0p1,21,0.169846,6818,6904,6,1.01907,
/os_cloud_node/points_decim_1,Cloudini-ZSTD 0p1,22,0.169958,6721,7038,6,1.01975,
/os_cloud_node/points_decim_1,Cloudini-ZSTD 0p1,23,0.169922,6669,6926,6,1.01953,
/os_cloud_node/points_decim_1,Cloudini-ZSTD 0p1,24,0.17104,6452,6995,6,1.02624,
/os_cloud_node/points_decim_1,Cloudini-ZSTD 0p1,25,0.171506,6779,6935,6,1.02904,
/os_cloud_node/points_decim_1,Cloudini-ZSTD 0p1,26,0.172033,6757,6896,6,1.0322,
/os_cloud_node/points_decim_1,Cloudini-ZSTD 0p1,27,0.173196,6766,6957,6,1.03918,
/os_cloud_node/points_decim_1,Cloudini-ZSTD 0p1,28,0.17352,6793,7013,6,1.04112,
/os_cloud_node/points_decim_1,Cloudini-ZSTD 0p1,29,0.174016,6807,7140,6,1.0441,
/os_cloud_node/points_decim_1,Cloudini-ZSTD 0p1,30,0.173462,6711,6928,6,1.04077,
/os_cloud_node/points_decim_1,Cloudini-ZSTD 0p1,31,0.173324,6446,7012,6,1.03994,
/os_cloud_node/points_decim_1,Cloudini-ZSTD 0p1,32,0.16797,6725,6873,6,1.00782,
/os_cloud_node/points_decim_1,Cloudini-ZSTD 0p1,33,0.162989,6781,6951,6,0.977933,
/os_cloud_node/points_decim_1,Cloudini-ZSTD 0p1,34,0.162914,6868,6920,6,0.977487,
/os_cloud_node/points_decim_1,Cloudini-ZSTD 0p1,35,0.165317,6669,6948,6,0.991904,
/os_cloud_node/points_decim_1,Cloudini-ZSTD 0p1,36,0.165813,7037,7182,6,0.994878,
/os_cloud_node/points_decim_1,Cloudini-ZSTD 0p1,37,0.167382,6883,6938,6,1.00429,
/os_cloud_node/points_decim_1,Cloudini-ZSTD 0p1,38,0.168227,6803,6958,6,1.00936,
/os_cloud_node/points_decim_1,Cloudini-ZSTD 0p1,39,0.168773,6750,6925,6,1.01264,
/os_cloud_node/points_decim_1,Cloudini-ZSTD 0p1,40,0.168173,6915,8217,6,1.00904,
/os_cloud_node/points_decim_1,Cloudini-ZSTD 0p1,41,0.166751,6890,6968,6,1.00051,
/os_cloud_node/points_decim_1,Cloudini-ZSTD 0p1,42,0.165949,6870,6852,6,0.995695,
/os_cloud_node/points_decim_1,Cloudini-ZSTD 0p1,43,0.165875,6584,6939,6,0.995249,
/os_cloud_node/points_decim_1,Cloudini-ZSTD 0p1,44,0.165195,6809,6892,6,0.991169,
/os_cloud_node/points_decim_1,Cloudini-ZSTD 0p1,45,0.165283,6943,7012,6,0.991695,
/os_cloud_node/points_decim_1,Cloudini-ZSTD 0p1,46,0.164583,6843,6953,6,0.987496,
/os_cloud_node/points_decim_1,Cloudini-ZSTD 0p1,47,0.163249,6848,6914,6,0.979497,
/os_cloud_node/points_decim_1,Cloudini-ZSTD 0p1,48,0.163838,6874,7006,6,0.983026,
/os_cloud_node/points_decim_1,Cloudini-ZSTD 0p1,49,0.162338,6900,6901,6,0.97403,
/os_cloud_node/points_decim_1,Cloudini-ZSTD 0p1,50,0.158672,6801,6932,6,0.952032,
/os_cloud_node/points_decim_1,Cloudini-ZSTD 0p1,51,0.158904,6901,6936,6,0.953426,
/os_cloud_node/points_decim_1,Cloudini-ZSTD 0p1,52,0.156891,6913,6929,6,0.941343,
/os_cloud_node/points_decim_1,Cloudini-ZSTD 0p1,53,0.157185,6918,6951,6,0.94311,
/os_cloud_node/points_decim_1,Cloudini-ZSTD 0p1,54,0.157339,6953,6983,6,0.944036,
/os_cloud_node/points_decim_1,Cloudini-ZSTD 0p1,55,0.157773,6855,7114,6,0.946637,
/os_cloud_node/points_decim_1,Cloudini-ZSTD 0p1,56,0.159252,6752,6935,6,0.955511,
/os_cloud_node/points_decim_1,Cloudini-ZSTD 0p1,57,0.158671,6797,7305,6,0.952024,
/os_cloud_node/points_decim_1,Cloudini-ZSTD 0p1,58,0.158927,6729,7154,6,0.953562,
/os_cloud_node/points_decim_1,Cloudini-ZSTD 0p1,59,0.159287,6762,6800,6,0.95572,
/os_cloud_node/points_decim_1,Cloudini-ZSTD 0p1,60,0.159268,6718,6935,6,0.955609,
/os_cloud_node/points_decim_1,Cloudini-ZSTD 0p1,61,0.158312,6776,6813,6,0.949875,
/os_cloud_node/points_decim_1,Cloudini-ZSTD 0p1,62,0.160701,6750,6877,6,0.964209,
/os_cloud_node/points_decim_1,Cloudini-ZSTD 0p1,63,0.161524,6795,6784,6,0.969142,
/os_cloud_node/points_decim_1,Cloudini-ZSTD 0p1,64,0.159962,6854,7014,6,0.95977,
/os_cloud_node/points_decim_1,Cloudini-ZSTD 0p1,65,0.158884,6832,6946,6,0.953302,
/os_cloud_node/points_decim_1,Cloudini-ZSTD 0p1,66,0.156745,6818,6868,6,0.94047,
/os_cloud_node/points_decim_1,Cloudini-ZSTD 0p1,67,0.155411,6771,6831,6,0.932464,
/os_cloud_node/points_decim_1,Cloudini-ZSTD 0p1,68,0.15295,6858,6768,6,0.917699,
/os_cloud_node/points_decim_1,Cloudini-ZSTD 0p1,69,0.150589,6859,6855,6,0.903533,
/os_cloud_node/points_decim_1,Cloudini-ZSTD 0p1,70,0.151462,6781,6849,6,0.908774,
/os_cloud_node/points_decim_1,Cloudini-ZSTD 0p1,71,0.151968,6839,7069,6,0.911805,
/os_cloud_node/points_decim_1,Cloudini-ZSTD 0p1,72,0.153173,6789,6839,6,0.919038,
/os_cloud_node/points_decim_1,Cloudini-ZSTD 0p1,73,0.154232,6807,6782,6,0.925394,
/os_cloud_node/points_decim_1,Cloudini-ZSTD 0p1,74,0.155364,6920,6837,6,0.932181,
/os_cloud_node/points_decim_1,Cloudini-ZSTD 0p1,75,0.155182,6868,6796,6,0.93109,
/os_cloud_node/points_decim_1,Cloudini-ZSTD 0p1,76,0.156473,6675,6956,6,0.938836,
/os_cloud_node/points_decim_1,Cloudini-ZSTD 0p1,77,0.159379,6808,6924,6,0.956275,
/os_cloud_node/points_decim_1,Cloudini-ZSTD 0p1,78,0.158897,6798,6944,6,0.95338,
/os_cloud_node/points_decim_1,Cloudini-ZSTD 0p1,79,0.160241,6869,6960,6,0.961445,
/os_cloud_node/points_decim_1,Cloudini-ZSTD 0p1,80,0.163121,6775,6914,6,0.978726,
/os_cloud_node/points_decim_1,Cloudini-ZSTD 0p1,81,0.163083,6775,6825,6,0.978499,
/os_cloud_node/points_decim_1,Cloudini-ZSTD 0p1,82,0.162836,6835,6835,6,0.977017,
/os_cloud_node/points_decim_1,Cloudini-ZSTD 0p1,83,0.165347,6900,6860,6,0.992085,
/os_cloud_node/points_decim_1,Cloudini-ZSTD 0p1,84,0.165754,6720,6894,6,0.994525,
/os_cloud_node/points_decim_1,Cloudini-ZSTD 0p1,85,0.164527,6613,7054,6,0.987164,
/os_cloud_node/points_decim_1,Cloudini-ZSTD 0p1,86,0.162121,6673,6937,6,0.972726,
/os_cloud_node/points_decim_1,Cloudini-ZSTD 0p1,87,0.161717,6861,7087,6,0.970302,
/os_cloud_node/points_decim_1,Cloudini-ZSTD 0p1,88,0.161363,6910,7104,6,0.968181,
/os_cloud_node/points_decim_1,Cloudini-ZSTD 0p1,89,0.161808,6796,7014,6,0.970848,
/os_cloud_node/points_decim_1,Cloudini-ZSTD 0p1,90,0.162057,6811,7039,6,0.972342,
/os_cloud_node/points_decim_1,Cloudini-ZSTD 0p1,91,0.161901,6887,7010,6,0.971405,
/os_cloud_node/points_decim_1,Cloudini-ZSTD 0p1,92,0.162456,6959,7008,6,0.974737,
/os_cloud_node/points_decim_1,Cloudini-ZSTD 0p1,93,0.162099,6934,7015,6,0.972595,
/os_cloud_node/points_decim_1,Cloudini-ZSTD 0p1,94,0.161781,6881,6941,6,0.970686,
/os_cloud_node/points_decim_1,Cloudini-ZSTD 0p1,95,0.162275,6852,6894,6,0.973649,
/os_cloud_node/points_decim_1,Cloudini-ZSTD 0p1,96,0.160696,6946,7184,6,0.964174,
/os_cloud_node/points_decim_1,Cloudini-ZSTD 0p1,97,0.16048,6793,6882,6,0.962879,
/os_cloud_node/points_decim_1,Cloudini-ZSTD 0p1,98,0.159597,6893,7085,6,0.957584,
/os_cloud_node/points_decim_1,Cloudini-ZSTD 0p1,99,0.157664,6936,7064,6,0.945981,
/os_cloud_node/points_decim_1,Cloudini-ZSTD 0p1,100,0.159029,6832,6978,6,0.954177,
/os_cloud_node/points_decim_1,Cloudini-ZSTD 0p1,101,0.159111,6878,7047,6,0.954664,
/os_cloud_node/points_decim_1,Cloudini-ZSTD 0p1,102,0.158124,6828,7097,6,0.948743,
/os_cloud_node/points_decim_1,Cloudini-ZSTD 0p1,103,0.160785,6883,6863,6,0.964711,
/os_cloud_node/points_decim_1,Cloudini-ZSTD 0p1,104,0.161865,6918,7034,6,0.971191,
/os_cloud_node/points_decim_1,Cloudini-ZSTD 0p1,105,0.161576,6901,6885,6,0.969456,
/os_cloud_node/points_decim_1,Cloudini-ZSTD 0p1,106,0.162758,6947,6895,6,0.976546,
/os_cloud_node/points_decim_1,Cloudini-ZSTD 0p1,107,0.162295,6906,6899,6,0.973772,
/os_cloud_node/points_decim_1,Cloudini-ZSTD 0p1,108,0.161702,6819,6954,6,0.970212,
/os_cloud_node/points_decim_1,Cloudini-ZSTD 0p1,109,0.161936,6968,7000,6,0.971619,
/os_cloud_node/points_decim_1,Cloudini-ZSTD 0p1,110,0.161875,6923,6875,6,0.971251,
/os_cloud_node/points_decim_1,Cloudini-ZSTD 0p1,111,0.163665,6860,6901,6,0.981988,
/os_cloud_node/points_decim_1,Cloudini-ZSTD 0p1,112,0.164529,6800,7005,6,0.987176,
/os_cloud_node/points_decim_1,Cloudini-ZSTD 0p1,113,0.162787,6970,6913,6,0.976723,
/os_cloud_node/points_decim_1,Cloudini-ZSTD 0p1,114,0.16326,6890,7040,6,0.979557,
/os_cloud_node/points_decim_1,Cloudini-ZSTD 0p1,115,0.163085,6877,7011,6,0.978513,
/os_cloud_node/points_decim_1,Cloudini-ZSTD 0p1,116,0.162002,6888,6929,6,0.972011,
/os_cloud_node/points_decim_1,Cloudini-ZSTD 0p1,117,0.161747,6927,7033,6,0.970482,
/os_cloud_node/points_decim_1,Cloudini-ZSTD 0p1,118,0.161909,7011,6945,6,0.971453,
/os_cloud_node/points_decim_1,Cloudini-ZSTD 0p1,119,0.160964,6818,6993,6,0.965787,
/os_cloud_node/points_decim_1,Cloudini-ZSTD 0p1,120,0.160818,6943,7115,6,0.964908,
/os_cloud_node/points_decim_1,Cloudini-ZSTD 0p1,121,0.162072,6973,7001,6,0.972431,
/os_cloud_node/points_decim_1,Cloudini-ZSTD 0p1,122,0.161956,6929,7080,6,0.971735,
/os_cloud_node/points_decim_1,Cloudini-ZSTD 0p1,123,0.163097,6648,7051,6,0.97858,
/os_cloud_node/points_decim_1,Cloudini-ZSTD 0p1,124,0.162223,6868,7137,6,0.973335,
/os_cloud_node/points_decim_1,Cloudini-ZSTD 0p1,125,0.163374,6874,7006,6,0.980246,
/os_cloud_node/points_decim_1,Cloudini-ZSTD 0p1,126,0.16188,6834,6932,6,0.97128,
/os_cloud_node/points_decim_1,Cloudini-ZSTD 0p1,127,0.163748,6825,6968,6,0.982488,
/os_cloud_node/points_decim_1,Cloudini-ZSTD 0p1,128,0.163411,6536,7046,6,0.980463,
/os_cloud_node/points_decim_1,Cloudini-ZSTD 0p1,129,0.161529,6824,7192,6,0.969172,
/os_cloud_node/points_decim_1,Cloudini-ZSTD 0p1,130,0.161204,6866,7033,6,0.967222,
/os_cloud_node/points_decim_1,Cloudini-ZSTD 0p1,131,0.161694,6839,6913,6,0.970163,
/os_cloud_node/points_decim_1,Cloudini-ZSTD 0p1,132,0.161568,6820,7091,6,0.969407,
/os_cloud_node/points_decim_1,Cloudini-ZSTD 0p1,133,0.163229,6895,6999,6,0.979371,
/os_cloud_node/points_decim_1,Cloudini-ZSTD 0p1,134,0.163672,6882,7074,6,0.98203,
/os_cloud_node/points_decim_1,Cloudini-ZSTD 0p1,135,0.164459,6686,6919,6,0.986754,
/os_cloud_node/points_decim_1,Cloudini-ZSTD 0p1,136,0.163522,6924,7137,6,0.981134,
/os_cloud_node/points_decim_1,Cloudini-ZSTD 0p1,137,0.164658,6670,6959,6,0.98795,
/os_cloud_node/points_decim_1,Cloudini-ZSTD 0p1,138,0.162436,6958,6901,6,0.974613,
/os_cloud_node/points_decim_1,Cloudini-ZSTD 0p1,139,0.162687,6889,7077,6,0.976123,
/os_cloud_node/points_decim_1,Cloudini-ZSTD 0p1,140,0.163381,6892,7055,6,0.980284,
/os_cloud_node/points_decim_1,Cloudini-ZSTD 0p1,141,0.162552,6995,6977,6,0.97531,
/os_cloud_node/points_decim_1,Cloudini-ZSTD 0p1,142,0.162554,6892,6899,6,0.975326,
/os_cloud_node/points_decim_1,Cloudini-ZSTD 0p1,143,0.161068,6845,6916,6,0.966406,
/os_cloud_node/points_decim_1,Cloudini-ZSTD 0p1,144,0.162404,6827,7100,6,0.974425,
/os_cloud_node/points_decim_1,Cloudini-ZSTD 0p1,145,0.163031,6896,7008,6,0.978187,
/os_cloud_node/points_decim_1,Cloudini-ZSTD 0p1,146,0.164888,6778,6971,6,0.989328,
/os_cloud_node/points_decim_1,Cloudini-ZSTD 0p1,147,0.164957,6804,7075,6,0.989742,
/os_cloud_node/points_decim_1,Cloudini-ZSTD 0p1,148,0.163928,6981,6936,6,0.983569,
/os_cloud_node/points_decim_1,Cloudini-ZSTD 0p1,149,0.162967,6873,7113,6,0.977804,
/os_cloud_node/points_decim_1,Cloudini-ZSTD 0p1,150,0.162872,6787,6886,6,0.977231,
/os_cloud_node/points_decim_1,Cloudini-ZSTD 0p1,151,0.162341,6802,7103,6,0.974047,
/os_cloud_node/points_decim_1,Cloudini-ZSTD 0p1,152,0.163764,6993,6958,6,0.982581,
/os_cloud_node/points_decim_1,Cloudini-ZSTD 0p1,153,0.164194,6860,6904,6,0.985162,
/os_cloud_node/points_decim_1,Cloudini-ZSTD 0p1,154,0.165005,6928,6886,6,0.990028,
/os_cloud_node/points_decim_1,Cloudini-ZSTD 0p1,155,0.163743,6915,6872,6,0.982459,
/os_cloud_node/points_decim_1,Cloudini-ZSTD 0p1,156,0.163359,6741,6996,6,0.980152,
/os_cloud_node/points_decim_1,Cloudini-ZSTD 0p1,157,0.161465,6902,6858,6,0.968792,
/os_cloud_node/points_decim_1,Cloudini-ZSTD 0p1,158,0.16075,6833,6983,6,0.964501,
/os_cloud_node/points_decim_1,Cloudini-ZSTD 0p1,159,0.160736,7043,6908,6,0.964417,
/os_cloud_node/points_decim_1,Cloudini-ZSTD 0p1,160,0.160362,6787,6788,6,0.962174,
/os_cloud_node/points_decim_1,Cloudini-ZSTD 0p1,161,0.160857,6749,6832,6,0.965143,
/os_cloud_node/points_decim_1,Cloudini-ZSTD 0p1,162,0.160122,6968,6898,6,0.960731,
/os_cloud_node/points_decim_1,Cloudini-ZSTD 0p1,163,0.161603,6916,7114,6,0.969619,
/os_cloud_node/points_decim_1,Cloudini-ZSTD 0p1,164,0.161002,6745,6979,6,0.96601,
/os_cloud_node/points_decim_1,Cloudini-ZSTD 0p1,165,0.160659,6957,7001,6,0.963954,
/os_cloud_node/points_decim_1,Cloudini-ZSTD 0p1,166,0.159614,6923,6919,6,0.957685,
/os_cloud_node/points_decim_1,Cloudini-ZSTD 0p1,167,0.160209,6779,7011,6,0.961252,
/os_cloud_node/points_decim_1,Cloudini-ZSTD 0p1,168,0.161234,6866,6939,6,0.967402,
/os_cloud_node/points_decim_1,Cloudini-ZSTD 0p1,169,0.163264,6506,6997,6,0.979587,
/os_cloud_node/points_decim_1,Cloudini-ZSTD 0p1,170,0.163669,6809,6928,6,0.982013,
/os_cloud_node/points_decim_1,Cloudini-ZSTD 0p1,171,0.163873,6888,7166,6,0.983236,
/os_cloud_node/points_decim_1,Cloudini-ZSTD 0p1,172,0.164217,6800,6931,6,0.9853,
/os_cloud_node/points_decim_1,Cloudini-ZSTD 0p1,173,0.164608,6712,6973,6,0.98765,
/os_cloud_node/points_decim_1,Cloudini-ZSTD 0p1,174,0.164552,6893,6867,6,0.987311,
/os_cloud_node/points_decim_1,Cloudini-ZSTD 0p1,175,0.164342,6887,7065,6,0.986051,
/os_cloud_node/points_decim_1,Cloudini-ZSTD 0p1,176,0.164797,6911,7028,6,0.988781,
/os_cloud_node/points_decim_1,Cloudini-ZSTD 0p1,177,0.164156,6811,6955,6,0.984934,
/os_cloud_node/points_decim_1,Cloudini-ZSTD 0p1,178,0.163123,6862,6849,6,0.978738,
/os_cloud_node/points_decim_1,Cloudini-ZSTD 0p1,179,0.162099,6896,6833,6,0.972594,
/os_cloud_node/points_decim_1,Cloudini-ZSTD 0p1,180,0.161579,7015,7063,6,0.969477,
/os_cloud_node/points_decim_1,Cloudini-ZSTD 0p1,181,0.159432,6855,6867,6,0.956594,
/os_cloud_node/points_decim_1,Cloudini-ZSTD 0p1,182,0.156471,6972,6911,6,0.938828,
/os_cloud_node/points_decim_1,Cloudini-ZSTD 0p1,183,0.155586,6959,6886,6,0.933516,
/os_cloud_node/points_decim_1,Cloudini-ZSTD 0p1,184,0.153388,6974,6789,6,0.920325,
/os_cloud_node/points_decim_1,Cloudini-ZSTD 0p1,185,0.15378,6841,7069,6,0.922682,
/os_cloud_node/points_decim_1,Cloudini-ZSTD 0p1,186,0.153446,6889,6813,6,0.920678,
/os_cloud_node/points_decim_1,Cloudini-ZSTD 0p1,187,0.152274,6876,7123,6,0.913643,
/os_cloud_node/points_decim_1,Cloudini-ZSTD 0p1,188,0.153796,6821,6833,6,0.922773,
/os_cloud_node/points_decim_1,Cloudini-ZSTD 0p1,189,0.154386,6844,7019,6,0.926317,
/os_cloud_node/points_decim_1,Cloudini-ZSTD 0p1,190,0.157695,6891,6864,6,0.946172,
/os_cloud_node/points_decim_1,Cloudini-ZSTD 0p1,191,0.156937,6806,6810,6,0.941622,
/os_cloud_node/points_decim_1,Cloudini-ZSTD 0p1,192,0.155909,6674,6740,6,0.935452,
/os_cloud_node/points_decim_1,Cloudini-ZSTD 0p1,193,0.157392,6663,6796,6,0.944354,
/os_cloud_node/points_decim_1,Cloudini-ZSTD 0p1,194,0.159403,6789,6772,6,0.956419,
/os_cloud_node/points_decim_1,Cloudini-ZSTD 0p1,195,0.158687,6623,6902,6,0.952122,
/os_cloud_node/points_decim_1,Cloudini-ZSTD 0p1,196,0.159246,6804,6865,6,0.955477,
/os_cloud_node/points_decim_1,Cloudini-ZSTD 0p1,197,0.159318,6714,6962,6,0.955907,
/os_cloud_node/points_decim_1,Cloudini-ZSTD 0p1,198,0.159625,6874,6945,6,0.957751,
/os_cloud_node/points_decim_1,Cloudini-ZSTD 0p1,199,0.159905,6901,7062,6,0.959431,
/os_cloud_node/points_decim_1,Cloudini-ZSTD 0p1,200,0.157713,6785,6969,6,0.946279,
/os_cloud_node/points_decim_1,Cloudini-ZSTD 0p1,201,0.158547,6784,6825,6,0.951283,
/os_cloud_node/points_decim_1,Cloudini-ZSTD 0p1,202,0.159043,6835,6977,6,0.954258,
/os_cloud_node/points_decim_1,Cloudini-ZSTD 0p1,203,0.160213,6798,6914,6,0.961277,
/os_cloud_node/points_decim_1,Cloudini-ZSTD 0p1,204,0.160659,6846,6962,6,0.963957,
/os_cloud_node/points_decim_1,Cloudini-ZSTD 0p1,205,0.161741,6935,6883,6,0.970448,
/os_cloud_node/points_decim_1,Cloudini-ZSTD 0p1,206,0.162504,6933,6912,6,0.975021,
/os_cloud_node/points_decim_1,Cloudini-ZSTD 0p1,207,0.165635,6757,6892,6,0.993811,
/os_cloud_node/points_decim_1,Cloudini-ZSTD 0p1,208,0.166049,6832,6899,6,0.996296,
/os_cloud_node/points_decim_1,Cloudini-ZSTD 0p1,209,0.166835,6946,7037,6,1.00101,
/os_cloud_node/points_decim_1,Cloudini-ZSTD 0p1,210,0.166352,6727,6933,6,0.998115,
/os_cloud_node/points_decim_1,Cloudini-ZSTD 0p1,211,0.166488,6903,7024,6,0.99893,
/os_cloud_node/points_decim_1,Cloudini-ZSTD 0p1,212,0.166619,6842,6967,6,0.999711,
/os_cloud_node/points_decim_1,Cloudini-ZSTD 0p1,213,0.167966,6708,6919,6,1.0078,
/os_cloud_node/points_decim_1,Cloudini-ZSTD 0p1,214,0.167239,6967,6970,6,1.00344,
/os_cloud_node/points_decim_1,Cloudini-ZSTD 0p1,215,0.168294,6908,6910,6,1.00976,
/os_cloud_node/points_decim_1,Cloudini-ZSTD 0p1,216,0.16736,6762,6910,6,1.00416,
/os_cloud_node/points_decim_1,Cloudini-ZSTD 0p1,217,0.167802,6692,6910,6,1.00681,
/os_cloud_node/points_decim_1,Cloudini-ZSTD 0p1,218,0.167594,6731,6935,6,1.00556,
/os_cloud_node/points_decim_1,Cloudini-ZSTD 0p1,219,0.166239,6742,6882,6,0.997437,
/os_cloud_node/points_decim_1,Cloudini-ZSTD 0p1,220,0.164036,6924,7067,6,0.984218,
/os_cloud_node/points_decim_1,Cloudini-ZSTD 0p1,221,0.167034,6806,6967,6,1.00221,
/os_cloud_node/points_decim_1,Cloudini-ZSTD 0p1,222,0.171148,6688,6936,6,1.02689,
/os_cloud_node/points_decim_1,Cloudini-ZSTD 0p1,223,0.174334,6751,6854,6,1.046,
/os_cloud_node/points_decim_1,Cloudini-ZSTD 0p1,224,0.177724,6763,6823,6,1.06634,
/os_cloud_node/points_decim_1,Cloudini-ZSTD 0p1,225,0.184213,6690,6836,6,1.10528,
/os_cloud_node/points_decim_1,Cloudini-ZSTD 0p1,226,0.187807,6920,6981,6,1.12684,
/os_cloud_node/points_decim_1,Cloudini-ZSTD 0p1,227,0.190913,7138,6951,6,1.14548,
/os_cloud_node/points_decim_1,Cloudini-ZSTD 0p1,228,0.193837,7072,6819,6,1.16302,
/os_cloud_node/points_decim_1,Cloudini-ZSTD 0p1,229,0.195401,6970,7091,6,1.1724,
/os_cloud_node/points_decim_1,Cloudini-ZSTD 0p1,230,0.196122,6871,6935,6,1.17673,
/os_cloud_node/points_decim_1,Cloudini-ZSTD 0p1,231,0.196838,6707,7024,6,1.18103,
/os_cloud_node/points_decim_1,Cloudini-ZSTD 0p1,232,0.196736,6744,6802,6,1.18042,
/os_cloud_node/points_decim_1,Cloudini-ZSTD 0p1,233,0.196756,6797,6960,6,1.18054,
/os_cloud_node/points_decim_1,Cloudini-ZSTD 0p1,234,0.195645,7021,6945,6,1.17387,
/os_cloud_node/points_decim_1,Cloudini-ZSTD 0p1,235,0.194656,6924,7041,6,1.16793,
/os_cloud_node/points_decim_1,Cloudini-ZSTD 0p1,236,0.193363,7021,8056,6,1.16018,
/os_cloud_node/points_decim_1,Cloudini-ZSTD 0p1,237,0.192788,6823,7028,6,1.15673,
/os_cloud_node/points_decim_1,Cloudini-ZSTD 0p2,0,0.188999,6980,7038,6,1.13399,
/os_cloud_node/points_decim_1,Cloudini-ZSTD 0p2,1,0.188961,6959,7007,6,1.13377,
/os_cloud_node/points_decim_1,Cloudini-ZSTD 0p2,2,0.18908,6952,7024,6,1.13448,
/os_cloud_node/points_decim_1,Cloudini-ZSTD 0p2,3,0.189201,7011,6940,6,1.13521,
/os_cloud_node/points_decim_1,Cloudini-ZSTD 0p2,4,0.19,6970,7149,6,1.14,
/os_cloud_node/points_decim_1,Cloudini-ZSTD 0p2,5,0.190026,6894,7193,6,1.14015,
/os_cloud_node/points_decim_1,Cloudini-ZSTD 0p2,6,0.191046,6966,7113,6,1.14627,
/os_cloud_node/points_decim_1,Cloudini-ZSTD 0p2,7,0.192476,6689,6964,6,1.15486,
/os_cloud_node/points_decim_1,Cloudini-ZSTD 0p2,8,0.192585,6769,6975,6,1.15551,
/os_cloud_node/points_decim_1,Cloudini-ZSTD 0p2,9,0.193819,6570,7123,6,1.16291,
/os_cloud_node/points_decim_1,Cloudini-ZSTD 0p2,10,0.192837,6859,7005,6,1.15702,
/os_cloud_node/points_decim_1,Cloudini-ZSTD 0p2,11,0.19247,6921,6986,6,1.15482,
/os_cloud_node/points_decim_1,Cloudini-ZSTD 0p2,12,0.191372,6973,7245,6,1.14823,
/os_cloud_node/points_decim_1,Cloudini-ZSTD 0p2,13,0.188415,6793,7076,6,1.13049,
/os_cloud_node/points_decim_1,Cloudini-ZSTD 0p2,14,0.185042,6806,6987,6,1.11025,
/os_cloud_node/points_decim_1,Cloudini-ZSTD 0p2,15,0.181081,6742,6934,6,1.08649,
/os_cloud_node/points_decim_1,Cloudini-ZSTD 0p2,16,0.176713,6373,6820,6,1.06028,
/os_cloud_node/points_decim_1,Cloudini-ZSTD 0p2,17,0.172214,6508,6752,6,1.03328,
/os_cloud_node/points_decim_1,Cloudini-ZSTD 0p2,18,0.168576,6679,6875,6,1.01146,
/os_cloud_node/points_decim_1,Cloudini-ZSTD 0p2,19,0.167802,6616,6696,6,1.00681,
/os_cloud_node/points_decim_1,Cloudini-ZSTD 0p2,20,0.166442,6567,6970,6,0.998651,
/os_cloud_node/points_decim_1,Cloudini-ZSTD 0p2,21,0.167205,6685,6847,6,1.00323,
/os_cloud_node/points_decim_1,Cloudini-ZSTD 0p2,22,0.166969,6701,6795,6,1.00181,
/os_cloud_node/points_decim_1,Cloudini-ZSTD 0p2,23,0.166886,6759,6835,6,1.00132,
/os_cloud_node/points_decim_1,Cloudini-ZSTD 0p2,24,0.168067,6358,6898,6,1.0084,
/os_cloud_node/points_decim_1,Cloudini-ZSTD 0p2,25,0.168549,6726,6822,6,1.0113,
/os_cloud_node/points_decim_1,Cloudini-ZSTD 0p2,26,0.169245,6535,6777,6,1.01547,
/os_cloud_node/points_decim_1,Cloudini-ZSTD 0p2,27,0.170204,6713,6972,6,1.02123,
/os_cloud_node/points_decim_1,Cloudini-ZSTD 0p2,28,0.170571,6698,6815,6,1.02343,
/os_cloud_node/points_decim_1,Cloudini-ZSTD 0p2,29,0.171578,6432,6770,6,1.02947,
/os_cloud_node/points_decim_1,Cloudini-ZSTD 0p2,30,0.170619,6689,6977,6,1.02371,
/os_cloud_node/points_decim_1,Cloudini-ZSTD 0p2,31,0.169968,6703,6971,6,1.01981,
/os_cloud_node/points_decim_1,Cloudini-ZSTD 0p2,32,0.165236,6789,6828,6,0.991418,
/os_cloud_node/points_decim_1,Cloudini-ZSTD 0p2,33,0.16059,6809,6886,6,0.963539,
/os_cloud_node/points_decim_1,Cloudini-ZSTD 0p2,34,0.160216,6627,7039,6,0.961297,
/os_cloud_node/points_decim_1,Cloudini-ZSTD 0p2,35,0.162881,6590,6782,6,0.977288,
/os_cloud_node/points_decim_1,Cloudini-ZSTD 0p2,36,0.163181,6586,7060,6,0.979086,
/os_cloud_node/points_decim_1,Cloudini-ZSTD 0p2,37,0.164168,6813,6847,6,0.985008,
/os_cloud_node/points_decim_1,Cloudini-ZSTD 0p2,38,0.165055,6502,6965,6,0.990328,
/os_cloud_node/points_decim_1,Cloudini-ZSTD 0p2,39,0.165015,6824,6932,6,0.990091,
/os_cloud_node/points_decim_1,Cloudini-ZSTD 0p2,40,0.165348,6554,7007,6,0.992089,
/os_cloud_node/points_decim_1,Cloudini-ZSTD 0p2,41,0.163755,6613,6827,6,0.982529,
/os_cloud_node/points_decim_1,Cloudini-ZSTD 0p2,42,0.162896,6781,6937,6,0.977379,
/os_cloud_node/points_decim_1,Cloudini-ZSTD 0p2,43,0.163145,6680,7057,6,0.978868,
/os_cloud_node/points_decim_1,Cloudini-ZSTD 0p2,44,0.162606,6632,6839,6,0.975635,
/os_cloud_node/points_decim_1,Cloudini-ZSTD 0p2,45,0.162727,6637,6781,6,0.976359,
/os_cloud_node/points_decim_1,Cloudini-ZSTD 0p2,46,0.161751,6727,6834,6,0.970506,
/os_cloud_node/points_decim_1,Cloudini-ZSTD 0p2,47,0.160701,6602,6777,6,0.964205,
/os_cloud_node/points_decim_1,Cloudini-ZSTD 0p2,48,0.161066,6665,6949,6,0.966394,
/os_cloud_node/points_decim_1,Cloudini-ZSTD 0p2,49,0.159431,6795,6874,6,0.956589,
/os_cloud_node/points_decim_1,Cloudini-ZSTD 0p2,50,0.155999,6670,6849,6,0.935996,
/os_cloud_node/points_decim_1,Cloudini-ZSTD 0p2,51,0.156515,6469,6725,6,0.939089,
/os_cloud_node/points_decim_1,Cloudini-ZSTD 0p2,52,0.154177,6745,6881,6,0.925059,
/os_cloud_node/points_decim_1,Cloudini-ZSTD 0p2,53,0.154464,6671,6971,6,0.926785,
/os_cloud_node/points_decim_1,Cloudini-ZSTD 0p2,54,0.154425,6656,6808,6,0.926552,
/os_cloud_node/points_decim_1,Cloudini-ZSTD 0p2,55,0.154894,6687,6708,6,0.929363,
/os_cloud_node/points_decim_1,Cloudini-ZSTD 0p2,56,0.156039,6623,6858,6,0.936236,
/os_cloud_node/points_decim_1,Cloudini-ZSTD 0p2,57,0.155283,6575,7006,6,0.931701,
/os_cloud_node/points_decim_1,Cloudini-ZSTD 0p2,58,0.155983,6639,6761,6,0.935896,
/os_cloud_node/points_decim_1,Cloudini-ZSTD 0p2,59,0.156238,6659,6918,6,0.937426,
/os_cloud_node/points_decim_1,Cloudini-ZSTD 0p2,60,0.156591,6694,6873,6,0.939548,
/os_cloud_node/points_decim_1,Cloudini-ZSTD 0p2,61,0.155432,6775,6889,6,0.932593,
/os_cloud_node/points_decim_1,Cloudini-ZSTD 0p2,62,0.157562,6609,7021,6,0.945372,
/os_cloud_node/points_decim_1,Cloudini-ZSTD 0p2,63,0.158422,6670,6925,6,0.950529,
/os_cloud_node/points_decim_1,Cloudini-ZSTD 0p2,64,0.157018,6669,6874,6,0.942105,
/os_cloud_node/points_decim_1,Cloudini-ZSTD 0p2,65,0.156163,6711,6807,6,0.936976,
/os_cloud_node/points_decim_1,Cloudini-ZSTD 0p2,66,0.154009,6785,6867,6,0.924055,
/os_cloud_node/points_decim_1,Cloudini-ZSTD 0p2,67,0.153056,6532,6746,6,0.918334,
/os_cloud_node/points_decim_1,Cloudini-ZSTD 0p2,68,0.150184,6543,6998,6,0.901106,
/os_cloud_node/points_decim_1,Cloudini-ZSTD 0p2,69,0.14879,6701,6972,6,0.892742,
/os_cloud_node/points_decim_1,Cloudini-ZSTD 0p2,70,0.14889,6613,6888,6,0.893343,
/os_cloud_node/points_decim_1,Cloudini-ZSTD 0p2,71,0.149696,6748,6908,6,0.898177,
/os_cloud_node/points_decim_1,Cloudini-ZSTD 0p2,72,0.15102,6660,6874,6,0.906121,
/os_cloud_node/points_decim_1,Cloudini-ZSTD 0p2,73,0.151848,6487,6696,6,0.911087,
/os_cloud_node/points_decim_1,Cloudini-ZSTD 0p2,74,0.152639,6822,6778,6,0.915833,
/os_cloud_node/points_decim_1,Cloudini-ZSTD 0p2,75,0.152976,6695,6773,6,0.917858,
/os_cloud_node/points_decim_1,Cloudini-ZSTD 0p2,76,0.154113,6723,6939,6,0.924678,
/os_cloud_node/points_decim_1,Cloudini-ZSTD 0p2,77,0.156575,6756,6863,6,0.939452,
/os_cloud_node/points_decim_1,Cloudini-ZSTD 0p2,78,0.1563,6742,6791,6,0.937798,
/os_cloud_node/points_decim_1,Cloudini-ZSTD 0p2,79,0.157471,6732,6866,6,0.944824,
/os_cloud_node/points_decim_1,Cloudini-ZSTD 0p2,80,0.160096,6821,7018,6,0.960576,
/os_cloud_node/points_decim_1,Cloudini-ZSTD 0p2,81,0.160062,6578,6896,6,0.960369,
/os_cloud_node/points_decim_1,Cloudini-ZSTD 0p2,82,0.160214,6577,6870,6,0.961282,
/os_cloud_node/points_decim_1,Cloudini-ZSTD 0p2,83,0.162366,6714,6848,6,0.974197,
/os_cloud_node/points_decim_1,Cloudini-ZSTD 0p2,84,0.162605,6625,6889,6,0.975628,
/os_cloud_node/points_decim_1,Cloudini-ZSTD 0p2,85,0.161283,6724,6931,6,0.967701,
/os_cloud_node/points_decim_1,Cloudini-ZSTD 0p2,86,0.159039,6463,6837,6,0.954231,
/os_cloud_node/points_decim_1,Cloudini-ZSTD 0p2,87,0.158952,6670,7040,6,0.953714,
/os_cloud_node/points_decim_1,Cloudini-ZSTD 0p2,88,0.158373,6657,6918,6,0.950236,
/os_cloud_node/points_decim_1,Cloudini-ZSTD 0p2,89,0.159063,6565,6976,6,0.954375,
/os_cloud_node/points_decim_1,Cloudini-ZSTD 0p2,90,0.159262,6742,6862,6,0.95557,
/os_cloud_node/points_decim_1,Cloudini-ZSTD 0p2,91,0.159242,6711,6686,6,0.955453,
/os_cloud_node/points_decim_1,Cloudini-ZSTD 0p2,92,0.159595,6681,6810,6,0.957569,
/os_cloud_node/points_decim_1,Cloudini-ZSTD 0p2,93,0.159246,6711,6988,6,0.955476,
/os_cloud_node/points_decim_1,Cloudini-ZSTD 0p2,94,0.158847,6732,6850,6,0.953082,
/os_cloud_node/points_decim_1,Cloudini-ZSTD 0p2,95,0.159872,6641,6844,6,0.959229,
/os_cloud_node/points_decim_1,Cloudini-ZSTD 0p2,96,0.158156,6760,6895,6,0.948936,
/os_cloud_node/points_decim_1,Cloudini-ZSTD 0p2,97,0.157706,6651,6938,6,0.946237,
/os_cloud_node/points_decim_1,Cloudini-ZSTD 0p2,98,0.157332,6758,6918,6,0.943994,
/os_cloud_node/points_decim_1,Cloudini-ZSTD 0p2,99,0.155419,6790,6932,6,0.932515,
/os_cloud_node/points_decim_1,Cloudini-ZSTD 0p2,100,0.156308,6754,6875,6,0.937845,
/os_cloud_node/points_decim_1,Cloudini-ZSTD 0p2,101,0.156583,6755,6943,6,0.939501,
/os_cloud_node/points_decim_1,Cloudini-ZSTD 0p2,102,0.155499,6728,6871,6,0.932996,
/os_cloud_node/points_decim_1,Cloudini-ZSTD 0p2,103,0.158088,6841,6884,6,0.948528,
/os_cloud_node/points_decim_1,Cloudini-ZSTD 0p2,104,0.158955,6742,7068,6,0.953729,
/os_cloud_node/points_decim_1,Cloudini-ZSTD 0p2,105,0.158738,6563,6759,6,0.952428,
/os_cloud_node/points_decim_1,Cloudini-ZSTD 0p2,106,0.160021,6744,6816,6,0.960124,
/os_cloud_node/points_decim_1,Cloudini-ZSTD 0p2,107,0.159715,6613,6862,6,0.95829,
/os_cloud_node/points_decim_1,Cloudini-ZSTD 0p2,108,0.158582,6540,6936,6,0.951489,
/os_cloud_node/points_decim_1,Cloudini-ZSTD 0p2,109,0.158751,6746,7064,6,0.952509,
/os_cloud_node/points_decim_1,Cloudini-ZSTD 0p2,110,0.158759,6632,6754,6,0.952553,
/os_cloud_node/points_decim_1,Cloudini-ZSTD 0p2,111,0.160563,6641,6875,6,0.96338,
/os_cloud_node/points_decim_1,Cloudini-ZSTD 0p2,112,0.161486,6727,6863,6,0.968919,
/os_cloud_node/points_decim_1,Cloudini-ZSTD 0p2,113,0.160207,6747,6862,6,0.961242,
/os_cloud_node/points_decim_1,Cloudini-ZSTD 0p2,114,0.160574,6648,6929,6,0.963444,
/os_cloud_node/points_decim_1,Cloudini-ZSTD 0p2,115,0.160649,6530,6967,6,0.963892,
/os_cloud_node/points_decim_1,Cloudini-ZSTD 0p2,116,0.159339,6577,6777,6,0.956034,
/os_cloud_node/points_decim_1,Cloudini-ZSTD 0p2,117,0.159219,6721,6763,6,0.955315,
/os_cloud_node/points_decim_1,Cloudini-ZSTD 0p2,118,0.159453,6706,6782,6,0.956719,
/os_cloud_node/points_decim_1,Cloudini-ZSTD 0p2,119,0.158734,6646,6849,6,0.952402,
/os_cloud_node/points_decim_1,Cloudini-ZSTD 0p2,120,0.158522,6770,6866,6,0.951135,
/os_cloud_node/points_decim_1,Cloudini-ZSTD 0p2,121,0.159327,6699,6827,6,0.95596,
/os_cloud_node/points_decim_1,Cloudini-ZSTD 0p2,122,0.159012,6699,6980,6,0.95407,
/os_cloud_node/points_decim_1,Cloudini-ZSTD 0p2,123,0.159724,6649,6913,6,0.958346,
/os_cloud_node/points_decim_1,Cloudini-ZSTD 0p2,124,0.159331,6668,6921,6,0.955986,
/os_cloud_node/points_decim_1,Cloudini-ZSTD 0p2,125,0.160159,6704,6963,6,0.960955,
/os_cloud_node/points_decim_1,Cloudini-ZSTD 0p2,126,0.158949,6604,7007,6,0.953691,
/os_cloud_node/points_decim_1,Cloudini-ZSTD 0p2,127,0.160467,6769,6868,6,0.962803,
/os_cloud_node/points_decim_1,Cloudini-ZSTD 0p2,128,0.159713,6614,7076,6,0.958279,
/os_cloud_node/points_decim_1,Cloudini-ZSTD 0p2,129,0.158864,6623,7021,6,0.953185,
/os_cloud_node/points_decim_1,Cloudini-ZSTD 0p2,130,0.158307,6709,6957,6,0.949843,
/os_cloud_node/points_decim_1,Cloudini-ZSTD 0p2,131,0.158731,6828,6856,6,0.952384,
/os_cloud_node/points_decim_1,Cloudini-ZSTD 0p2,132,0.1587,6749,6903,6,0.952203,
/os_cloud_node/points_decim_1,Cloudini-ZSTD 0p2,133,0.160235,6605,6869,6,0.961411,
/os_cloud_node/points_decim_1,Cloudini-ZSTD 0p2,134,0.160982,6602,6894,6,0.965895,
/os_cloud_node/points_decim_1,Cloudini-ZSTD 0p2,135,0.160827,6742,6881,6,0.96496,
/os_cloud_node/points_decim_1,Cloudini-ZSTD 0p2,136,0.16097,6510,6809,6,0.965819,
/os_cloud_node/points_decim_1,Cloudini-ZSTD 0p2,137,0.161457,6663,6958,6,0.96874,
/os_cloud_node/points_decim_1,Cloudini-ZSTD 0p2,138,0.159711,6689,6888,6,0.958268,
/os_cloud_node/points_decim_1,Cloudini-ZSTD 0p2,139,0.160202,6745,6943,6,0.961209,
/os_cloud_node/points_decim_1,Cloudini-ZSTD 0p2,140,0.160587,6841,7060,6,0.963524,
/os_cloud_node/points_decim_1,Cloudini-ZSTD 0p2,141,0.160042,6730,6836,6,0.960254,
/os_cloud_node/points_decim_1,Cloudini-ZSTD 0p2,142,0.159798,6755,6850,6,0.958789,
/os_cloud_node/points_decim_1,Cloudini-ZSTD 0p2,143,0.158962,6486,6892,6,0.953774,
/os_cloud_node/points_decim_1,Cloudini-ZSTD 0p2,144,0.160442,6556,6956,6,0.962651,
/os_cloud_node/points_decim_1,Cloudini-ZSTD 0p2,145,0.160276,6796,7047,6,0.961655,
/os_cloud_node/points_decim_1,Cloudini-ZSTD 0p2,146,0.161885,6753,6889,6,0.971311,
/os_cloud_node/points_decim_1,Cloudini-ZSTD 0p2,147,0.162191,6754,6942,6,0.973145,
/os_cloud_node/points_decim_1,Cloudini-ZSTD 0p2,148,0.161367,6594,6934,6,0.968201,
/os_cloud_node/points_decim_1,Cloudini-ZSTD 0p2,149,0.160163,6568,6960,6,0.960979,
/os_cloud_node/points_decim_1,Cloudini-ZSTD 0p2,150,0.159668,6622,6782,6,0.958008,
/os_cloud_node/points_decim_1,Cloudini-ZSTD 0p2,151,0.159232,6530,6909,6,0.955392,
/os_cloud_node/points_decim_1,Cloudini-ZSTD 0p2,152,0.160696,6793,6938,6,0.964175,
/os_cloud_node/points_decim_1,Cloudini-ZSTD 0p2,153,0.16144,6735,6893,6,0.968641,
/os_cloud_node/points_decim_1,Cloudini-ZSTD 0p2,154,0.16233,6536,6979,6,0.97398,
/os_cloud_node/points_decim_1,Cloudini-ZSTD 0p2,155,0.161048,6727,6861,6,0.966286,
/os_cloud_node/points_decim_1,Cloudini-ZSTD 0p2,156,0.160448,6862,6910,6,0.962688,
/os_cloud_node/points_decim_1,Cloudini-ZSTD 0p2,157,0.158698,6764,6911,6,0.952188,
/os_cloud_node/points_decim_1,Cloudini-ZSTD 0p2,158,0.158115,6792,6870,6,0.948689,
/os_cloud_node/points_decim_1,Cloudini-ZSTD 0p2,159,0.158041,6732,6891,6,0.948244,
/os_cloud_node/points_decim_1,Cloudini-ZSTD 0p2,160,0.15774,6670,6865,6,0.946443,
/os_cloud_node/points_decim_1,Cloudini-ZSTD 0p2,161,0.157932,6753,6937,6,0.947594,
/os_cloud_node/points_decim_1,Cloudini-ZSTD 0p2,162,0.157428,6613,6876,6,0.944569,
/os_cloud_node/points_decim_1,Cloudini-ZSTD 0p2,163,0.15878,6762,6764,6,0.952681,
/os_cloud_node/points_decim_1,Cloudini-ZSTD 0p2,164,0.15779,6640,6933,6,0.946738,
/os_cloud_node/points_decim_1,Cloudini-ZSTD 0p2,165,0.157881,6598,6886,6,0.947289,
/os_cloud_node/points_decim_1,Cloudini-ZSTD 0p2,166,0.156838,6671,7010,6,0.94103,
/os_cloud_node/points_decim_1,Cloudini-ZSTD 0p2,167,0.157359,6664,6998,6,0.944156,
/os_cloud_node/points_decim_1,Cloudini-ZSTD 0p2,168,0.158814,6587,7119,6,0.952887,
/os_cloud_node/points_decim_1,Cloudini-ZSTD 0p2,169,0.15969,6688,6890,6,0.958142,
/os_cloud_node/points_decim_1,Cloudini-ZSTD 0p2,170,0.160664,6662,6947,6,0.963986,
/os_cloud_node/points_decim_1,Cloudini-ZSTD 0p2,171,0.161039,6655,7033,6,0.966231,
/os_cloud_node/points_decim_1,Cloudini-ZSTD 0p2,172,0.161217,6665,6855,6,0.967303,
/os_cloud_node/points_decim_1,Cloudini-ZSTD 0p2,173,0.161622,6592,6856,6,0.969733,
/os_cloud_node/points_decim_1,Cloudini-ZSTD 0p2,174,0.161395,6565,6918,6,0.968369,
/os_cloud_node/points_decim_1,Cloudini-ZSTD 0p2,175,0.161497,6571,6843,6,0.968985,
/os_cloud_node/points_decim_1,Cloudini-ZSTD 0p2,176,0.161859,6742,7049,6,0.971156,
/os_cloud_node/points_decim_1,Cloudini-ZSTD 0p2,177,0.161104,6803,7028,6,0.966622,
/os_cloud_node/points_decim_1,Cloudini-ZSTD 0p2,178,0.160723,6865,6891,6,0.964338,
/os_cloud_node/points_decim_1,Cloudini-ZSTD 0p2,179,0.159698,6748,6807,6,0.95819,
/os_cloud_node/points_decim_1,Cloudini-ZSTD 0p2,180,0.159241,6647,6960,6,0.955443,
/os_cloud_node/points_decim_1,Cloudini-ZSTD 0p2,181,0.15653,6733,6948,6,0.939178,
/os_cloud_node/points_decim_1,Cloudini-ZSTD 0p2,182,0.154283,6774,6870,6,0.925697,
/os_cloud_node/points_decim_1,Cloudini-ZSTD 0p2,183,0.153605,6840,7049,6,0.921627,
/os_cloud_node/points_decim_1,Cloudini-ZSTD 0p2,184,0.151383,6786,6745,6,0.908298,
/os_cloud_node/points_decim_1,Cloudini-ZSTD 0p2,185,0.151394,6800,6852,6,0.908361,
/os_cloud_node/points_decim_1,Cloudini-ZSTD 0p2,186,0.15176,6817,7043,6,0.910563,
/os_cloud_node/points_decim_1,Cloudini-ZSTD 0p2,187,0.150334,6865,6888,6,0.902001,
/os_cloud_node/points_decim_1,Cloudini-ZSTD 0p2,188,0.151544,6751,6786,6,0.909265,
/os_cloud_node/points_decim_1,Cloudini-ZSTD 0p2,189,0.152154,6695,6856,6,0.912924,
/os_cloud_node/points_decim_1,Cloudini-ZSTD 0p2,190,0.155153,6861,6919,6,0.930918,
/os_cloud_node/points_decim_1,Cloudini-ZSTD 0p2,191,0.154446,6675,6847,6,0.926674,
/os_cloud_node/points_decim_1,Cloudini-ZSTD 0p2,192,0.153352,6639,6866,6,0.920111,
/os_cloud_node/points_decim_1,Cloudini-ZSTD 0p2,193,0.154407,6476,7214,6,0.926443,
/os_cloud_node/points_decim_1,Cloudini-ZSTD 0p2,194,0.156994,6624,6906,6,0.941962,
/os_cloud_node/points_decim_1,Cloudini-ZSTD 0p2,195,0.156254,6556,6985,6,0.937526,
/os_cloud_node/points_decim_1,Cloudini-ZSTD 0p2,196,0.156494,6654,6947,6,0.938965,
/os_cloud_node/points_decim_1,Cloudini-ZSTD 0p2,197,0.156345,6608,6855,6,0.93807,
/os_cloud_node/points_decim_1,Cloudini-ZSTD 0p2,198,0.156886,6638,6914,6,0.941318,
/os_cloud_node/points_decim_1,Cloudini-ZSTD 0p2,199,0.157084,6727,6858,6,0.942502,
/os_cloud_node/points_decim_1,Cloudini-ZSTD 0p2,200,0.155094,6577,6938,6,0.930564,
/os_cloud_node/points_decim_1,Cloudini-ZSTD 0p2,201,0.155997,6739,6795,6,0.935984,
/os_cloud_node/points_decim_1,Cloudini-ZSTD 0p2,202,0.156583,6640,6818,6,0.939496,
/os_cloud_node/points_decim_1,Cloudini-ZSTD 0p2,203,0.157592,6694,6840,6,0.945555,
/os_cloud_node/points_decim_1,Cloudini-ZSTD 0p2,204,0.158485,6531,7036,6,0.950912,
/os_cloud_node/points_decim_1,Cloudini-ZSTD 0p2,205,0.159203,6629,6935,6,0.955215,
/os_cloud_node/points_decim_1,Cloudini-ZSTD 0p2,206,0.160142,6746,6862,6,0.96085,
/os_cloud_node/points_decim_1,Cloudini-ZSTD 0p2,207,0.163015,6803,6868,6,0.978089,
/os_cloud_node/points_decim_1,Cloudini-ZSTD 0p2,208,0.163698,6760,7000,6,0.982185,
/os_cloud_node/points_decim_1,Cloudini-ZSTD 0p2,209,0.16438,6656,6882,6,0.986278,
/os_cloud_node/points_decim_1,Cloudini-ZSTD 0p2,210,0.163277,6554,6967,6,0.979665,
/os_cloud_node/points_decim_1,Cloudini-ZSTD 0p2,211,0.163524,6643,6867,6,0.981146,
/os_cloud_node/points_decim_1,Cloudini-ZSTD 0p2,212,0.163896,6696,6842,6,0.983375,
/os_cloud_node/points_decim_1,Cloudini-ZSTD 0p2,213,0.164717,6822,6814,6,0.988302,
/os_cloud_node/points_decim_1,Cloudini-ZSTD 0p2,214,0.164234,6757,6894,6,0.985402,
/os_cloud_node/points_decim_1,Cloudini-ZSTD 0p2,215,0.165225,6631,6908,6,0.991347,
/os_cloud_node/points_decim_1,Cloudini-ZSTD 0p2,216,0.164255,6546,6938,6,0.985532,
/os_cloud_node/points_decim_1,Cloudini-ZSTD 0p2,217,0.164653,6603,6915,6,0.987919,
/os_cloud_node/points_decim_1,Cloudini-ZSTD 0p2,218,0.16467,6792,6833,6,0.988023,
/os_cloud_node/points_decim_1,Cloudini-ZSTD 0p2,219,0.163731,6626,6789,6,0.982388,
/os_cloud_node/points_decim_1,Cloudini-ZSTD 0p2,220,0.162492,6461,6939,6,0.974955,
/os_cloud_node/points_decim_1,Cloudini-ZSTD 0p2,221,0.164475,6589,6841,6,0.98685,
/os_cloud_node/points_decim_1,Cloudini-ZSTD 0p2,222,0.16826,6586,6833,6,1.00956,
/os_cloud_node/points_decim_1,Cloudini-ZSTD 0p2,223,0.171085,6571,6803,6,1.02651,
/os_cloud_node/points_decim_1,Cloudini-ZSTD 0p2,224,0.174515,6690,6873,6,1.04709,
/os_cloud_node/points_decim_1,Cloudini-ZSTD 0p2,225,0.180602,6693,6826,6,1.08361,
/os_cloud_node/points_decim_1,Cloudini-ZSTD 0p2,226,0.184101,6556,7018,6,1.10461,
/os_cloud_node/points_decim_1,Cloudini-ZSTD 0p2,227,0.187512,6835,7046,6,1.12507,
/os_cloud_node/points_decim_1,Cloudini-ZSTD 0p2,228,0.190602,7040,7100,6,1.14361,
/os_cloud_node/points_decim_1,Cloudini-ZSTD 0p2,229,0.191954,6992,7113,6,1.15172,
/os_cloud_node/points_decim_1,Cloudini-ZSTD 0p2,230,0.192463,6852,7069,6,1.15478,
/os_cloud_node/points_decim_1,Cloudini-ZSTD 0p2,231,0.192761,7109,7137,6,1.15657,
/os_cloud_node/points_decim_1,Cloudini-ZSTD 0p2,232,0.193356,6552,6942,6,1.16014,
/os_cloud_node/points_decim_1,Cloudini-ZSTD 0p2,233,0.193017,6992,6999,6,1.1581,
/os_cloud_node/points_decim_1,Cloudini-ZSTD 0p2,234,0.192329,6761,6983,6,1.15398,
/os_cloud_node/points_decim_1,Cloudini-ZSTD 0p2,235,0.1913,6785,6985,6,1.1478,
/os_cloud_node/points_decim_1,Cloudini-ZSTD 0p2,236,0.189818,8114,7084,6,1.13891,
/os_cloud_node/points_decim_1,Cloudini-ZSTD 0p2,237,0.189077,7194,7170,6,1.13446,
/os_cloud_node/points_decim_1,Cloudini-ZSTD 0p5,0,0.185117,6462,7170,6,1.1107,
/os_cloud_node/points_decim_1,Cloudini-ZSTD 0p5,1,0.184936,6505,7043,6,1.10962,
/os_cloud_node/points_decim_1,Cloudini-ZSTD 0p5,2,0.185191,6398,6878,6,1.11115,
/os_cloud_node/points_decim_1,Cloudini-ZSTD 0p5,3,0.185338,6455,7007,6,1.11203,
/os_cloud_node/points_decim_1,Cloudini-ZSTD 0p5,4,0.185964,6540,7185,6,1.11578,
/os_cloud_node/points_decim_1,Cloudini-ZSTD 0p5,5,0.185987,6628,6919,6,1.11592,
/os_cloud_node/points_decim_1,Cloudini-ZSTD 0p5,6,0.186926,6550,7033,6,1.12155,
/os_cloud_node/points_decim_1,Cloudini-ZSTD 0p5,7,0.188099,6541,7116,6,1.12859,
/os_cloud_node/points_decim_1,Cloudini-ZSTD 0p5,8,0.188466,6405,7116,6,1.1308,
/os_cloud_node/points_decim_1,Cloudini-ZSTD 0p5,9,0.189389,6508,7005,6,1.13634,
/os_cloud_node/points_decim_1,Cloudini-ZSTD 0p5,10,0.188559,6631,6996,6,1.13135,
/os_cloud_node/points_decim_1,Cloudini-ZSTD 0p5,11,0.188642,6746,7004,6,1.13185,
/os_cloud_node/points_decim_1,Cloudini-ZSTD 0p5,12,0.187757,6298,7062,6,1.12654,
/os_cloud_node/points_decim_1,Cloudini-ZSTD 0p5,13,0.184688,6510,6971,6,1.10813,
/os_cloud_node/points_decim_1,Cloudini-ZSTD 0p5,14,0.18115,6397,6877,6,1.0869,
/os_cloud_node/points_decim_1,Cloudini-ZSTD 0p5,15,0.177385,6117,6828,6,1.06431,
/os_cloud_node/points_decim_1,Cloudini-ZSTD 0p5,16,0.172384,6350,6800,6,1.0343,
/os_cloud_node/points_decim_1,Cloudini-ZSTD 0p5,17,0.168062,6302,6685,6,1.00837,
/os_cloud_node/points_decim_1,Cloudini-ZSTD 0p5,18,0.164729,6324,6587,6,0.988375,
/os_cloud_node/points_decim_1,Cloudini-ZSTD 0p5,19,0.163765,6334,6781,6,0.98259,
/os_cloud_node/points_decim_1,Cloudini-ZSTD 0p5,20,0.162562,6414,6605,6,0.97537,
/os_cloud_node/points_decim_1,Cloudini-ZSTD 0p5,21,0.163063,6305,6748,6,0.978379,
/os_cloud_node/points_decim_1,Cloudini-ZSTD 0p5,22,0.1631,6299,6640,6,0.978601,
/os_cloud_node/points_decim_1,Cloudini-ZSTD 0p5,23,0.162989,6340,6591,6,0.977933,
/os_cloud_node/points_decim_1,Cloudini-ZSTD 0p5,24,0.163537,6360,6668,6,0.981224,
/os_cloud_node/points_decim_1,Cloudini-ZSTD 0p5,25,0.164379,6333,6760,6,0.986272,
/os_cloud_node/points_decim_1,Cloudini-ZSTD 0p5,26,0.164971,6344,6742,6,0.989825,
/os_cloud_node/points_decim_1,Cloudini-ZSTD 0p5,27,0.166274,6253,6637,6,0.997645,
/os_cloud_node/points_decim_1,Cloudini-ZSTD 0p5,28,0.166627,6274,6643,6,0.999763,
/os_cloud_node/points_decim_1,Cloudini-ZSTD 0p5,29,0.167236,6107,6602,6,1.00341,
/os_cloud_node/points_decim_1,Cloudini-ZSTD 0p5,30,0.166908,6035,6654,6,1.00145,
/os_cloud_node/points_decim_1,Cloudini-ZSTD 0p5,31,0.165824,6336,6773,6,0.994945,
/os_cloud_node/points_decim_1,Cloudini-ZSTD 0p5,32,0.161467,6358,6676,6,0.968801,
/os_cloud_node/points_decim_1,Cloudini-ZSTD 0p5,33,0.157045,6368,6844,6,0.94227,
/os_cloud_node/points_decim_1,Cloudini-ZSTD 0p5,34,0.15654,6368,6632,6,0.939241,
/os_cloud_node/points_decim_1,Cloudini-ZSTD 0p5,35,0.15904,6211,6549,6,0.954239,
/os_cloud_node/points_decim_1,Cloudini-ZSTD 0p5,36,0.159502,6412,6588,6,0.957009,
/os_cloud_node/points_decim_1,Cloudini-ZSTD 0p5,37,0.160463,6323,6574,6,0.962779,
/os_cloud_node/points_decim_1,Cloudini-ZSTD 0p5,38,0.161276,6340,6624,6,0.967656,
/os_cloud_node/points_decim_1,Cloudini-ZSTD 0p5,39,0.161681,6356,6726,6,0.970086,
/os_cloud_node/points_decim_1,Cloudini-ZSTD 0p5,40,0.16195,6047,6455,6,0.971703,
/os_cloud_node/points_decim_1,Cloudini-ZSTD 0p5,41,0.160198,6217,6577,6,0.961186,
/os_cloud_node/points_decim_1,Cloudini-ZSTD 0p5,42,0.159656,6245,6741,6,0.957938,
/os_cloud_node/points_decim_1,Cloudini-ZSTD 0p5,43,0.159297,6334,6563,6,0.955782,
/os_cloud_node/points_decim_1,Cloudini-ZSTD 0p5,44,0.1591,6357,6571,6,0.954597,
/os_cloud_node/points_decim_1,Cloudini-ZSTD 0p5,45,0.159399,6144,6693,6,0.956391,
/os_cloud_node/points_decim_1,Cloudini-ZSTD 0p5,46,0.158563,6293,6637,6,0.951381,
/os_cloud_node/points_decim_1,Cloudini-ZSTD 0p5,47,0.15749,6115,6482,6,0.944941,
/os_cloud_node/points_decim_1,Cloudini-ZSTD 0p5,48,0.157714,6414,6600,6,0.946284,
/os_cloud_node/points_decim_1,Cloudini-ZSTD 0p5,49,0.156247,6444,6536,6,0.937485,
/os_cloud_node/points_decim_1,Cloudini-ZSTD 0p5,50,0.152693,6396,6534,6,0.91616,
/os_cloud_node/points_decim_1,Cloudini-ZSTD 0p5,51,0.15298,6261,6545,6,0.917883,
/os_cloud_node/points_decim_1,Cloudini-ZSTD 0p5,52,0.15109,6432,6582,6,0.906537,
/os_cloud_node/points_decim_1,Cloudini-ZSTD 0p5,53,0.151276,6240,6531,6,0.907656,
/os_cloud_node/points_decim_1,Cloudini-ZSTD 0p5,54,0.151388,6247,6543,6,0.908326,
/os_cloud_node/points_decim_1,Cloudini-ZSTD 0p5,55,0.15173,6354,6467,6,0.91038,
/os_cloud_node/points_decim_1,Cloudini-ZSTD 0p5,56,0.152869,6181,6405,6,0.917212,
/os_cloud_node/points_decim_1,Cloudini-ZSTD 0p5,57,0.152122,6156,6450,6,0.912735,
/os_cloud_node/points_decim_1,Cloudini-ZSTD 0p5,58,0.152557,6156,6615,6,0.915343,
/os_cloud_node/points_decim_1,Cloudini-ZSTD 0p5,59,0.152702,6242,6778,6,0.916212,
/os_cloud_node/points_decim_1,Cloudini-ZSTD 0p5,60,0.152751,6382,6466,6,0.916507,
/os_cloud_node/points_decim_1,Cloudini-ZSTD 0p5,61,0.151512,6396,6584,6,0.90907,
/os_cloud_node/points_decim_1,Cloudini-ZSTD 0p5,62,0.153521,6283,6532,6,0.921126,
/os_cloud_node/points_decim_1,Cloudini-ZSTD 0p5,63,0.154631,6127,6582,6,0.927787,
/os_cloud_node/points_decim_1,Cloudini-ZSTD 0p5,64,0.153504,6352,6537,6,0.921021,
/os_cloud_node/points_decim_1,Cloudini-ZSTD 0p5,65,0.152749,6407,6550,6,0.916494,
/os_cloud_node/points_decim_1,Cloudini-ZSTD 0p5,66,0.150862,6390,6793,6,0.905171,
/os_cloud_node/points_decim_1,Cloudini-ZSTD 0p5,67,0.149633,6157,6508,6,0.897799,
/os_cloud_node/points_decim_1,Cloudini-ZSTD 0p5,68,0.147122,6285,6630,6,0.882733,
/os_cloud_node/points_decim_1,Cloudini-ZSTD 0p5,69,0.145291,6241,6601,6,0.871743,
/os_cloud_node/points_decim_1,Cloudini-ZSTD 0p5,70,0.145842,6558,6547,6,0.875051,
/os_cloud_node/points_decim_1,Cloudini-ZSTD 0p5,71,0.14672,6239,6617,6,0.880319,
/os_cloud_node/points_decim_1,Cloudini-ZSTD 0p5,72,0.147742,6387,6541,6,0.886454,
/os_cloud_node/points_decim_1,Cloudini-ZSTD 0p5,73,0.148565,6395,6486,6,0.891392,
/os_cloud_node/points_decim_1,Cloudini-ZSTD 0p5,74,0.150166,6060,6486,6,0.900994,
/os_cloud_node/points_decim_1,Cloudini-ZSTD 0p5,75,0.149531,6546,6639,6,0.897186,
/os_cloud_node/points_decim_1,Cloudini-ZSTD 0p5,76,0.150791,6338,6575,6,0.904743,
/os_cloud_node/points_decim_1,Cloudini-ZSTD 0p5,77,0.153309,6362,6564,6,0.919854,
/os_cloud_node/points_decim_1,Cloudini-ZSTD 0p5,78,0.153035,6486,6505,6,0.91821,
/os_cloud_node/points_decim_1,Cloudini-ZSTD 0p5,79,0.15422,6317,6394,6,0.925322,
/os_cloud_node/points_decim_1,Cloudini-ZSTD 0p5,80,0.156668,6206,6515,6,0.940009,
/os_cloud_node/points_decim_1,Cloudini-ZSTD 0p5,81,0.156695,6118,6579,6,0.940169,
/os_cloud_node/points_decim_1,Cloudini-ZSTD 0p5,82,0.157019,5984,6303,6,0.942113,
/os_cloud_node/points_decim_1,Cloudini-ZSTD 0p5,83,0.158875,6290,6647,6,0.953249,
/os_cloud_node/points_decim_1,Cloudini-ZSTD 0p5,84,0.159443,6041,6483,6,0.956658,
/os_cloud_node/points_decim_1,Cloudini-ZSTD 0p5,85,0.157781,6238,6485,6,0.946685,
/os_cloud_node/points_decim_1,Cloudini-ZSTD 0p5,86,0.155876,6304,6550,6,0.935257,
/os_cloud_node/points_decim_1,Cloudini-ZSTD 0p5,87,0.155714,6229,6656,6,0.934282,
/os_cloud_node/points_decim_1,Cloudini-ZSTD 0p5,88,0.155188,6316,6534,6,0.931127,
/os_cloud_node/points_decim_1,Cloudini-ZSTD 0p5,89,0.155709,6199,6508,6,0.934252,
/os_cloud_node/points_decim_1,Cloudini-ZSTD 0p5,90,0.156154,6313,6496,6,0.936923,
/os_cloud_node/points_decim_1,Cloudini-ZSTD 0p5,91,0.155967,6299,6462,6,0.935804,
/os_cloud_node/points_decim_1,Cloudini-ZSTD 0p5,92,0.156378,6274,6353,6,0.938267,
/os_cloud_node/points_decim_1,Cloudini-ZSTD 0p5,93,0.156228,6379,6506,6,0.937366,
/os_cloud_node/points_decim_1,Cloudini-ZSTD 0p5,94,0.155796,6249,6646,6,0.934776,
/os_cloud_node/points_decim_1,Cloudini-ZSTD 0p5,95,0.156696,6183,6636,6,0.940176,
/os_cloud_node/points_decim_1,Cloudini-ZSTD 0p5,96,0.155074,6394,6473,6,0.930444,
/os_cloud_node/points_decim_1,Cloudini-ZSTD 0p5,97,0.154338,6243,6503,6,0.926025,
/os_cloud_node/points_decim_1,Cloudini-ZSTD 0p5,98,0.154159,6366,6553,6,0.924954,
/os_cloud_node/points_decim_1,Cloudini-ZSTD 0p5,99,0.152268,6424,6646,6,0.913609,
/os_cloud_node/points_decim_1,Cloudini-ZSTD 0p5,100,0.15311,6485,6572,6,0.918658,
/os_cloud_node/points_decim_1,Cloudini-ZSTD 0p5,101,0.15332,6469,6522,6,0.919919,
/os_cloud_node/points_decim_1,Cloudini-ZSTD 0p5,102,0.151959,6454,6554,6,0.911755,
/os_cloud_node/points_decim_1,Cloudini-ZSTD 0p5,103,0.15453,6512,6494,6,0.92718,
/os_cloud_node/points_decim_1,Cloudini-ZSTD 0p5,104,0.155611,6398,6648,6,0.933668,
/os_cloud_node/points_decim_1,Cloudini-ZSTD 0p5,105,0.155454,6326,6608,6,0.932721,
/os_cloud_node/points_decim_1,Cloudini-ZSTD 0p5,106,0.157029,6080,6395,6,0.942175,
/os_cloud_node/points_decim_1,Cloudini-ZSTD 0p5,107,0.156692,5987,6430,6,0.940153,
/os_cloud_node/points_decim_1,Cloudini-ZSTD 0p5,108,0.155728,6123,6389,6,0.934371,
/os_cloud_node/points_decim_1,Cloudini-ZSTD 0p5,109,0.15567,6262,6470,6,0.934018,
/os_cloud_node/points_decim_1,Cloudini-ZSTD 0p5,110,0.155525,6232,6446,6,0.933151,
/os_cloud_node/points_decim_1,Cloudini-ZSTD 0p5,111,0.157367,6218,6603,6,0.944204,
/os_cloud_node/points_decim_1,Cloudini-ZSTD 0p5,112,0.158105,6320,6553,6,0.948628,
/os_cloud_node/points_decim_1,Cloudini-ZSTD 0p5,113,0.156917,6260,6497,6,0.941504,
/os_cloud_node/points_decim_1,Cloudini-ZSTD 0p5,114,0.157365,6375,6466,6,0.944192,
/os_cloud_node/points_decim_1,Cloudini-ZSTD 0p5,115,0.157352,6170,6594,6,0.944114,
/os_cloud_node/points_decim_1,Cloudini-ZSTD 0p5,116,0.156054,6368,6509,6,0.936324,
/os_cloud_node/points_decim_1,Cloudini-ZSTD 0p5,117,0.155824,6335,6407,6,0.934946,
/os_cloud_node/points_decim_1,Cloudini-ZSTD 0p5,118,0.156209,6453,6607,6,0.937251,
/os_cloud_node/points_decim_1,Cloudini-ZSTD 0p5,119,0.15554,6125,6544,6,0.933238,
/os_cloud_node/points_decim_1,Cloudini-ZSTD 0p5,120,0.155125,6385,6597,6,0.93075,
/os_cloud_node/points_decim_1,Cloudini-ZSTD 0p5,121,0.155882,6407,6534,6,0.935291,
/os_cloud_node/points_decim_1,Cloudini-ZSTD 0p5,122,0.155552,6327,6682,6,0.933312,
/os_cloud_node/points_decim_1,Cloudini-ZSTD 0p5,123,0.156248,6305,6561,6,0.937487,
/os_cloud_node/points_decim_1,Cloudini-ZSTD 0p5,124,0.156117,6405,6555,6,0.936702,
/os_cloud_node/points_decim_1,Cloudini-ZSTD 0p5,125,0.157352,6090,6493,6,0.944114,
/os_cloud_node/points_decim_1,Cloudini-ZSTD 0p5,126,0.155676,6326,6518,6,0.934056,
/os_cloud_node/points_decim_1,Cloudini-ZSTD 0p5,127,0.157284,6165,6681,6,0.943706,
/os_cloud_node/points_decim_1,Cloudini-ZSTD 0p5,128,0.156277,6292,6697,6,0.93766,
/os_cloud_node/points_decim_1,Cloudini-ZSTD 0p5,129,0.155578,6225,6579,6,0.933471,
/os_cloud_node/points_decim_1,Cloudini-ZSTD 0p5,130,0.155146,6319,6584,6,0.930878,
/os_cloud_node/points_decim_1,Cloudini-ZSTD 0p5,131,0.155639,6284,6573,6,0.933837,
/os_cloud_node/points_decim_1,Cloudini-ZSTD 0p5,132,0.156356,6063,6389,6,0.938133,
/os_cloud_node/points_decim_1,Cloudini-ZSTD 0p5,133,0.157127,6147,6730,6,0.942764,
/os_cloud_node/points_decim_1,Cloudini-ZSTD 0p5,134,0.157376,6369,6522,6,0.944257,
/os_cloud_node/points_decim_1,Cloudini-ZSTD 0p5,135,0.157405,6313,6493,6,0.944432,
/os_cloud_node/points_decim_1,Cloudini-ZSTD 0p5,136,0.157641,6206,6441,6,0.945845,
/os_cloud_node/points_decim_1,Cloudini-ZSTD 0p5,137,0.158095,6222,6618,6,0.94857,
/os_cloud_node/points_decim_1,Cloudini-ZSTD 0p5,138,0.156172,6391,6627,6,0.93703,
/os_cloud_node/points_decim_1,Cloudini-ZSTD 0p5,139,0.156702,6401,6638,6,0.94021,
/os_cloud_node/points_decim_1,Cloudini-ZSTD 0p5,140,0.157265,6454,6659,6,0.943587,
/os_cloud_node/points_decim_1,Cloudini-ZSTD 0p5,141,0.157029,6110,6631,6,0.942174,
/os_cloud_node/points_decim_1,Cloudini-ZSTD 0p5,142,0.156351,6396,6661,6,0.938104,
/os_cloud_node/points_decim_1,Cloudini-ZSTD 0p5,143,0.154969,6289,6653,6,0.929811,
/os_cloud_node/points_decim_1,Cloudini-ZSTD 0p5,144,0.156419,6376,6612,6,0.938512,
/os_cloud_node/points_decim_1,Cloudini-ZSTD 0p5,145,0.156871,6301,6607,6,0.941226,
/os_cloud_node/points_decim_1,Cloudini-ZSTD 0p5,146,0.158641,6224,6570,6,0.951845,
/os_cloud_node/points_decim_1,Cloudini-ZSTD 0p5,147,0.15869,6302,6689,6,0.952141,
/os_cloud_node/points_decim_1,Cloudini-ZSTD 0p5,148,0.15785,6116,6530,6,0.947101,
/os_cloud_node/points_decim_1,Cloudini-ZSTD 0p5,149,0.156568,6320,6589,6,0.939406,
/os_cloud_node/points_decim_1,Cloudini-ZSTD 0p5,150,0.156469,6138,6431,6,0.938814,
/os_cloud_node/points_decim_1,Cloudini-ZSTD 0p5,151,0.156156,6337,6616,6,0.936935,
/os_cloud_node/points_decim_1,Cloudini-ZSTD 0p5,152,0.157676,6090,8219,6,0.946057,
/os_cloud_node/points_decim_1,Cloudini-ZSTD 0p5,153,0.157939,6356,6691,6,0.947633,
/os_cloud_node/points_decim_1,Cloudini-ZSTD 0p5,154,0.158526,6344,6656,6,0.951156,
/os_cloud_node/points_decim_1,Cloudini-ZSTD 0p5,155,0.157761,6105,6545,6,0.946567,
/os_cloud_node/points_decim_1,Cloudini-ZSTD 0p5,156,0.156992,6401,6552,6,0.941954,
/os_cloud_node/points_decim_1,Cloudini-ZSTD 0p5,157,0.155841,5944,6497,6,0.935044,
/os_cloud_node/points_decim_1,Cloudini-ZSTD 0p5,158,0.155184,6312,6646,6,0.931105,
/os_cloud_node/points_decim_1,Cloudini-ZSTD 0p5,159,0.154695,6300,6538,6,0.92817,
/os_cloud_node/points_decim_1,Cloudini-ZSTD 0p5,160,0.154216,6358,6628,6,0.925296,
/os_cloud_node/points_decim_1,Cloudini-ZSTD 0p5,161,0.154634,6455,6644,6,0.927802,
/os_cloud_node/points_decim_1,Cloudini-ZSTD 0p5,162,0.154283,6293,6499,6,0.9257,
/os_cloud_node/points_decim_1,Cloudini-ZSTD 0p5,163,0.155455,6334,6493,6,0.93273,
/os_cloud_node/points_decim_1,Cloudini-ZSTD 0p5,164,0.154738,6321,6482,6,0.928429,
/os_cloud_node/points_decim_1,Cloudini-ZSTD 0p5,165,0.154865,6161,6561,6,0.929192,
/os_cloud_node/points_decim_1,Cloudini-ZSTD 0p5,166,0.154556,6000,6389,6,0.927336,
/os_cloud_node/points_decim_1,Cloudini-ZSTD 0p5,167,0.155101,5915,6416,6,0.930605,
/os_cloud_node/points_decim_1,Cloudini-ZSTD 0p5,168,0.155965,5861,6533,6,0.935791,
/os_cloud_node/points_decim_1,Cloudini-ZSTD 0p5,169,0.156624,6232,6584,6,0.939742,
/os_cloud_node/points_decim_1,Cloudini-ZSTD 0p5,170,0.157184,6281,6612,6,0.943102,
/os_cloud_node/points_decim_1,Cloudini-ZSTD 0p5,171,0.157679,6302,6471,6,0.946074,
/os_cloud_node/points_decim_1,Cloudini-ZSTD 0p5,172,0.158095,5915,6452,6,0.948572,
/os_cloud_node/points_decim_1,Cloudini-ZSTD 0p5,173,0.158033,6784,6481,6,0.948197,
/os_cloud_node/points_decim_1,Cloudini-ZSTD 0p5,174,0.15809,6359,6717,6,0.948541,
/os_cloud_node/points_decim_1,Cloudini-ZSTD 0p5,175,0.158107,6164,6735,6,0.948645,
/os_cloud_node/points_decim_1,Cloudini-ZSTD 0p5,176,0.158658,6146,6621,6,0.95195,
/os_cloud_node/points_decim_1,Cloudini-ZSTD 0p5,177,0.157818,6341,6439,6,0.946907,
/os_cloud_node/points_decim_1,Cloudini-ZSTD 0p5,178,0.157904,5774,6480,6,0.947421,
/os_cloud_node/points_decim_1,Cloudini-ZSTD 0p5,179,0.155978,6358,6585,6,0.935868,
/os_cloud_node/points_decim_1,Cloudini-ZSTD 0p5,180,0.155802,6214,6526,6,0.934811,
/os_cloud_node/points_decim_1,Cloudini-ZSTD 0p5,181,0.15331,6380,6568,6,0.919862,
/os_cloud_node/points_decim_1,Cloudini-ZSTD 0p5,182,0.15081,6491,6578,6,0.904859,
/os_cloud_node/points_decim_1,Cloudini-ZSTD 0p5,183,0.150114,6419,6772,6,0.900685,
/os_cloud_node/points_decim_1,Cloudini-ZSTD 0p5,184,0.148013,6471,6439,6,0.888077,
/os_cloud_node/points_decim_1,Cloudini-ZSTD 0p5,185,0.148244,6469,6549,6,0.889462,
/os_cloud_node/points_decim_1,Cloudini-ZSTD 0p5,186,0.148402,6370,6642,6,0.890413,
/os_cloud_node/points_decim_1,Cloudini-ZSTD 0p5,187,0.147178,6436,6717,6,0.88307,
/os_cloud_node/points_decim_1,Cloudini-ZSTD 0p5,188,0.148197,6535,6574,6,0.889183,
/os_cloud_node/points_decim_1,Cloudini-ZSTD 0p5,189,0.148596,6369,6592,6,0.891576,
/os_cloud_node/points_decim_1,Cloudini-ZSTD 0p5,190,0.151778,6502,6631,6,0.910667,
/os_cloud_node/points_decim_1,Cloudini-ZSTD 0p5,191,0.150637,6450,6570,6,0.903819,
/os_cloud_node/points_decim_1,Cloudini-ZSTD 0p5,192,0.149974,6315,6533,6,0.899842,
/os_cloud_node/points_decim_1,Cloudini-ZSTD 0p5,193,0.150765,6524,7156,6,0.904593,
/os_cloud_node/points_decim_1,Cloudini-ZSTD 0p5,194,0.153035,6372,6633,6,0.91821,
/os_cloud_node/points_decim_1,Cloudini-ZSTD 0p5,195,0.152655,6258,6600,6,0.915932,
/os_cloud_node/points_decim_1,Cloudini-ZSTD 0p5,196,0.153292,6089,6687,6,0.919755,
/os_cloud_node/points_decim_1,Cloudini-ZSTD 0p5,197,0.152878,6231,6623,6,0.917266,
/os_cloud_node/points_decim_1,Cloudini-ZSTD 0p5,198,0.153114,6300,6728,6,0.918687,
/os_cloud_node/points_decim_1,Cloudini-ZSTD 0p5,199,0.153194,6358,6517,6,0.919162,
/os_cloud_node/points_decim_1,Cloudini-ZSTD 0p5,200,0.151668,6350,6534,6,0.910006,
/os_cloud_node/points_decim_1,Cloudini-ZSTD 0p5,201,0.152525,6316,6445,6,0.915153,
/os_cloud_node/points_decim_1,Cloudini-ZSTD 0p5,202,0.153176,6309,6524,6,0.919053,
/os_cloud_node/points_decim_1,Cloudini-ZSTD 0p5,203,0.15394,7129,6520,6,0.923642,
/os_cloud_node/points_decim_1,Cloudini-ZSTD 0p5,204,0.154627,6386,6553,6,0.927765,
/os_cloud_node/points_decim_1,Cloudini-ZSTD 0p5,205,0.155606,6370,6520,6,0.933637,
/os_cloud_node/points_decim_1,Cloudini-ZSTD 0p5,206,0.156797,6377,6484,6,0.940782,
/os_cloud_node/points_decim_1,Cloudini-ZSTD 0p5,207,0.159769,6262,6708,6,0.958616,
/os_cloud_node/points_decim_1,Cloudini-ZSTD 0p5,208,0.160655,6181,6731,6,0.963927,
/os_cloud_node/points_decim_1,Cloudini-ZSTD 0p5,209,0.16119,6168,6534,6,0.967141,
/os_cloud_node/points_decim_1,Cloudini-ZSTD 0p5,210,0.160671,5806,6440,6,0.964027,
/os_cloud_node/points_decim_1,Cloudini-ZSTD 0p5,211,0.160317,6353,6556,6,0.9619,
/os_cloud_node/points_decim_1,Cloudini-ZSTD 0p5,212,0.160411,6402,6515,6,0.962468,
/os_cloud_node/points_decim_1,Cloudini-ZSTD 0p5,213,0.162032,5700,6572,6,0.97219,
/os_cloud_node/points_decim_1,Cloudini-ZSTD 0p5,214,0.16094,5979,6647,6,0.965642,
/os_cloud_node/points_decim_1,Cloudini-ZSTD 0p5,215,0.161632,6384,6680,6,0.96979,
/os_cloud_node/points_decim_1,Cloudini-ZSTD 0p5,216,0.160746,6263,6543,6,0.964475,
/os_cloud_node/points_decim_1,Cloudini-ZSTD 0p5,217,0.161206,6019,6502,6,0.967238,
/os_cloud_node/points_decim_1,Cloudini-ZSTD 0p5,218,0.160881,6568,6544,6,0.965287,
/os_cloud_node/points_decim_1,Cloudini-ZSTD 0p5,219,0.160004,6328,6582,6,0.960024,
/os_cloud_node/points_decim_1,Cloudini-ZSTD 0p5,220,0.158088,6278,6512,6,0.94853,
/os_cloud_node/points_decim_1,Cloudini-ZSTD 0p5,221,0.160735,6221,6665,6,0.964411,
/os_cloud_node/points_decim_1,Cloudini-ZSTD 0p5,222,0.164152,6169,6646,6,0.984913,
/os_cloud_node/points_decim_1,Cloudini-ZSTD 0p5,223,0.167303,6256,6796,6,1.00382,
/os_cloud_node/points_decim_1,Cloudini-ZSTD 0p5,224,0.170532,6309,6619,6,1.02319,
/os_cloud_node/points_decim_1,Cloudini-ZSTD 0p5,225,0.176343,6406,6737,6,1.05806,
/os_cloud_node/points_decim_1,Cloudini-ZSTD 0p5,226,0.180348,6333,6794,6,1.08209,
/os_cloud_node/points_decim_1,Cloudini-ZSTD 0p5,227,0.183787,6296,6935,6,1.10272,
/os_cloud_node/points_decim_1,Cloudini-ZSTD 0p5,228,0.186972,6194,6963,6,1.12183,
/os_cloud_node/points_decim_1,Cloudini-ZSTD 0p5,229,0.188065,6524,6943,6,1.12839,
/os_cloud_node/points_decim_1,Cloudini-ZSTD 0p5,230,0.188548,6367,6975,6,1.13129,
/os_cloud_node/points_decim_1,Cloudini-ZSTD 0p5,231,0.189005,6287,7044,6,1.13403,
/os_cloud_node/points_decim_1,Cloudini-ZSTD 0p5,232,0.189155,6223,6939,6,1.13493,
/os_cloud_node/points_decim_1,Cloudini-ZSTD 0p5,233,0.189118,6516,6974,6,1.13471,
/os_cloud_node/points_decim_1,Cloudini-ZSTD 0p5,234,0.188141,6436,6911,6,1.12885,
/os_cloud_node/points_decim_1,Cloudini-ZSTD 0p5,235,0.186984,6717,7070,6,1.12191,
/os_cloud_node/points_decim_1,Cloudini-ZSTD 0p5,236,0.186057,6492,6982,6,1.11634,
/os_cloud_node/points_decim_1,Cloudini-ZSTD 0p5,237,0.185166,6658,7045,6,1.111,
/os_cloud_node/points_decim_1,Draco 16,0,0.254265,46218,21891,6,1.52559,
/os_cloud_node/points_decim_1,Draco 16,1,0.256473,46664,22020,6,1.53884,
/os_cloud_node/points_decim_1,Draco 16,2,0.25153,47467,22602,6,1.50918,
/os_cloud_node/points_decim_1,Draco 16,3,0.257142,47491,22260,6,1.54285,
/os_cloud_node/points_decim_1,Draco 16,4,0.249529,48086,22158,6,1.49717,
/os_cloud_node/points_decim_1,Draco 16,5,0.261576,48307,22796,6,1.56946,
/os_cloud_node/points_decim_1,Draco 16,6,0.270071,47718,22346,6,1.62043,
/os_cloud_node/points_decim_1,Draco 16,7,0.271089,47705,22125,6,1.62654,
/os_cloud_node/points_decim_1,Draco 16,8,0.269181,44611,22348,6,1.61509,
/os_cloud_node/points_decim_1,Draco 16,9,0.275979,44077,22532,6,1.65588,
/os_cloud_node/points_decim_1,Draco 16,10,0.265234,44677,22361,6,1.5914,
/os_cloud_node/points_decim_1,Draco 16,11,0.279513,46219,24208,6,1.67708,
/os_cloud_node/points_decim_1,Draco 16,12,0.277674,44988,22134,6,1.66605,
/os_cloud_node/points_decim_1,Draco 16,13,0.277401,45677,23017,6,1.66441,
/os_cloud_node/points_decim_1,Draco 16,14,0.276825,45172,22898,6,1.66095,
/os_cloud_node/points_decim_1,Draco 16,15,0.272055,45145,22646,6,1.63233,
/os_cloud_node/points_decim_1,Draco 16,16,0.265927,44943,22385,6,1.59556,
/os_cloud_node/points_decim_1,Draco 16,17,0.254929,44805,22399,6,1.52957,
/os_cloud_node/points_decim_1,Draco 16,18,0.25199,45383,22581,6,1.51194,
/os_cloud_node/points_decim_1,Draco 16,19,0.249149,45920,22310,6,1.49489,
/os_cloud_node/points_decim_1,Draco 16,20,0.25585,45531,22398,6,1.5351,
/os_cloud_node/points_decim_1,Draco 16,21,0.250922,45230,22390,6,1.50553,
/os_cloud_node/points_decim_1,Draco 16,22,0.256167,44702,22605,6,1.537,
/os_cloud_node/points_decim_1,Draco 16,23,0.25733,45164,22568,6,1.54398,
/os_cloud_node/points_decim_1,Draco 16,24,0.255931,44443,22446,6,1.53559,
/os_cloud_node/points_decim_1,Draco 16,25,0.257313,44627,22534,6,1.54388,
/os_cloud_node/points_decim_1,Draco 16,26,0.258056,44985,22652,6,1.54834,
/os_cloud_node/points_decim_1,Draco 16,27,0.245762,45064,22508,6,1.47457,
/os_cloud_node/points_decim_1,Draco 16,28,0.246011,44754,22353,6,1.47607,
/os_cloud_node/points_decim_1,Draco 16,29,0.247392,45101,23385,6,1.48435,
/os_cloud_node/points_decim_1,Draco 16,30,0.249098,45790,23036,6,1.49459,
/os_cloud_node/points_decim_1,Draco 16,31,0.259409,46119,23067,6,1.55646,
/os_cloud_node/points_decim_1,Draco 16,32,0.275621,45593,22819,6,1.65373,
/os_cloud_node/points_decim_1,Draco 16,33,0.270541,45636,23210,6,1.62324,
/os_cloud_node/points_decim_1,Draco 16,34,0.276896,45013,22943,6,1.66138,
/os_cloud_node/points_decim_1,Draco 16,35,0.278536,45459,22620,6,1.67122,
/os_cloud_node/points_decim_1,Draco 16,36,0.279353,44539,22766,6,1.67612,
/os_cloud_node/points_decim_1,Draco 16,37,0.284581,44809,22705,6,1.70749,
/os_cloud_node/points_decim_1,Draco 16,38,0.285196,44505,22360,6,1.71118,
/os_cloud_node/points_decim_1,Draco 16,39,0.239298,45837,22682,6,1.43579,
/os_cloud_node/points_decim_1,Draco 16,40,0.284098,46766,23760,6,1.70459,
/os_cloud_node/points_decim_1,Draco 16,41,0.283749,44686,22305,6,1.70249,
/os_cloud_node/points_decim_1,Draco 16,42,0.282888,44904,22613,6,1.69733,
/os_cloud_node/points_decim_1,Draco 16,43,0.293668,43752,22150,6,1.76201,
/os_cloud_node/points_decim_1,Draco 16,44,0.293512,44807,22545,6,1.76107,
/os_cloud_node/points_decim_1,Draco 16,45,0.292887,44860,23002,6,1.75732,
/os_cloud_node/points_decim_1,Draco 16,46,0.290686,44811,22495,6,1.74412,
/os_cloud_node/points_decim_1,Draco 16,47,0.290328,44923,22669,6,1.74197,
/os_cloud_node/points_decim_1,Draco 16,48,0.286266,44885,22527,6,1.7176,
/os_cloud_node/points_decim_1,Draco 16,49,0.286159,45564,23318,6,1.71696,
/os_cloud_node/points_decim_1,Draco 16,50,0.281462,45408,23674,6,1.68877,
/os_cloud_node/points_decim_1,Draco 16,51,0.279686,46905,23513,6,1.67811,
/os_cloud_node/points_decim_1,Draco 16,52,0.282348,46508,23763,6,1.69409,
/os_cloud_node/points_decim_1,Draco 16,53,0.26494,46260,23039,6,1.58964,
/os_cloud_node/points_decim_1,Draco 16,54,0.271287,45777,22940,6,1.62772,
/os_cloud_node/points_decim_1,Draco 16,55,0.269213,45533,23163,6,1.61528,
/os_cloud_node/points_decim_1,Draco 16,56,0.274405,45998,22986,6,1.64643,
/os_cloud_node/points_decim_1,Draco 16,57,0.273121,45065,22853,6,1.63872,
/os_cloud_node/points_decim_1,Draco 16,58,0.275603,45563,22568,6,1.65362,
/os_cloud_node/points_decim_1,Draco 16,59,0.275452,45585,23070,6,1.65271,
/os_cloud_node/points_decim_1,Draco 16,60,0.269843,46768,23252,6,1.61906,
/os_cloud_node/points_decim_1,Draco 16,61,0.279063,47264,23880,6,1.67438,
/os_cloud_node/points_decim_1,Draco 16,62,0.26576,46720,23456,6,1.59456,
/os_cloud_node/points_decim_1,Draco 16,63,0.279388,46492,23478,6,1.67633,
/os_cloud_node/points_decim_1,Draco 16,64,0.276904,45177,23214,6,1.66143,
/os_cloud_node/points_decim_1,Draco 16,65,0.279539,46002,23329,6,1.67723,
/os_cloud_node/points_decim_1,Draco 16,66,0.278455,46160,23351,6,1.67073,
/os_cloud_node/points_decim_1,Draco 16,67,0.271316,45831,23399,6,1.6279,
/os_cloud_node/points_decim_1,Draco 16,68,0.272661,47853,23707,6,1.63597,
/os_cloud_node/points_decim_1,Draco 16,69,0.279592,45633,22839,6,1.67755,
/os_cloud_node/points_decim_1,Draco 16,70,0.28294,45892,22958,6,1.69764,
/os_cloud_node/points_decim_1,Draco 16,71,0.279754,46157,23720,6,1.67853,
/os_cloud_node/points_decim_1,Draco 16,72,0.277042,46312,23174,6,1.66225,
/os_cloud_node/points_decim_1,Draco 16,73,0.277656,46911,23917,6,1.66594,
/os_cloud_node/points_decim_1,Draco 16,74,0.279709,45691,23532,6,1.67825,
/os_cloud_node/points_decim_1,Draco 16,75,0.274925,46187,22956,6,1.64955,
/os_cloud_node/points_decim_1,Draco 16,76,0.271461,46976,23469,6,1.62877,
/os_cloud_node/points_decim_1,Draco 16,77,0.276237,46441,23211,6,1.65742,
/os_cloud_node/points_decim_1,Draco 16,78,0.278424,45378,22761,6,1.67054,
/os_cloud_node/points_decim_1,Draco 16,79,0.276417,45997,23187,6,1.6585,
/os_cloud_node/points_decim_1,Draco 16,80,0.279936,46550,23537,6,1.67962,
/os_cloud_node/points_decim_1,Draco 16,81,0.277705,47692,24500,6,1.66623,
/os_cloud_node/points_decim_1,Draco 16,82,0.279866,45801,23874,6,1.6792,
/os_cloud_node/points_decim_1,Draco 16,83,0.279035,45671,22656,6,1.67421,
/os_cloud_node/points_decim_1,Draco 16,84,0.278774,46039,23392,6,1.67264,
/os_cloud_node/points_decim_1,Draco 16,85,0.279202,45792,23047,6,1.67521,
/os_cloud_node/points_decim_1,Draco 16,86,0.278783,46764,23152,6,1.6727,
/os_cloud_node/points_decim_1,Draco 16,87,0.277989,45112,23052,6,1.66793,
/os_cloud_node/points_decim_1,Draco 16,88,0.277591,44875,22542,6,1.66555,
/os_cloud_node/points_decim_1,Draco 16,89,0.280969,45812,23752,6,1.68581,
/os_cloud_node/points_decim_1,Draco 16,90,0.286733,43988,22357,6,1.7204,
/os_cloud_node/points_decim_1,Draco 16,91,0.28628,43939,22912,6,1.71768,
/os_cloud_node/points_decim_1,Draco 16,92,0.282622,44463,22148,6,1.69573,
/os_cloud_node/points_decim_1,Draco 16,93,0.284626,44351,22560,6,1.70776,
/os_cloud_node/points_decim_1,Draco 16,94,0.292645,45444,22527,6,1.75587,
/os_cloud_node/points_decim_1,Draco 16,95,0.293072,44410,22688,6,1.75843,
/os_cloud_node/points_decim_1,Draco 16,96,0.290144,44762,22874,6,1.74087,
/os_cloud_node/points_decim_1,Draco 16,97,0.288335,44798,22988,6,1.73001,
/os_cloud_node/points_decim_1,Draco 16,98,0.290967,45275,22730,6,1.7458,
/os_cloud_node/points_decim_1,Draco 16,99,0.285456,46873,24290,6,1.71274,
/os_cloud_node/points_decim_1,Draco 16,100,0.28806,46361,23623,6,1.72836,
/os_cloud_node/points_decim_1,Draco 16,101,0.285707,46123,23741,6,1.71424,
/os_cloud_node/points_decim_1,Draco 16,102,0.285909,45649,24385,6,1.71546,
/os_cloud_node/points_decim_1,Draco 16,103,0.291665,46670,23496,6,1.74999,
/os_cloud_node/points_decim_1,Draco 16,104,0.294921,47869,23895,6,1.76953,
/os_cloud_node/points_decim_1,Draco 16,105,0.29318,45110,22521,6,1.75908,
/os_cloud_node/points_decim_1,Draco 16,106,0.288629,45119,22836,6,1.73177,
/os_cloud_node/points_decim_1,Draco 16,107,0.289636,44577,22647,6,1.73782,
/os_cloud_node/points_decim_1,Draco 16,108,0.291207,45200,22249,6,1.74724,
/os_cloud_node/points_decim_1,Draco 16,109,0.291256,45300,23070,6,1.74753,
/os_cloud_node/points_decim_1,Draco 16,110,0.282699,46256,23370,6,1.69619,
/os_cloud_node/points_decim_1,Draco 16,111,0.282969,45670,23112,6,1.69781,
/os_cloud_node/points_decim_1,Draco 16,112,0.286518,44899,23226,6,1.71911,
/os_cloud_node/points_decim_1,Draco 16,113,0.286067,44729,23137,6,1.7164,
/os_cloud_node/points_decim_1,Draco 16,114,0.286826,46121,23106,6,1.72095,
/os_cloud_node/points_decim_1,Draco 16,115,0.288519,43993,22440,6,1.73111,
/os_cloud_node/points_decim_1,Draco 16,116,0.28718,44302,23029,6,1.72308,
/os_cloud_node/points_decim_1,Draco 16,117,0.288671,44764,22952,6,1.73203,
/os_cloud_node/points_decim_1,Draco 16,118,0.282935,45278,22710,6,1.69761,
/os_cloud_node/points_decim_1,Draco 16,119,0.278846,45981,23822,6,1.67308,
/os_cloud_node/points_decim_1,Draco 16,120,0.282012,46261,23405,6,1.69207,
/os_cloud_node/points_decim_1,Draco 16,121,0.289737,45442,23294,6,1.73842,
/os_cloud_node/points_decim_1,Draco 16,122,0.289216,45250,22875,6,1.7353,
/os_cloud_node/points_decim_1,Draco 16,123,0.286112,45555,23176,6,1.71667,
/os_cloud_node/points_decim_1,Draco 16,124,0.289399,45197,22599,6,1.7364,
/os_cloud_node/points_decim_1,Draco 16,125,0.289161,45052,22928,6,1.73497,
/os_cloud_node/points_decim_1,Draco 16,126,0.288519,44768,22654,6,1.73112,
/os_cloud_node/points_decim_1,Draco 16,127,0.284403,45161,23161,6,1.70642,
/os_cloud_node/points_decim_1,Draco 16,128,0.283677,46242,23874,6,1.70206,
/os_cloud_node/points_decim_1,Draco 16,129,0.282272,45249,22924,6,1.69363,
/os_cloud_node/points_decim_1,Draco 16,130,0.286123,44626,22419,6,1.71674,
/os_cloud_node/points_decim_1,Draco 16,131,0.288385,44913,22131,6,1.73031,
/os_cloud_node/points_decim_1,Draco 16,132,0.288186,44224,22257,6,1.72911,
/os_cloud_node/points_decim_1,Draco 16,133,0.283466,46197,22917,6,1.7008,
/os_cloud_node/points_decim_1,Draco 16,134,0.282914,45401,22379,6,1.69748,
/os_cloud_node/points_decim_1,Draco 16,135,0.283358,45630,22737,6,1.70015,
/os_cloud_node/points_decim_1,Draco 16,136,0.283154,45500,23368,6,1.69892,
/os_cloud_node/points_decim_1,Draco 16,137,0.285347,45596,22916,6,1.71208,
/os_cloud_node/points_decim_1,Draco 16,138,0.283865,47162,23788,6,1.70319,
/os_cloud_node/points_decim_1,Draco 16,139,0.285164,45538,23208,6,1.71098,
/os_cloud_node/points_decim_1,Draco 16,140,0.289537,46186,24000,6,1.73722,
/os_cloud_node/points_decim_1,Draco 16,141,0.291475,45832,23379,6,1.74885,
/os_cloud_node/points_decim_1,Draco 16,142,0.288249,45893,23547,6,1.72949,
/os_cloud_node/points_decim_1,Draco 16,143,0.262685,46213,23142,6,1.57611,
/os_cloud_node/points_decim_1,Draco 16,144,0.290384,46353,23223,6,1.7423,
/os_cloud_node/points_decim_1,Draco 16,145,0.288703,46065,23247,6,1.73222,
/os_cloud_node/points_decim_1,Draco 16,146,0.288233,45059,23229,6,1.7294,
/os_cloud_node/points_decim_1,Draco 16,147,0.288598,45881,23836,6,1.73159,
/os_cloud_node/points_decim_1,Draco 16,148,0.287028,45378,23405,6,1.72217,
/os_cloud_node/points_decim_1,Draco 16,149,0.284696,45617,22986,6,1.70817,
/os_cloud_node/points_decim_1,Draco 16,150,0.288843,44640,22807,6,1.73306,
/os_cloud_node/points_decim_1,Draco 16,151,0.28959,44652,22428,6,1.73754,
/os_cloud_node/points_decim_1,Draco 16,152,0.287872,46802,24942,6,1.72723,
/os_cloud_node/points_decim_1,Draco 16,153,0.285055,45905,23134,6,1.71033,
/os_cloud_node/points_decim_1,Draco 16,154,0.293763,45235,23127,6,1.76258,
/os_cloud_node/points_decim_1,Draco 16,155,0.288095,45596,23355,6,1.72857,
/os_cloud_node/points_decim_1,Draco 16,156,0.286002,45852,23063,6,1.71601,
/os_cloud_node/points_decim_1,Draco 16,157,0.289183,46258,23652,6,1.7351,
/os_cloud_node/points_decim_1,Draco 16,158,0.293122,45912,23661,6,1.75873,
/os_cloud_node/points_decim_1,Draco 16,159,0.285667,46530,23749,6,1.714,
/os_cloud_node/points_decim_1,Draco 16,160,0.292604,46002,23851,6,1.75563,
/os_cloud_node/points_decim_1,Draco 16,161,0.290928,45472,23105,6,1.74557,
/os_cloud_node/points_decim_1,Draco 16,162,0.286774,45425,23112,6,1.72064,
/os_cloud_node/points_decim_1,Draco 16,163,0.286294,44679,22920,6,1.71776,
/os_cloud_node/points_decim_1,Draco 16,164,0.286494,44300,22506,6,1.71897,
/os_cloud_node/points_decim_1,Draco 16,165,0.286674,45443,22659,6,1.72005,
/os_cloud_node/points_decim_1,Draco 16,166,0.287563,44371,22841,6,1.72538,
/os_cloud_node/points_decim_1,Draco 16,167,0.280646,45436,23121,6,1.68388,
/os_cloud_node/points_decim_1,Draco 16,168,0.280694,45368,22737,6,1.68417,
/os_cloud_node/points_decim_1,Draco 16,169,0.283085,46348,23020,6,1.69851,
/os_cloud_node/points_decim_1,Draco 16,170,0.278544,45862,23225,6,1.67126,
/os_cloud_node/points_decim_1,Draco 16,171,0.277269,45433,22612,6,1.66361,
/os_cloud_node/points_decim_1,Draco 16,172,0.277703,45892,23113,6,1.66622,
/os_cloud_node/points_decim_1,Draco 16,173,0.279016,45841,23171,6,1.6741,
/os_cloud_node/points_decim_1,Draco 16,174,0.279205,46007,23629,6,1.67523,
/os_cloud_node/points_decim_1,Draco 16,175,0.278499,46258,23254,6,1.671,
/os_cloud_node/points_decim_1,Draco 16,176,0.280372,45906,22985,6,1.68223,
/os_cloud_node/points_decim_1,Draco 16,177,0.280409,46066,23293,6,1.68245,
/os_cloud_node/points_decim_1,Draco 16,178,0.279459,47162,23765,6,1.67676,
/os_cloud_node/points_decim_1,Draco 16,179,0.279001,46728,23649,6,1.67401,
/os_cloud_node/points_decim_1,Draco 16,180,0.277472,47269,24011,6,1.66483,
/os_cloud_node/points_decim_1,Draco 16,181,0.274866,46070,23705,6,1.6492,
/os_cloud_node/points_decim_1,Draco 16,182,0.271117,46007,23176,6,1.6267,
/os_cloud_node/points_decim_1,Draco 16,183,0.27781,46503,23908,6,1.66686,
/os_cloud_node/points_decim_1,Draco 16,184,0.274853,46159,23413,6,1.64912,
/os_cloud_node/points_decim_1,Draco 16,185,0.268277,46243,23588,6,1.60966,
/os_cloud_node/points_decim_1,Draco 16,186,0.273978,45653,23669,6,1.64387,
/os_cloud_node/points_decim_1,Draco 16,187,0.283101,45143,22882,6,1.69861,
/os_cloud_node/points_decim_1,Draco 16,188,0.283799,45766,23178,6,1.7028,
/os_cloud_node/points_decim_1,Draco 16,189,0.278399,46658,23919,6,1.67039,
/os_cloud_node/points_decim_1,Draco 16,190,0.281547,47854,24145,6,1.68928,
/os_cloud_node/points_decim_1,Draco 16,191,0.273577,47295,24316,6,1.64146,
/os_cloud_node/points_decim_1,Draco 16,192,0.267795,46763,23648,6,1.60677,
/os_cloud_node/points_decim_1,Draco 16,193,0.265579,47925,23850,6,1.59347,
/os_cloud_node/points_decim_1,Draco 16,194,0.262949,45563,22696,6,1.5777,
/os_cloud_node/points_decim_1,Draco 16,195,0.26555,46704,23625,6,1.5933,
/os_cloud_node/points_decim_1,Draco 16,196,0.270648,45691,22557,6,1.62389,
/os_cloud_node/points_decim_1,Draco 16,197,0.273702,45839,23232,6,1.64221,
/os_cloud_node/points_decim_1,Draco 16,198,0.2686,46571,23692,6,1.6116,
/os_cloud_node/points_decim_1,Draco 16,199,0.277929,45581,23382,6,1.66757,
/os_cloud_node/points_decim_1,Draco 16,200,0.275018,46147,23560,6,1.65011,
/os_cloud_node/points_decim_1,Draco 16,201,0.274121,46183,22891,6,1.64473,
/os_cloud_node/points_decim_1,Draco 16,202,0.293114,45640,23076,6,1.75868,
/os_cloud_node/points_decim_1,Draco 16,203,0.292041,46069,24978,6,1.75225,
/os_cloud_node/points_decim_1,Draco 16,204,0.286843,45619,23459,6,1.72106,
/os_cloud_node/points_decim_1,Draco 16,205,0.290918,46276,24049,6,1.74551,
/os_cloud_node/points_decim_1,Draco 16,206,0.296497,45545,23279,6,1.77898,
/os_cloud_node/points_decim_1,Draco 16,207,0.300169,45482,23180,6,1.80101,
/os_cloud_node/points_decim_1,Draco 16,208,0.292037,46104,23488,6,1.75222,
/os_cloud_node/points_decim_1,Draco 16,209,0.292627,44773,22776,6,1.75576,
/os_cloud_node/points_decim_1,Draco 16,210,0.292736,45023,23397,6,1.75642,
/os_cloud_node/points_decim_1,Draco 16,211,0.292543,44684,22337,6,1.75526,
/os_cloud_node/points_decim_1,Draco 16,212,0.287196,45724,23472,6,1.72317,
/os_cloud_node/points_decim_1,Draco 16,213,0.287748,44570,22652,6,1.72649,
/os_cloud_node/points_decim_1,Draco 16,214,0.290272,44539,22177,6,1.74163,
/os_cloud_node/points_decim_1,Draco 16,215,0.288189,45221,22817,6,1.72914,
/os_cloud_node/points_decim_1,Draco 16,216,0.281853,45478,22974,6,1.69112,
/os_cloud_node/points_decim_1,Draco 16,217,0.277328,47164,23740,6,1.66397,
/os_cloud_node/points_decim_1,Draco 16,218,0.282225,45871,22621,6,1.69335,
/os_cloud_node/points_decim_1,Draco 16,219,0.285595,44749,22602,6,1.71357,
/os_cloud_node/points_decim_1,Draco 16,220,0.275258,45254,22675,6,1.65155,
/os_cloud_node/points_decim_1,Draco 16,221,0.275549,45197,22847,6,1.65329,
/os_cloud_node/points_decim_1,Draco 16,222,0.259834,46718,23200,6,1.559,
/os_cloud_node/points_decim_1,Draco 16,223,0.259029,45052,22314,6,1.55417,
/os_cloud_node/points_decim_1,Draco 16,224,0.25313,45001,22005,6,1.51878,
/os_cloud_node/points_decim_1,Draco 16,225,0.250794,44434,22008,6,1.50476,
/os_cloud_node/points_decim_1,Draco 16,226,0.26772,46721,22860,6,1.60632,
/os_cloud_node/points_decim_1,Draco 16,227,0.272687,44961,22039,6,1.63612,
/os_cloud_node/points_decim_1,Draco 16,228,0.279635,45375,22367,6,1.67781,
/os_cloud_node/points_decim_1,Draco 16,229,0.277883,47250,24031,6,1.6673,
/os_cloud_node/points_decim_1,Draco 16,230,0.279898,45675,22600,6,1.67939,
/os_cloud_node/points_decim_1,Draco 16,231,0.259774,45719,22708,6,1.55865,
/os_cloud_node/points_decim_1,Draco 16,232,0.275487,45164,22717,6,1.65292,
/os_cloud_node/points_decim_1,Draco 16,233,0.276863,45048,22807,6,1.66118,
/os_cloud_node/points_decim_1,Draco 16,234,0.275225,45393,22723,6,1.65135,
/os_cloud_node/points_decim_1,Draco 16,235,0.27649,44530,22618,6,1.65894,
/os_cloud_node/points_decim_1,Draco 16,236,0.273035,46444,24134,6,1.63821,
/os_cloud_node/points_decim_1,Draco 16,237,0.273794,45942,22825,6,1.64276,
/os_cloud_node/points_decim_1,Draco 16 + ZSTD,0,0.242011,51266,22806,6,1.45207,
/os_cloud_node/points_decim_1,Draco 16 + ZSTD,1,0.243848,51778,23028,6,1.46309,
/os_cloud_node/points_decim_1,Draco 16 + ZSTD,2,0.239051,52341,23567,6,1.43431,
/os_cloud_node/points_decim_1,Draco 16 + ZSTD,3,0.244235,52689,23292,6,1.46541,
/os_cloud_node/points_decim_1,Draco 16 + ZSTD,4,0.237281,52968,23163,6,1.42368,
/os_cloud_node/points_decim_1,Draco 16 + ZSTD,5,0.248836,53426,23849,6,1.49302,
/os_cloud_node/points_decim_1,Draco 16 + ZSTD,6,0.25875,52955,23308,6,1.5525,
/os_cloud_node/points_decim_1,Draco 16 + ZSTD,7,0.259386,53013,23130,6,1.55632,
/os_cloud_node/points_decim_1,Draco 16 + ZSTD,8,0.258186,49605,23333,6,1.54911,
/os_cloud_node/points_decim_1,Draco 16 + ZSTD,9,0.264734,49013,23558,6,1.5884,
/os_cloud_node/points_decim_1,Draco 16 + ZSTD,10,0.253475,49676,23351,6,1.52085,
/os_cloud_node/points_decim_1,Draco 16 + ZSTD,11,0.268085,51748,25227,6,1.60851,
/os_cloud_node/points_decim_1,Draco 16 + ZSTD,12,0.266805,50256,23148,6,1.60083,
/os_cloud_node/points_decim_1,Draco 16 + ZSTD,13,0.266001,51137,24127,6,1.59601,
/os_cloud_node/points_decim_1,Draco 16 + ZSTD,14,0.264565,50611,24008,6,1.58739,
/os_cloud_node/points_decim_1,Draco 16 + ZSTD,15,0.258732,50775,23790,6,1.55239,
/os_cloud_node/points_decim_1,Draco 16 + ZSTD,16,0.251325,50567,23594,6,1.50795,
/os_cloud_node/points_decim_1,Draco 16 + ZSTD,17,0.239851,50446,23508,6,1.4391,
/os_cloud_node/points_decim_1,Draco 16 + ZSTD,18,0.235919,50744,23706,6,1.41552,
/os_cloud_node/points_decim_1,Draco 16 + ZSTD,19,0.232789,51230,23445,6,1.39673,
/os_cloud_node/points_decim_1,Draco 16 + ZSTD,20,0.237797,50931,23521,6,1.42678,
/os_cloud_node/points_decim_1,Draco 16 + ZSTD,21,0.235168,50503,23486,6,1.41101,
/os_cloud_node/points_decim_1,Draco 16 + ZSTD,22,0.239749,49826,23722,6,1.4385,
/os_cloud_node/points_decim_1,Draco 16 + ZSTD,23,0.239456,50300,23712,6,1.43674,
/os_cloud_node/points_decim_1,Draco 16 + ZSTD,24,0.239167,49638,23551,6,1.435,
/os_cloud_node/points_decim_1,Draco 16 + ZSTD,25,0.240758,49919,23684,6,1.44455,
/os_cloud_node/points_decim_1,Draco 16 + ZSTD,26,0.241553,50184,23767,6,1.44932,
/os_cloud_node/points_decim_1,Draco 16 + ZSTD,27,0.23047,49847,23532,6,1.38282,
/os_cloud_node/points_decim_1,Draco 16 + ZSTD,28,0.230058,49771,23412,6,1.38035,
/os_cloud_node/points_decim_1,Draco 16 + ZSTD,29,0.232267,49998,24411,6,1.3936,
/os_cloud_node/points_decim_1,Draco 16 + ZSTD,30,0.233203,50803,24100,6,1.39922,
/os_cloud_node/points_decim_1,Draco 16 + ZSTD,31,0.242704,50949,24214,6,1.45622,
/os_cloud_node/points_decim_1,Draco 16 + ZSTD,32,0.255363,50735,24027,6,1.53218,
/os_cloud_node/points_decim_1,Draco 16 + ZSTD,33,0.250991,50288,24405,6,1.50595,
/os_cloud_node/points_decim_1,Draco 16 + ZSTD,34,0.25694,49677,24135,6,1.54164,
/os_cloud_node/points_decim_1,Draco 16 + ZSTD,35,0.258643,49837,23809,6,1.55186,
/os_cloud_node/points_decim_1,Draco 16 + ZSTD,36,0.259807,49276,23983,6,1.55884,
/os_cloud_node/points_decim_1,Draco 16 + ZSTD,37,0.264676,50058,23944,6,1.58806,
/os_cloud_node/points_decim_1,Draco 16 + ZSTD,38,0.266323,49536,23619,6,1.59794,
/os_cloud_node/points_decim_1,Draco 16 + ZSTD,39,0.225604,50677,23662,6,1.35362,
/os_cloud_node/points_decim_1,Draco 16 + ZSTD,40,0.265202,51951,25030,6,1.59121,
/os_cloud_node/points_decim_1,Draco 16 + ZSTD,41,0.264938,49929,23556,6,1.58963,
/os_cloud_node/points_decim_1,Draco 16 + ZSTD,42,0.26417,50473,23888,6,1.58502,
/os_cloud_node/points_decim_1,Draco 16 + ZSTD,43,0.272686,48738,23419,6,1.63612,
/os_cloud_node/points_decim_1,Draco 16 + ZSTD,44,0.272895,49878,23832,6,1.63737,
/os_cloud_node/points_decim_1,Draco 16 + ZSTD,45,0.27211,49852,24294,6,1.63266,
/os_cloud_node/points_decim_1,Draco 16 + ZSTD,46,0.269684,49805,23813,6,1.6181,
/os_cloud_node/points_decim_1,Draco 16 + ZSTD,47,0.268662,49978,23948,6,1.61197,
/os_cloud_node/points_decim_1,Draco 16 + ZSTD,48,0.265889,49436,23764,6,1.59533,
/os_cloud_node/points_decim_1,Draco 16 + ZSTD,49,0.263139,50617,24601,6,1.57883,
/os_cloud_node/points_decim_1,Draco 16 + ZSTD,50,0.258965,50520,24986,6,1.55379,
/os_cloud_node/points_decim_1,Draco 16 + ZSTD,51,0.256634,51957,24759,6,1.5398,
/os_cloud_node/points_decim_1,Draco 16 + ZSTD,52,0.258335,51802,25015,6,1.55001,
/os_cloud_node/points_decim_1,Draco 16 + ZSTD,53,0.245114,51315,24215,6,1.47068,
/os_cloud_node/points_decim_1,Draco 16 + ZSTD,54,0.251842,50649,24170,6,1.51105,
/os_cloud_node/points_decim_1,Draco 16 + ZSTD,55,0.24977,49949,24324,6,1.49862,
/os_cloud_node/points_decim_1,Draco 16 + ZSTD,56,0.25558,50874,24177,6,1.53348,
/os_cloud_node/points_decim_1,Draco 16 + ZSTD,57,0.253193,49838,24029,6,1.51916,
/os_cloud_node/points_decim_1,Draco 16 + ZSTD,58,0.256876,50230,23750,6,1.54125,
/os_cloud_node/points_decim_1,Draco 16 + ZSTD,59,0.255418,51180,24311,6,1.53251,
/os_cloud_node/points_decim_1,Draco 16 + ZSTD,60,0.250234,51208,24424,6,1.5014,
/os_cloud_node/points_decim_1,Draco 16 + ZSTD,61,0.256099,53814,25204,6,1.53659,
/os_cloud_node/points_decim_1,Draco 16 + ZSTD,62,0.246454,52265,24645,6,1.47872,
/os_cloud_node/points_decim_1,Draco 16 + ZSTD,63,0.258893,51450,24710,6,1.55336,
/os_cloud_node/points_decim_1,Draco 16 + ZSTD,64,0.256918,50211,24444,6,1.54151,
/os_cloud_node/points_decim_1,Draco 16 + ZSTD,65,0.259056,50957,24562,6,1.55434,
/os_cloud_node/points_decim_1,Draco 16 + ZSTD,66,0.257847,51271,24629,6,1.54708,
/os_cloud_node/points_decim_1,Draco 16 + ZSTD,67,0.25119,50466,24570,6,1.50714,
/os_cloud_node/points_decim_1,Draco 16 + ZSTD,68,0.251174,52249,24910,6,1.50704,
/os_cloud_node/points_decim_1,Draco 16 + ZSTD,69,0.25678,49717,24040,6,1.54068,
/os_cloud_node/points_decim_1,Draco 16 + ZSTD,70,0.259943,50676,24244,6,1.55966,
/os_cloud_node/points_decim_1,Draco 16 + ZSTD,71,0.257278,50774,24963,6,1.54367,
/os_cloud_node/points_decim_1,Draco 16 + ZSTD,72,0.255113,51050,24392,6,1.53068,
/os_cloud_node/points_decim_1,Draco 16 + ZSTD,73,0.255966,51943,25239,6,1.5358,
/os_cloud_node/points_decim_1,Draco 16 + ZSTD,74,0.258492,50574,24757,6,1.55095,
/os_cloud_node/points_decim_1,Draco 16 + ZSTD,75,0.253089,51143,24153,6,1.51853,
/os_cloud_node/points_decim_1,Draco 16 + ZSTD,76,0.251153,51800,24715,6,1.50692,
/os_cloud_node/points_decim_1,Draco 16 + ZSTD,77,0.255039,51292,24462,6,1.53024,
/os_cloud_node/points_decim_1,Draco 16 + ZSTD,78,0.257559,50153,24000,6,1.54535,
/os_cloud_node/points_decim_1,Draco 16 + ZSTD,79,0.256331,50313,24400,6,1.53799,
/os_cloud_node/points_decim_1,Draco 16 + ZSTD,80,0.260479,50903,24761,6,1.56288,
/os_cloud_node/points_decim_1,Draco 16 + ZSTD,81,0.257784,52191,25732,6,1.5467,
/os_cloud_node/points_decim_1,Draco 16 + ZSTD,82,0.260594,50119,25079,6,1.56357,
/os_cloud_node/points_decim_1,Draco 16 + ZSTD,83,0.260224,50042,23853,6,1.56134,
/os_cloud_node/points_decim_1,Draco 16 + ZSTD,84,0.259719,50572,24682,6,1.55831,
/os_cloud_node/points_decim_1,Draco 16 + ZSTD,85,0.258997,50691,24337,6,1.55398,
/os_cloud_node/points_decim_1,Draco 16 + ZSTD,86,0.25978,51577,24532,6,1.55868,
/os_cloud_node/points_decim_1,Draco 16 + ZSTD,87,0.258549,49523,24308,6,1.5513,
/os_cloud_node/points_decim_1,Draco 16 + ZSTD,88,0.258626,49461,23836,6,1.55175,
/os_cloud_node/points_decim_1,Draco 16 + ZSTD,89,0.262073,51142,25068,6,1.57244,
/os_cloud_node/points_decim_1,Draco 16 + ZSTD,90,0.26746,48591,23638,6,1.60476,
/os_cloud_node/points_decim_1,Draco 16 + ZSTD,91,0.267071,48549,24136,6,1.60243,
/os_cloud_node/points_decim_1,Draco 16 + ZSTD,92,0.263801,48958,23447,6,1.5828,
/os_cloud_node/points_decim_1,Draco 16 + ZSTD,93,0.265558,48887,23828,6,1.59335,
/os_cloud_node/points_decim_1,Draco 16 + ZSTD,94,0.272816,50225,23789,6,1.6369,
/os_cloud_node/points_decim_1,Draco 16 + ZSTD,95,0.272364,49364,23990,6,1.63418,
/os_cloud_node/points_decim_1,Draco 16 + ZSTD,96,0.269851,49782,24176,6,1.6191,
/os_cloud_node/points_decim_1,Draco 16 + ZSTD,97,0.268278,49650,24343,6,1.60967,
/os_cloud_node/points_decim_1,Draco 16 + ZSTD,98,0.269389,50120,24045,6,1.61633,
/os_cloud_node/points_decim_1,Draco 16 + ZSTD,99,0.263732,51411,25562,6,1.58239,
/os_cloud_node/points_decim_1,Draco 16 + ZSTD,100,0.266482,51768,24908,6,1.59889,
/os_cloud_node/points_decim_1,Draco 16 + ZSTD,101,0.262934,51247,25006,6,1.57761,
/os_cloud_node/points_decim_1,Draco 16 + ZSTD,102,0.263448,51064,25640,6,1.58069,
/os_cloud_node/points_decim_1,Draco 16 + ZSTD,103,0.269677,51799,24818,6,1.61806,
/os_cloud_node/points_decim_1,Draco 16 + ZSTD,104,0.273819,53097,25267,6,1.64291,
/os_cloud_node/points_decim_1,Draco 16 + ZSTD,105,0.272213,50289,23805,6,1.63328,
/os_cloud_node/points_decim_1,Draco 16 + ZSTD,106,0.269339,49784,24110,6,1.61603,
/os_cloud_node/points_decim_1,Draco 16 + ZSTD,107,0.269238,49585,23942,6,1.61543,
/os_cloud_node/points_decim_1,Draco 16 + ZSTD,108,0.271026,50050,23527,6,1.62615,
/os_cloud_node/points_decim_1,Draco 16 + ZSTD,109,0.271161,50247,24355,6,1.62697,
/os_cloud_node/points_decim_1,Draco 16 + ZSTD,110,0.262172,50907,24594,6,1.57303,
/os_cloud_node/points_decim_1,Draco 16 + ZSTD,111,0.261696,50845,24382,6,1.57018,
/os_cloud_node/points_decim_1,Draco 16 + ZSTD,112,0.266915,49974,24568,6,1.60149,
/os_cloud_node/points_decim_1,Draco 16 + ZSTD,113,0.266546,49823,24435,6,1.59928,
/os_cloud_node/points_decim_1,Draco 16 + ZSTD,114,0.267351,51000,24435,6,1.60411,
/os_cloud_node/points_decim_1,Draco 16 + ZSTD,115,0.268822,48554,23721,6,1.61293,
/os_cloud_node/points_decim_1,Draco 16 + ZSTD,116,0.267504,48968,24302,6,1.60502,
/os_cloud_node/points_decim_1,Draco 16 + ZSTD,117,0.26821,49575,24227,6,1.60926,
/os_cloud_node/points_decim_1,Draco 16 + ZSTD,118,0.263201,50020,23946,6,1.57921,
/os_cloud_node/points_decim_1,Draco 16 + ZSTD,119,0.258752,50752,25047,6,1.55251,
/os_cloud_node/points_decim_1,Draco 16 + ZSTD,120,0.261014,50972,24672,6,1.56609,
/os_cloud_node/points_decim_1,Draco 16 + ZSTD,121,0.268019,50416,24620,6,1.60812,
/os_cloud_node/points_decim_1,Draco 16 + ZSTD,122,0.267738,50275,24151,6,1.60643,
/os_cloud_node/points_decim_1,Draco 16 + ZSTD,123,0.264766,50185,24425,6,1.5886,
/os_cloud_node/points_decim_1,Draco 16 + ZSTD,124,0.269074,49838,23866,6,1.61444,
/os_cloud_node/points_decim_1,Draco 16 + ZSTD,125,0.269174,49877,24173,6,1.61505,
/os_cloud_node/points_decim_1,Draco 16 + ZSTD,126,0.267683,50159,23905,6,1.6061,
/os_cloud_node/points_decim_1,Draco 16 + ZSTD,127,0.263123,49827,24406,6,1.57874,
/os_cloud_node/points_decim_1,Draco 16 + ZSTD,128,0.262651,51381,25153,6,1.57591,
/os_cloud_node/points_decim_1,Draco 16 + ZSTD,129,0.261508,49749,24140,6,1.56905,
/os_cloud_node/points_decim_1,Draco 16 + ZSTD,130,0.26512,49942,23658,6,1.59072,
/os_cloud_node/points_decim_1,Draco 16 + ZSTD,131,0.267742,49990,23388,6,1.60645,
/os_cloud_node/points_decim_1,Draco 16 + ZSTD,132,0.267639,49176,23505,6,1.60583,
/os_cloud_node/points_decim_1,Draco 16 + ZSTD,133,0.262766,51297,24175,6,1.5766,
/os_cloud_node/points_decim_1,Draco 16 + ZSTD,134,0.263487,50021,23592,6,1.58092,
/os_cloud_node/points_decim_1,Draco 16 + ZSTD,135,0.263698,50647,23969,6,1.58219,
/os_cloud_node/points_decim_1,Draco 16 + ZSTD,136,0.263183,50509,24587,6,1.5791,
/os_cloud_node/points_decim_1,Draco 16 + ZSTD,137,0.264755,50848,24208,6,1.58853,
/os_cloud_node/points_decim_1,Draco 16 + ZSTD,138,0.26261,52501,25039,6,1.57566,
/os_cloud_node/points_decim_1,Draco 16 + ZSTD,139,0.263433,51160,24487,6,1.5806,
/os_cloud_node/points_decim_1,Draco 16 + ZSTD,140,0.268268,51074,25251,6,1.60961,
/os_cloud_node/points_decim_1,Draco 16 + ZSTD,141,0.270633,50608,24635,6,1.6238,
/os_cloud_node/points_decim_1,Draco 16 + ZSTD,142,0.268599,50869,24820,6,1.61159,
/os_cloud_node/points_decim_1,Draco 16 + ZSTD,143,0.245663,50807,24320,6,1.47398,
/os_cloud_node/points_decim_1,Draco 16 + ZSTD,144,0.270186,51194,24496,6,1.62112,
/os_cloud_node/points_decim_1,Draco 16 + ZSTD,145,0.268407,50858,24485,6,1.61044,
/os_cloud_node/points_decim_1,Draco 16 + ZSTD,146,0.269496,49918,24469,6,1.61697,
/os_cloud_node/points_decim_1,Draco 16 + ZSTD,147,0.269123,50526,25090,6,1.61474,
/os_cloud_node/points_decim_1,Draco 16 + ZSTD,148,0.267415,50405,24640,6,1.60449,
/os_cloud_node/points_decim_1,Draco 16 + ZSTD,149,0.263579,50692,24219,6,1.58148,
/os_cloud_node/points_decim_1,Draco 16 + ZSTD,150,0.267584,50030,24087,6,1.6055,
/os_cloud_node/points_decim_1,Draco 16 + ZSTD,151,0.270046,49677,23665,6,1.62027,
/os_cloud_node/points_decim_1,Draco 16 + ZSTD,152,0.268035,51981,26203,6,1.60821,
/os_cloud_node/points_decim_1,Draco 16 + ZSTD,153,0.265638,50908,24373,6,1.59383,
/os_cloud_node/points_decim_1,Draco 16 + ZSTD,154,0.273984,50729,24395,6,1.64391,
/os_cloud_node/points_decim_1,Draco 16 + ZSTD,155,0.268004,51012,24636,6,1.60803,
/os_cloud_node/points_decim_1,Draco 16 + ZSTD,156,0.266617,50970,24291,6,1.5997,
/os_cloud_node/points_decim_1,Draco 16 + ZSTD,157,0.268461,51386,24924,6,1.61076,
/os_cloud_node/points_decim_1,Draco 16 + ZSTD,158,0.270975,51432,24941,6,1.62585,
/os_cloud_node/points_decim_1,Draco 16 + ZSTD,159,0.264818,51201,24976,6,1.58891,
/os_cloud_node/points_decim_1,Draco 16 + ZSTD,160,0.271184,51158,25152,6,1.6271,
/os_cloud_node/points_decim_1,Draco 16 + ZSTD,161,0.270009,50650,24375,6,1.62005,
/os_cloud_node/points_decim_1,Draco 16 + ZSTD,162,0.266526,50032,24325,6,1.59916,
/os_cloud_node/points_decim_1,Draco 16 + ZSTD,163,0.26637,49339,24271,6,1.59822,
/os_cloud_node/points_decim_1,Draco 16 + ZSTD,164,0.26727,48758,23717,6,1.60362,
/os_cloud_node/points_decim_1,Draco 16 + ZSTD,165,0.267055,50284,23902,6,1.60233,
/os_cloud_node/points_decim_1,Draco 16 + ZSTD,166,0.267806,49264,24071,6,1.60684,
/os_cloud_node/points_decim_1,Draco 16 + ZSTD,167,0.261526,50175,24335,6,1.56916,
/os_cloud_node/points_decim_1,Draco 16 + ZSTD,168,0.261719,50160,23946,6,1.57031,
/os_cloud_node/points_decim_1,Draco 16 + ZSTD,169,0.264484,51158,24246,6,1.5869,
/os_cloud_node/points_decim_1,Draco 16 + ZSTD,170,0.259105,50369,24453,6,1.55463,
/os_cloud_node/points_decim_1,Draco 16 + ZSTD,171,0.258175,49628,23817,6,1.54905,
/os_cloud_node/points_decim_1,Draco 16 + ZSTD,172,0.258117,50431,24318,6,1.5487,
/os_cloud_node/points_decim_1,Draco 16 + ZSTD,173,0.259961,50701,24421,6,1.55977,
/os_cloud_node/points_decim_1,Draco 16 + ZSTD,174,0.260409,50778,24819,6,1.56245,
/os_cloud_node/points_decim_1,Draco 16 + ZSTD,175,0.259619,50921,24473,6,1.55772,
/os_cloud_node/points_decim_1,Draco 16 + ZSTD,176,0.261925,50809,24195,6,1.57155,
/os_cloud_node/points_decim_1,Draco 16 + ZSTD,177,0.261193,50810,24489,6,1.56716,
/os_cloud_node/points_decim_1,Draco 16 + ZSTD,178,0.260129,51616,24997,6,1.56077,
/os_cloud_node/points_decim_1,Draco 16 + ZSTD,179,0.258189,51575,24934,6,1.54913,
/os_cloud_node/points_decim_1,Draco 16 + ZSTD,180,0.256253,52378,25246,6,1.53752,
/os_cloud_node/points_decim_1,Draco 16 + ZSTD,181,0.254402,51202,24906,6,1.52641,
/os_cloud_node/points_decim_1,Draco 16 + ZSTD,182,0.250959,50615,24342,6,1.50575,
/os_cloud_node/points_decim_1,Draco 16 + ZSTD,183,0.256345,51305,25322,6,1.53807,
/os_cloud_node/points_decim_1,Draco 16 + ZSTD,184,0.253679,50848,24684,6,1.52207,
/os_cloud_node/points_decim_1,Draco 16 + ZSTD,185,0.246378,51482,24767,6,1.47827,
/os_cloud_node/points_decim_1,Draco 16 + ZSTD,186,0.253488,49818,24829,6,1.52093,
/os_cloud_node/points_decim_1,Draco 16 + ZSTD,187,0.261315,49704,24113,6,1.56789,
/os_cloud_node/points_decim_1,Draco 16 + ZSTD,188,0.262046,50642,24447,6,1.57227,
/os_cloud_node/points_decim_1,Draco 16 + ZSTD,189,0.255354,52371,25192,6,1.53212,
/os_cloud_node/points_decim_1,Draco 16 + ZSTD,190,0.259695,53798,25462,6,1.55817,
/os_cloud_node/points_decim_1,Draco 16 + ZSTD,191,0.251247,53157,25564,6,1.50748,
/os_cloud_node/points_decim_1,Draco 16 + ZSTD,192,0.24408,53384,24902,6,1.46448,
/os_cloud_node/points_decim_1,Draco 16 + ZSTD,193,0.24412,54814,25119,6,1.46472,
/os_cloud_node/points_decim_1,Draco 16 + ZSTD,194,0.244894,50463,23845,6,1.46936,
/os_cloud_node/points_decim_1,Draco 16 + ZSTD,195,0.247718,51286,24800,6,1.48631,
/os_cloud_node/points_decim_1,Draco 16 + ZSTD,196,0.252329,49903,23711,6,1.51398,
/os_cloud_node/points_decim_1,Draco 16 + ZSTD,197,0.254034,51307,24452,6,1.5242,
/os_cloud_node/points_decim_1,Draco 16 + ZSTD,198,0.247232,52272,24894,6,1.48339,
/os_cloud_node/points_decim_1,Draco 16 + ZSTD,199,0.257709,50514,24585,6,1.54625,
/os_cloud_node/points_decim_1,Draco 16 + ZSTD,200,0.255209,51148,24763,6,1.53125,
/os_cloud_node/points_decim_1,Draco 16 + ZSTD,201,0.255173,50922,24073,6,1.53104,
/os_cloud_node/points_decim_1,Draco 16 + ZSTD,202,0.271488,50666,24368,6,1.62893,
/os_cloud_node/points_decim_1,Draco 16 + ZSTD,203,0.269956,51247,26309,6,1.61974,
/os_cloud_node/points_decim_1,Draco 16 + ZSTD,204,0.265903,50448,24697,6,1.59542,
/os_cloud_node/points_decim_1,Draco 16 + ZSTD,205,0.268828,51551,25314,6,1.61297,
/os_cloud_node/points_decim_1,Draco 16 + ZSTD,206,0.274847,50724,24651,6,1.64908,
/os_cloud_node/points_decim_1,Draco 16 + ZSTD,207,0.279211,50672,24534,6,1.67527,
/os_cloud_node/points_decim_1,Draco 16 + ZSTD,208,0.271833,51128,24778,6,1.631,
/os_cloud_node/points_decim_1,Draco 16 + ZSTD,209,0.273142,49681,24089,6,1.63885,
/os_cloud_node/points_decim_1,Draco 16 + ZSTD,210,0.273191,50138,24657,6,1.63914,
/os_cloud_node/points_decim_1,Draco 16 + ZSTD,211,0.272677,49816,23581,6,1.63606,
/os_cloud_node/points_decim_1,Draco 16 + ZSTD,212,0.268553,50777,24720,6,1.61132,
/os_cloud_node/points_decim_1,Draco 16 + ZSTD,213,0.268451,49983,23885,6,1.6107,
/os_cloud_node/points_decim_1,Draco 16 + ZSTD,214,0.271343,49995,23474,6,1.62806,
/os_cloud_node/points_decim_1,Draco 16 + ZSTD,215,0.268891,50264,24182,6,1.61335,
/os_cloud_node/points_decim_1,Draco 16 + ZSTD,216,0.26224,50311,24181,6,1.57344,
/os_cloud_node/points_decim_1,Draco 16 + ZSTD,217,0.257292,52956,25039,6,1.54375,
/os_cloud_node/points_decim_1,Draco 16 + ZSTD,218,0.262764,51016,23882,6,1.57658,
/os_cloud_node/points_decim_1,Draco 16 + ZSTD,219,0.265867,49881,23825,6,1.5952,
/os_cloud_node/points_decim_1,Draco 16 + ZSTD,220,0.256361,49867,23862,6,1.53816,
/os_cloud_node/points_decim_1,Draco 16 + ZSTD,221,0.257002,49784,24025,6,1.54201,
/os_cloud_node/points_decim_1,Draco 16 + ZSTD,222,0.242945,52086,24328,6,1.45767,
/os_cloud_node/points_decim_1,Draco 16 + ZSTD,223,0.2425,50381,23401,6,1.455,
/os_cloud_node/points_decim_1,Draco 16 + ZSTD,224,0.238213,50441,23141,6,1.42928,
/os_cloud_node/points_decim_1,Draco 16 + ZSTD,225,0.237966,49181,23030,6,1.4278,
/os_cloud_node/points_decim_1,Draco 16 + ZSTD,226,0.254807,52150,23921,6,1.52884,
/os_cloud_node/points_decim_1,Draco 16 + ZSTD,227,0.260308,50631,23092,6,1.56185,
/os_cloud_node/points_decim_1,Draco 16 + ZSTD,228,0.267919,50986,23422,6,1.60751,
/os_cloud_node/points_decim_1,Draco 16 + ZSTD,229,0.265219,53015,25245,6,1.59131,
/os_cloud_node/points_decim_1,Draco 16 + ZSTD,230,0.268078,51385,23781,6,1.60847,
/os_cloud_node/points_decim_1,Draco 16 + ZSTD,231,0.248322,50544,23703,6,1.48993,
/os_cloud_node/points_decim_1,Draco 16 + ZSTD,232,0.264243,50335,23728,6,1.58546,
/os_cloud_node/points_decim_1,Draco 16 + ZSTD,233,0.2647,50531,23851,6,1.5882,
/os_cloud_node/points_decim_1,Draco 16 + ZSTD,234,0.262915,50936,23805,6,1.57749,
/os_cloud_node/points_decim_1,Draco 16 + ZSTD,235,0.264132,50159,23717,6,1.58479,
/os_cloud_node/points_decim_1,Draco 16 + ZSTD,236,0.259937,51999,25377,6,1.55962,
/os_cloud_node/points_decim_1,Draco 16 + ZSTD,237,0.261191,51678,23884,6,1.56715,
/os_cloud_node/points_decim_1,Draco 14,0,0.229755,44855,22050,6,1.37853,
/os_cloud_node/points_decim_1,Draco 14,1,0.231289,45354,22622,6,1.38773,
/os_cloud_node/points_decim_1,Draco 14,2,0.228784,46088,22685,6,1.37271,
/os_cloud_node/points_decim_1,Draco 14,3,0.231816,45458,22299,6,1.39089,
/os_cloud_node/points_decim_1,Draco 14,4,0.227269,46334,22337,6,1.36362,
/os_cloud_node/points_decim_1,Draco 14,5,0.235693,45726,22390,6,1.41416,
/os_cloud_node/points_decim_1,Draco 14,6,0.240957,45498,22026,6,1.44574,
/os_cloud_node/points_decim_1,Draco 14,7,0.241976,45825,22231,6,1.45186,
/os_cloud_node/points_decim_1,Draco 14,8,0.240908,45345,22298,6,1.44545,
/os_cloud_node/points_decim_1,Draco 14,9,0.245177,44420,21640,6,1.47106,
/os_cloud_node/points_decim_1,Draco 14,10,0.237915,44821,21672,6,1.42749,
/os_cloud_node/points_decim_1,Draco 14,11,0.246782,46186,22385,6,1.48069,
/os_cloud_node/points_decim_1,Draco 14,12,0.24472,45106,21883,6,1.46832,
/os_cloud_node/points_decim_1,Draco 14,13,0.243665,45765,21973,6,1.46199,
/os_cloud_node/points_decim_1,Draco 14,14,0.241824,45097,21735,6,1.45095,
/os_cloud_node/points_decim_1,Draco 14,15,0.237143,44688,21537,6,1.42286,
/os_cloud_node/points_decim_1,Draco 14,16,0.231272,45092,21355,6,1.38763,
/os_cloud_node/points_decim_1,Draco 14,17,0.222259,44761,21706,6,1.33355,
/os_cloud_node/points_decim_1,Draco 14,18,0.219822,45819,21859,6,1.31893,
/os_cloud_node/points_decim_1,Draco 14,19,0.217764,45890,21920,6,1.30659,
/os_cloud_node/points_decim_1,Draco 14,20,0.222872,45138,22007,6,1.33723,
/os_cloud_node/points_decim_1,Draco 14,21,0.219194,45875,22100,6,1.31517,
/os_cloud_node/points_decim_1,Draco 14,22,0.223279,44617,21976,6,1.33967,
/os_cloud_node/points_decim_1,Draco 14,23,0.22434,45049,21978,6,1.34604,
/os_cloud_node/points_decim_1,Draco 14,24,0.222959,44381,21990,6,1.33775,
/os_cloud_node/points_decim_1,Draco 14,25,0.224143,44352,21934,6,1.34486,
/os_cloud_node/points_decim_1,Draco 14,26,0.225016,45056,22258,6,1.3501,
/os_cloud_node/points_decim_1,Draco 14,27,0.216297,44861,21822,6,1.29778,
/os_cloud_node/points_decim_1,Draco 14,28,0.217147,45314,22246,6,1.30288,
/os_cloud_node/points_decim_1,Draco 14,29,0.21828,45333,22558,6,1.30968,
/os_cloud_node/points_decim_1,Draco 14,30,0.219604,45614,22830,6,1.31763,
/os_cloud_node/points_decim_1,Draco 14,31,0.22728,45806,22820,6,1.36368,
/os_cloud_node/points_decim_1,Draco 14,32,0.23974,45390,22697,6,1.43844,
/os_cloud_node/points_decim_1,Draco 14,33,0.233574,45360,22583,6,1.40145,
/os_cloud_node/points_decim_1,Draco 14,34,0.238602,44902,22424,6,1.43161,
/os_cloud_node/points_decim_1,Draco 14,35,0.240237,46517,23528,6,1.44142,
/os_cloud_node/points_decim_1,Draco 14,36,0.241005,45039,22387,6,1.44603,
/os_cloud_node/points_decim_1,Draco 14,37,0.245221,45525,22685,6,1.47132,
/os_cloud_node/points_decim_1,Draco 14,38,0.245877,45086,22279,6,1.47526,
/os_cloud_node/points_decim_1,Draco 14,39,0.207933,46057,21796,6,1.2476,
/os_cloud_node/points_decim_1,Draco 14,40,0.244341,45696,23602,6,1.46605,
/os_cloud_node/points_decim_1,Draco 14,41,0.243961,45386,22738,6,1.46377,
/os_cloud_node/points_decim_1,Draco 14,42,0.242905,45286,22148,6,1.45743,
/os_cloud_node/points_decim_1,Draco 14,43,0.252856,44545,21965,6,1.51713,
/os_cloud_node/points_decim_1,Draco 14,44,0.252656,45158,22754,6,1.51594,
/os_cloud_node/points_decim_1,Draco 14,45,0.252302,45225,23099,6,1.51381,
/os_cloud_node/points_decim_1,Draco 14,46,0.25025,44983,22138,6,1.5015,
/os_cloud_node/points_decim_1,Draco 14,47,0.250199,46152,22314,6,1.5012,
/os_cloud_node/points_decim_1,Draco 14,48,0.246889,46196,22383,6,1.48133,
/os_cloud_node/points_decim_1,Draco 14,49,0.247276,46222,22613,6,1.48366,
/os_cloud_node/points_decim_1,Draco 14,50,0.242545,46844,23002,6,1.45527,
/os_cloud_node/points_decim_1,Draco 14,51,0.241338,46624,23131,6,1.44803,
/os_cloud_node/points_decim_1,Draco 14,52,0.243118,47238,23284,6,1.45871,
/os_cloud_node/points_decim_1,Draco 14,53,0.227203,45438,22520,6,1.36322,
/os_cloud_node/points_decim_1,Draco 14,54,0.232276,45859,23322,6,1.39366,
/os_cloud_node/points_decim_1,Draco 14,55,0.230715,44968,22364,6,1.38429,
/os_cloud_node/points_decim_1,Draco 14,56,0.234759,45427,22952,6,1.40856,
/os_cloud_node/points_decim_1,Draco 14,57,0.233899,45244,22194,6,1.4034,
/os_cloud_node/points_decim_1,Draco 14,58,0.236083,44891,22026,6,1.4165,
/os_cloud_node/points_decim_1,Draco 14,59,0.236777,45194,22201,6,1.42066,
/os_cloud_node/points_decim_1,Draco 14,60,0.232626,46002,22919,6,1.39576,
/os_cloud_node/points_decim_1,Draco 14,61,0.240574,46937,23002,6,1.44344,
/os_cloud_node/points_decim_1,Draco 14,62,0.229919,46767,22822,6,1.37951,
/os_cloud_node/points_decim_1,Draco 14,63,0.240309,46033,22648,6,1.44186,
/os_cloud_node/points_decim_1,Draco 14,64,0.237751,45277,22547,6,1.42651,
/os_cloud_node/points_decim_1,Draco 14,65,0.240035,46472,22874,6,1.44021,
/os_cloud_node/points_decim_1,Draco 14,66,0.238375,46022,22667,6,1.43025,
/os_cloud_node/points_decim_1,Draco 14,67,0.232226,45868,22713,6,1.39336,
/os_cloud_node/points_decim_1,Draco 14,68,0.23388,47427,23307,6,1.40328,
/os_cloud_node/points_decim_1,Draco 14,69,0.239554,45452,22582,6,1.43732,
/os_cloud_node/points_decim_1,Draco 14,70,0.242494,46188,23013,6,1.45496,
/os_cloud_node/points_decim_1,Draco 14,71,0.239555,46401,23045,6,1.43733,
/os_cloud_node/points_decim_1,Draco 14,72,0.237427,46354,22575,6,1.42456,
/os_cloud_node/points_decim_1,Draco 14,73,0.238112,47674,23244,6,1.42867,
/os_cloud_node/points_decim_1,Draco 14,74,0.240071,46671,22838,6,1.44042,
/os_cloud_node/points_decim_1,Draco 14,75,0.236058,46214,22916,6,1.41635,
/os_cloud_node/points_decim_1,Draco 14,76,0.233239,47502,23267,6,1.39944,
/os_cloud_node/points_decim_1,Draco 14,77,0.2376,46736,23066,6,1.4256,
/os_cloud_node/points_decim_1,Draco 14,78,0.238835,45753,22629,6,1.43301,
/os_cloud_node/points_decim_1,Draco 14,79,0.23716,45992,22479,6,1.42296,
/os_cloud_node/points_decim_1,Draco 14,80,0.240323,46098,22640,6,1.44194,
/os_cloud_node/points_decim_1,Draco 14,81,0.238439,47086,23067,6,1.43063,
/os_cloud_node/points_decim_1,Draco 14,82,0.240276,47054,23341,6,1.44166,
/os_cloud_node/points_decim_1,Draco 14,83,0.239937,46247,22486,6,1.43962,
/os_cloud_node/points_decim_1,Draco 14,84,0.239714,46572,22790,6,1.43828,
/os_cloud_node/points_decim_1,Draco 14,85,0.240485,46012,22772,6,1.44291,
/os_cloud_node/points_decim_1,Draco 14,86,0.23985,45623,22614,6,1.4391,
/os_cloud_node/points_decim_1,Draco 14,87,0.23895,45577,23085,6,1.4337,
/os_cloud_node/points_decim_1,Draco 14,88,0.23863,45261,22713,6,1.43178,
/os_cloud_node/points_decim_1,Draco 14,89,0.241553,46062,22735,6,1.44932,
/os_cloud_node/points_decim_1,Draco 14,90,0.246263,45009,22619,6,1.47758,
/os_cloud_node/points_decim_1,Draco 14,91,0.245691,44557,21952,6,1.47414,
/os_cloud_node/points_decim_1,Draco 14,92,0.243036,44577,22282,6,1.45822,
/os_cloud_node/points_decim_1,Draco 14,93,0.244568,44760,22418,6,1.46741,
/os_cloud_node/points_decim_1,Draco 14,94,0.25139,45047,22279,6,1.50834,
/os_cloud_node/points_decim_1,Draco 14,95,0.252085,45182,22842,6,1.51251,
/os_cloud_node/points_decim_1,Draco 14,96,0.249541,45061,22385,6,1.49724,
/os_cloud_node/points_decim_1,Draco 14,97,0.247856,45779,22415,6,1.48714,
/os_cloud_node/points_decim_1,Draco 14,98,0.250294,45650,22597,6,1.50176,
/os_cloud_node/points_decim_1,Draco 14,99,0.24587,47253,24103,6,1.47522,
/os_cloud_node/points_decim_1,Draco 14,100,0.248087,46525,23608,6,1.48852,
/os_cloud_node/points_decim_1,Draco 14,101,0.246158,46558,22936,6,1.47695,
/os_cloud_node/points_decim_1,Draco 14,102,0.246028,45947,22950,6,1.47617,
/os_cloud_node/points_decim_1,Draco 14,103,0.251188,46546,23730,6,1.50713,
/os_cloud_node/points_decim_1,Draco 14,104,0.254081,47952,23727,6,1.52449,
/os_cloud_node/points_decim_1,Draco 14,105,0.252312,45628,22614,6,1.51387,
/os_cloud_node/points_decim_1,Draco 14,106,0.248342,45633,22543,6,1.49005,
/os_cloud_node/points_decim_1,Draco 14,107,0.24899,45768,22340,6,1.49394,
/os_cloud_node/points_decim_1,Draco 14,108,0.250214,45710,22209,6,1.50128,
/os_cloud_node/points_decim_1,Draco 14,109,0.250453,46035,22664,6,1.50272,
/os_cloud_node/points_decim_1,Draco 14,110,0.243423,45645,22543,6,1.46054,
/os_cloud_node/points_decim_1,Draco 14,111,0.244176,46365,22851,6,1.46506,
/os_cloud_node/points_decim_1,Draco 14,112,0.247185,45452,22552,6,1.48311,
/os_cloud_node/points_decim_1,Draco 14,113,0.246361,45060,22407,6,1.47817,
/os_cloud_node/points_decim_1,Draco 14,114,0.246878,46075,22625,6,1.48127,
/os_cloud_node/points_decim_1,Draco 14,115,0.248163,44520,21981,6,1.48898,
/os_cloud_node/points_decim_1,Draco 14,116,0.246853,44654,22382,6,1.48112,
/os_cloud_node/points_decim_1,Draco 14,117,0.248229,45141,22170,6,1.48938,
/os_cloud_node/points_decim_1,Draco 14,118,0.24416,45680,22469,6,1.46496,
/os_cloud_node/points_decim_1,Draco 14,119,0.240359,46364,24139,6,1.44216,
/os_cloud_node/points_decim_1,Draco 14,120,0.243122,46378,23464,6,1.45873,
/os_cloud_node/points_decim_1,Draco 14,121,0.249339,45267,22892,6,1.49604,
/os_cloud_node/points_decim_1,Draco 14,122,0.248984,45856,22443,6,1.49391,
/os_cloud_node/points_decim_1,Draco 14,123,0.246257,46323,22840,6,1.47754,
/os_cloud_node/points_decim_1,Draco 14,124,0.248812,45687,22308,6,1.49287,
/os_cloud_node/points_decim_1,Draco 14,125,0.24882,45701,23004,6,1.49292,
/os_cloud_node/points_decim_1,Draco 14,126,0.247757,45550,22544,6,1.48654,
/os_cloud_node/points_decim_1,Draco 14,127,0.244865,45861,22278,6,1.46919,
/os_cloud_node/points_decim_1,Draco 14,128,0.244452,47075,23308,6,1.46671,
/os_cloud_node/points_decim_1,Draco 14,129,0.243265,45694,22437,6,1.45959,
/os_cloud_node/points_decim_1,Draco 14,130,0.246012,44988,22378,6,1.47607,
/os_cloud_node/points_decim_1,Draco 14,131,0.247832,45044,22076,6,1.48699,
/os_cloud_node/points_decim_1,Draco 14,132,0.247237,45004,22069,6,1.48342,
/os_cloud_node/points_decim_1,Draco 14,133,0.244147,46242,22401,6,1.46488,
/os_cloud_node/points_decim_1,Draco 14,134,0.243667,46505,22262,6,1.462,
/os_cloud_node/points_decim_1,Draco 14,135,0.244257,45826,22519,6,1.46554,
/os_cloud_node/points_decim_1,Draco 14,136,0.244284,46205,22582,6,1.4657,
/os_cloud_node/points_decim_1,Draco 14,137,0.246164,46949,23236,6,1.47698,
/os_cloud_node/points_decim_1,Draco 14,138,0.245453,47382,23216,6,1.47272,
/os_cloud_node/points_decim_1,Draco 14,139,0.246567,45832,23026,6,1.4794,
/os_cloud_node/points_decim_1,Draco 14,140,0.249749,45721,22948,6,1.49849,
/os_cloud_node/points_decim_1,Draco 14,141,0.251139,45751,22872,6,1.50683,
/os_cloud_node/points_decim_1,Draco 14,142,0.248187,46871,23388,6,1.48912,
/os_cloud_node/points_decim_1,Draco 14,143,0.225832,46298,22463,6,1.35499,
/os_cloud_node/points_decim_1,Draco 14,144,0.250029,46255,22690,6,1.50017,
/os_cloud_node/points_decim_1,Draco 14,145,0.249224,46059,23387,6,1.49534,
/os_cloud_node/points_decim_1,Draco 14,146,0.248532,45595,22991,6,1.49119,
/os_cloud_node/points_decim_1,Draco 14,147,0.248684,46321,23296,6,1.4921,
/os_cloud_node/points_decim_1,Draco 14,148,0.247092,46260,22473,6,1.48255,
/os_cloud_node/points_decim_1,Draco 14,149,0.245137,45878,22956,6,1.47082,
/os_cloud_node/points_decim_1,Draco 14,150,0.248461,45725,22639,6,1.49076,
/os_cloud_node/points_decim_1,Draco 14,151,0.248784,44829,21977,6,1.4927,
/os_cloud_node/points_decim_1,Draco 14,152,0.247905,48083,24199,6,1.48743,
/os_cloud_node/points_decim_1,Draco 14,153,0.246012,46303,22787,6,1.47607,
/os_cloud_node/points_decim_1,Draco 14,154,0.253378,45586,22961,6,1.52027,
/os_cloud_node/points_decim_1,Draco 14,155,0.248473,45509,22698,6,1.49084,
/os_cloud_node/points_decim_1,Draco 14,156,0.246672,45505,22913,6,1.48003,
/os_cloud_node/points_decim_1,Draco 14,157,0.24929,46909,23538,6,1.49574,
/os_cloud_node/points_decim_1,Draco 14,158,0.25302,46253,23374,6,1.51812,
/os_cloud_node/points_decim_1,Draco 14,159,0.246445,46919,23162,6,1.47867,
/os_cloud_node/points_decim_1,Draco 14,160,0.252014,46256,23320,6,1.51208,
/os_cloud_node/points_decim_1,Draco 14,161,0.250456,45825,23301,6,1.50274,
/os_cloud_node/points_decim_1,Draco 14,162,0.247044,45575,23176,6,1.48226,
/os_cloud_node/points_decim_1,Draco 14,163,0.246436,45482,22638,6,1.47862,
/os_cloud_node/points_decim_1,Draco 14,164,0.246262,45368,22483,6,1.47757,
/os_cloud_node/points_decim_1,Draco 14,165,0.246319,45348,22676,6,1.47792,
/os_cloud_node/points_decim_1,Draco 14,166,0.246976,45248,22563,6,1.48186,
/os_cloud_node/points_decim_1,Draco 14,167,0.241304,45473,22618,6,1.44783,
/os_cloud_node/points_decim_1,Draco 14,168,0.241336,45700,22384,6,1.44802,
/os_cloud_node/points_decim_1,Draco 14,169,0.24341,45962,22779,6,1.46046,
/os_cloud_node/points_decim_1,Draco 14,170,0.239614,46386,22950,6,1.43768,
/os_cloud_node/points_decim_1,Draco 14,171,0.238542,45454,22639,6,1.43125,
/os_cloud_node/points_decim_1,Draco 14,172,0.239192,46028,22821,6,1.43515,
/os_cloud_node/points_decim_1,Draco 14,173,0.240269,46420,22951,6,1.44161,
/os_cloud_node/points_decim_1,Draco 14,174,0.240529,45735,22479,6,1.44318,
/os_cloud_node/points_decim_1,Draco 14,175,0.239877,46784,23143,6,1.43926,
/os_cloud_node/points_decim_1,Draco 14,176,0.241363,46220,22376,6,1.44818,
/os_cloud_node/points_decim_1,Draco 14,177,0.241502,46385,22917,6,1.44901,
/os_cloud_node/points_decim_1,Draco 14,178,0.240855,47206,23016,6,1.44513,
/os_cloud_node/points_decim_1,Draco 14,179,0.240715,47400,23404,6,1.44429,
/os_cloud_node/points_decim_1,Draco 14,180,0.239749,47138,23316,6,1.43849,
/os_cloud_node/points_decim_1,Draco 14,181,0.236622,46583,22765,6,1.41973,
/os_cloud_node/points_decim_1,Draco 14,182,0.233497,46328,22674,6,1.40098,
/os_cloud_node/points_decim_1,Draco 14,183,0.238969,46366,22915,6,1.43381,
/os_cloud_node/points_decim_1,Draco 14,184,0.236268,45948,22458,6,1.41761,
/os_cloud_node/points_decim_1,Draco 14,185,0.232101,46136,22789,6,1.39261,
/os_cloud_node/points_decim_1,Draco 14,186,0.235824,45338,22249,6,1.41494,
/os_cloud_node/points_decim_1,Draco 14,187,0.242938,45472,22443,6,1.45763,
/os_cloud_node/points_decim_1,Draco 14,188,0.244188,46115,22715,6,1.46513,
/os_cloud_node/points_decim_1,Draco 14,189,0.240419,47353,22799,6,1.44251,
/os_cloud_node/points_decim_1,Draco 14,190,0.242815,47147,23236,6,1.45689,
/os_cloud_node/points_decim_1,Draco 14,191,0.237654,47123,23500,6,1.42592,
/os_cloud_node/points_decim_1,Draco 14,192,0.233432,46720,23080,6,1.40059,
/os_cloud_node/points_decim_1,Draco 14,193,0.231001,47816,23148,6,1.38601,
/os_cloud_node/points_decim_1,Draco 14,194,0.227121,45781,22301,6,1.36272,
/os_cloud_node/points_decim_1,Draco 14,195,0.228645,46945,22346,6,1.37187,
/os_cloud_node/points_decim_1,Draco 14,196,0.232423,45582,22265,6,1.39454,
/os_cloud_node/points_decim_1,Draco 14,197,0.235493,45844,22128,6,1.41296,
/os_cloud_node/points_decim_1,Draco 14,198,0.232373,46635,22918,6,1.39424,
/os_cloud_node/points_decim_1,Draco 14,199,0.238833,45314,22263,6,1.433,
/os_cloud_node/points_decim_1,Draco 14,200,0.236846,46740,22969,6,1.42108,
/os_cloud_node/points_decim_1,Draco 14,201,0.235132,45190,22068,6,1.41079,
/os_cloud_node/points_decim_1,Draco 14,202,0.252439,45822,23168,6,1.51463,
/os_cloud_node/points_decim_1,Draco 14,203,0.251397,45968,23055,6,1.50838,
/os_cloud_node/points_decim_1,Draco 14,204,0.247441,46420,23531,6,1.48465,
/os_cloud_node/points_decim_1,Draco 14,205,0.250887,46698,23119,6,1.50532,
/os_cloud_node/points_decim_1,Draco 14,206,0.255848,46328,22976,6,1.53509,
/os_cloud_node/points_decim_1,Draco 14,207,0.259111,47930,24986,6,1.55466,
/os_cloud_node/points_decim_1,Draco 14,208,0.252186,46222,22593,6,1.51312,
/os_cloud_node/points_decim_1,Draco 14,209,0.25247,45454,22621,6,1.51482,
/os_cloud_node/points_decim_1,Draco 14,210,0.252432,45635,22762,6,1.51459,
/os_cloud_node/points_decim_1,Draco 14,211,0.252124,45331,22602,6,1.51274,
/os_cloud_node/points_decim_1,Draco 14,212,0.247245,46653,22907,6,1.48347,
/os_cloud_node/points_decim_1,Draco 14,213,0.247601,45481,22590,6,1.48561,
/os_cloud_node/points_decim_1,Draco 14,214,0.249946,45414,22482,6,1.49968,
/os_cloud_node/points_decim_1,Draco 14,215,0.248531,45255,22186,6,1.49118,
/os_cloud_node/points_decim_1,Draco 14,216,0.243687,46006,22785,6,1.46212,
/os_cloud_node/points_decim_1,Draco 14,217,0.240637,48200,23872,6,1.44382,
/os_cloud_node/points_decim_1,Draco 14,218,0.244147,45781,22275,6,1.46488,
/os_cloud_node/points_decim_1,Draco 14,219,0.246672,45430,22401,6,1.48003,
/os_cloud_node/points_decim_1,Draco 14,220,0.237358,45454,22032,6,1.42415,
/os_cloud_node/points_decim_1,Draco 14,221,0.238539,45467,22182,6,1.43124,
/os_cloud_node/points_decim_1,Draco 14,222,0.226552,46916,23146,6,1.35931,
/os_cloud_node/points_decim_1,Draco 14,223,0.225927,45224,22002,6,1.35556,
/os_cloud_node/points_decim_1,Draco 14,224,0.221411,44797,21725,6,1.32847,
/os_cloud_node/points_decim_1,Draco 14,225,0.221838,44759,21431,6,1.33103,
/os_cloud_node/points_decim_1,Draco 14,226,0.235486,45820,22075,6,1.41292,
/os_cloud_node/points_decim_1,Draco 14,227,0.241051,44759,21468,6,1.4463,
/os_cloud_node/points_decim_1,Draco 14,228,0.246633,45074,22052,6,1.4798,
/os_cloud_node/points_decim_1,Draco 14,229,0.247504,46691,23743,6,1.48502,
/os_cloud_node/points_decim_1,Draco 14,230,0.247725,45652,22274,6,1.48635,
/os_cloud_node/points_decim_1,Draco 14,231,0.234931,46761,22842,6,1.40958,
/os_cloud_node/points_decim_1,Draco 14,232,0.245918,45689,22825,6,1.47551,
/os_cloud_node/points_decim_1,Draco 14,233,0.247105,45574,22331,6,1.48263,
/os_cloud_node/points_decim_1,Draco 14,234,0.245814,45473,22330,6,1.47489,
/os_cloud_node/points_decim_1,Draco 14,235,0.245797,45325,23251,6,1.47478,
/os_cloud_node/points_decim_1,Draco 14,236,0.243638,47448,22507,6,1.46183,
/os_cloud_node/points_decim_1,Draco 14,237,0.24403,46113,22712,6,1.46418,
/os_cloud_node/points_decim_1,Draco 14 + ZSTD,0,0.217329,49474,22971,6,1.30397,
/os_cloud_node/points_decim_1,Draco 14 + ZSTD,1,0.218684,49992,23541,6,1.31211,
/os_cloud_node/points_decim_1,Draco 14 + ZSTD,2,0.215962,50625,23612,6,1.29577,
/os_cloud_node/points_decim_1,Draco 14 + ZSTD,3,0.219556,50348,23189,6,1.31733,
/os_cloud_node/points_decim_1,Draco 14 + ZSTD,4,0.214863,50997,23180,6,1.28918,
/os_cloud_node/points_decim_1,Draco 14 + ZSTD,5,0.222404,50429,23330,6,1.33442,
/os_cloud_node/points_decim_1,Draco 14 + ZSTD,6,0.229477,50366,22959,6,1.37686,
/os_cloud_node/points_decim_1,Draco 14 + ZSTD,7,0.230201,50264,23166,6,1.38121,
/os_cloud_node/points_decim_1,Draco 14 + ZSTD,8,0.22987,49575,23160,6,1.37922,
/os_cloud_node/points_decim_1,Draco 14 + ZSTD,9,0.233884,48944,22537,6,1.4033,
/os_cloud_node/points_decim_1,Draco 14 + ZSTD,10,0.226536,49003,22580,6,1.35922,
/os_cloud_node/points_decim_1,Draco 14 + ZSTD,11,0.235189,50873,23316,6,1.41113,
/os_cloud_node/points_decim_1,Draco 14 + ZSTD,12,0.233185,49674,22931,6,1.39911,
/os_cloud_node/points_decim_1,Draco 14 + ZSTD,13,0.232226,50439,22968,6,1.39335,
/os_cloud_node/points_decim_1,Draco 14 + ZSTD,14,0.230103,49807,22719,6,1.38062,
/os_cloud_node/points_decim_1,Draco 14 + ZSTD,15,0.224958,49269,22482,6,1.34975,
/os_cloud_node/points_decim_1,Draco 14 + ZSTD,16,0.217911,49907,22333,6,1.30747,
/os_cloud_node/points_decim_1,Draco 14 + ZSTD,17,0.208902,49433,22693,6,1.25341,
/os_cloud_node/points_decim_1,Draco 14 + ZSTD,18,0.205796,50458,22800,6,1.23478,
/os_cloud_node/points_decim_1,Draco 14 + ZSTD,19,0.203124,50584,22811,6,1.21875,
/os_cloud_node/points_decim_1,Draco 14 + ZSTD,20,0.20744,49829,22957,6,1.24464,
/os_cloud_node/points_decim_1,Draco 14 + ZSTD,21,0.20518,50254,23042,6,1.23108,
/os_cloud_node/points_decim_1,Draco 14 + ZSTD,22,0.208398,49199,22926,6,1.25039,
/os_cloud_node/points_decim_1,Draco 14 + ZSTD,23,0.209278,49519,22963,6,1.25567,
/os_cloud_node/points_decim_1,Draco 14 + ZSTD,24,0.208798,48875,22913,6,1.25279,
/os_cloud_node/points_decim_1,Draco 14 + ZSTD,25,0.210001,48974,22873,6,1.26001,
/os_cloud_node/points_decim_1,Draco 14 + ZSTD,26,0.210813,49495,23202,6,1.26488,
/os_cloud_node/points_decim_1,Draco 14 + ZSTD,27,0.202745,49125,22718,6,1.21647,
/os_cloud_node/points_decim_1,Draco 14 + ZSTD,28,0.203266,49470,23159,6,1.2196,
/os_cloud_node/points_decim_1,Draco 14 + ZSTD,29,0.205254,49747,23429,6,1.23153,
/os_cloud_node/points_decim_1,Draco 14 + ZSTD,30,0.20571,49962,23738,6,1.23426,
/os_cloud_node/points_decim_1,Draco 14 + ZSTD,31,0.212734,50235,23814,6,1.27641,
/os_cloud_node/points_decim_1,Draco 14 + ZSTD,32,0.223234,49930,23730,6,1.3394,
/os_cloud_node/points_decim_1,Draco 14 + ZSTD,33,0.216885,49448,23559,6,1.30131,
/os_cloud_node/points_decim_1,Draco 14 + ZSTD,34,0.222428,48854,23420,6,1.33457,
/os_cloud_node/points_decim_1,Draco 14 + ZSTD,35,0.224076,50618,24494,6,1.34446,
/os_cloud_node/points_decim_1,Draco 14 + ZSTD,36,0.224948,49153,23419,6,1.34969,
/os_cloud_node/points_decim_1,Draco 14 + ZSTD,37,0.229467,49890,23678,6,1.3768,
/os_cloud_node/points_decim_1,Draco 14 + ZSTD,38,0.230696,49402,23335,6,1.38418,
/os_cloud_node/points_decim_1,Draco 14 + ZSTD,39,0.195483,49751,22555,6,1.1729,
/os_cloud_node/points_decim_1,Draco 14 + ZSTD,40,0.229241,50128,24643,6,1.37544,
/os_cloud_node/points_decim_1,Draco 14 + ZSTD,41,0.228605,49902,23787,6,1.37163,
/os_cloud_node/points_decim_1,Draco 14 + ZSTD,42,0.228152,49789,23186,6,1.36891,
/os_cloud_node/points_decim_1,Draco 14 + ZSTD,43,0.236432,48900,23042,6,1.41859,
/os_cloud_node/points_decim_1,Draco 14 + ZSTD,44,0.236139,49679,23872,6,1.41684,
/os_cloud_node/points_decim_1,Draco 14 + ZSTD,45,0.235668,49448,24205,6,1.41401,
/os_cloud_node/points_decim_1,Draco 14 + ZSTD,46,0.23355,49460,23198,6,1.4013,
/os_cloud_node/points_decim_1,Draco 14 + ZSTD,47,0.232503,50671,23370,6,1.39502,
/os_cloud_node/points_decim_1,Draco 14 + ZSTD,48,0.230626,50796,23503,6,1.38375,
/os_cloud_node/points_decim_1,Draco 14 + ZSTD,49,0.228865,50254,23689,6,1.37319,
/os_cloud_node/points_decim_1,Draco 14 + ZSTD,50,0.224342,50994,24044,6,1.34605,
/os_cloud_node/points_decim_1,Draco 14 + ZSTD,51,0.222218,51044,24209,6,1.33331,
/os_cloud_node/points_decim_1,Draco 14 + ZSTD,52,0.22385,51483,24355,6,1.3431,
/os_cloud_node/points_decim_1,Draco 14 + ZSTD,53,0.210354,49226,23497,6,1.26212,
/os_cloud_node/points_decim_1,Draco 14 + ZSTD,54,0.216448,50222,24349,6,1.29869,
/os_cloud_node/points_decim_1,Draco 14 + ZSTD,55,0.214995,48630,23333,6,1.28997,
/os_cloud_node/points_decim_1,Draco 14 + ZSTD,56,0.219394,49171,23955,6,1.31636,
/os_cloud_node/points_decim_1,Draco 14 + ZSTD,57,0.217861,49197,23207,6,1.30716,
/os_cloud_node/points_decim_1,Draco 14 + ZSTD,58,0.220921,48880,23025,6,1.32552,
/os_cloud_node/points_decim_1,Draco 14 + ZSTD,59,0.220869,49352,23215,6,1.32521,
/os_cloud_node/points_decim_1,Draco 14 + ZSTD,60,0.216521,50176,23912,6,1.29912,
/os_cloud_node/points_decim_1,Draco 14 + ZSTD,61,0.223012,52164,24085,6,1.33807,
/os_cloud_node/points_decim_1,Draco 14 + ZSTD,62,0.213873,51561,23830,6,1.28324,
/os_cloud_node/points_decim_1,Draco 14 + ZSTD,63,0.224026,50239,23686,6,1.34415,
/os_cloud_node/points_decim_1,Draco 14 + ZSTD,64,0.221993,49582,23585,6,1.33196,
/os_cloud_node/points_decim_1,Draco 14 + ZSTD,65,0.223684,50683,23927,6,1.3421,
/os_cloud_node/points_decim_1,Draco 14 + ZSTD,66,0.222062,50217,23731,6,1.33237,
/os_cloud_node/points_decim_1,Draco 14 + ZSTD,67,0.216141,49775,23709,6,1.29685,
/os_cloud_node/points_decim_1,Draco 14 + ZSTD,68,0.216203,51281,24339,6,1.29722,
/os_cloud_node/points_decim_1,Draco 14 + ZSTD,69,0.221186,49414,23652,6,1.32712,
/os_cloud_node/points_decim_1,Draco 14 + ZSTD,70,0.224343,50150,24078,6,1.34606,
/os_cloud_node/points_decim_1,Draco 14 + ZSTD,71,0.22136,49959,24067,6,1.32816,
/os_cloud_node/points_decim_1,Draco 14 + ZSTD,72,0.219824,50617,23617,6,1.31895,
/os_cloud_node/points_decim_1,Draco 14 + ZSTD,73,0.221028,52107,24317,6,1.32617,
/os_cloud_node/points_decim_1,Draco 14 + ZSTD,74,0.223095,50982,23872,6,1.33857,
/os_cloud_node/points_decim_1,Draco 14 + ZSTD,75,0.218909,50315,23918,6,1.31345,
/os_cloud_node/points_decim_1,Draco 14 + ZSTD,76,0.216859,51602,24261,6,1.30115,
/os_cloud_node/points_decim_1,Draco 14 + ZSTD,77,0.220287,51037,24087,6,1.32172,
/os_cloud_node/points_decim_1,Draco 14 + ZSTD,78,0.222358,49754,23634,6,1.33415,
/os_cloud_node/points_decim_1,Draco 14 + ZSTD,79,0.22081,49886,23483,6,1.32486,
/os_cloud_node/points_decim_1,Draco 14 + ZSTD,80,0.224654,49882,23665,6,1.34793,
/os_cloud_node/points_decim_1,Draco 14 + ZSTD,81,0.222339,51677,24130,6,1.33403,
/os_cloud_node/points_decim_1,Draco 14 + ZSTD,82,0.224699,50970,24557,6,1.3482,
/os_cloud_node/points_decim_1,Draco 14 + ZSTD,83,0.22441,50115,23489,6,1.34646,
/os_cloud_node/points_decim_1,Draco 14 + ZSTD,84,0.224464,50590,23815,6,1.34678,
/os_cloud_node/points_decim_1,Draco 14 + ZSTD,85,0.224131,49873,23799,6,1.34479,
/os_cloud_node/points_decim_1,Draco 14 + ZSTD,86,0.224345,49846,23656,6,1.34607,
/os_cloud_node/points_decim_1,Draco 14 + ZSTD,87,0.223463,49290,24087,6,1.34078,
/os_cloud_node/points_decim_1,Draco 14 + ZSTD,88,0.223185,49463,23759,6,1.33911,
/os_cloud_node/points_decim_1,Draco 14 + ZSTD,89,0.226305,50485,23797,6,1.35783,
/os_cloud_node/points_decim_1,Draco 14 + ZSTD,90,0.23101,48897,23630,6,1.38606,
/os_cloud_node/points_decim_1,Draco 14 + ZSTD,91,0.230589,48986,22969,6,1.38353,
/os_cloud_node/points_decim_1,Draco 14 + ZSTD,92,0.227976,48525,23223,6,1.36785,
/os_cloud_node/points_decim_1,Draco 14 + ZSTD,93,0.229647,48812,23368,6,1.37788,
/os_cloud_node/points_decim_1,Draco 14 + ZSTD,94,0.235705,49527,23382,6,1.41423,
/os_cloud_node/points_decim_1,Draco 14 + ZSTD,95,0.235885,49493,23868,6,1.41531,
/os_cloud_node/points_decim_1,Draco 14 + ZSTD,96,0.233621,48932,23441,6,1.40172,
/os_cloud_node/points_decim_1,Draco 14 + ZSTD,97,0.231516,49778,23516,6,1.3891,
/os_cloud_node/points_decim_1,Draco 14 + ZSTD,98,0.233379,49504,23707,6,1.40027,
/os_cloud_node/points_decim_1,Draco 14 + ZSTD,99,0.228246,51819,25194,6,1.36948,
/os_cloud_node/points_decim_1,Draco 14 + ZSTD,100,0.230739,51077,24708,6,1.38443,
/os_cloud_node/points_decim_1,Draco 14 + ZSTD,101,0.227904,51043,24014,6,1.36742,
/os_cloud_node/points_decim_1,Draco 14 + ZSTD,102,0.228466,50483,24019,6,1.3708,
/os_cloud_node/points_decim_1,Draco 14 + ZSTD,103,0.234007,51175,24841,6,1.40404,
/os_cloud_node/points_decim_1,Draco 14 + ZSTD,104,0.23727,52719,24871,6,1.42362,
/os_cloud_node/points_decim_1,Draco 14 + ZSTD,105,0.23576,50486,23767,6,1.41456,
/os_cloud_node/points_decim_1,Draco 14 + ZSTD,106,0.232767,49584,23625,6,1.3966,
/os_cloud_node/points_decim_1,Draco 14 + ZSTD,107,0.233034,49585,23437,6,1.3982,
/os_cloud_node/points_decim_1,Draco 14 + ZSTD,108,0.234449,50066,23316,6,1.4067,
/os_cloud_node/points_decim_1,Draco 14 + ZSTD,109,0.23462,50282,23773,6,1.40772,
/os_cloud_node/points_decim_1,Draco 14 + ZSTD,110,0.227217,49854,23596,6,1.3633,
/os_cloud_node/points_decim_1,Draco 14 + ZSTD,111,0.226658,51080,23944,6,1.35995,
/os_cloud_node/points_decim_1,Draco 14 + ZSTD,112,0.231208,49795,23606,6,1.38725,
/os_cloud_node/points_decim_1,Draco 14 + ZSTD,113,0.230775,49128,23435,6,1.38465,
/os_cloud_node/points_decim_1,Draco 14 + ZSTD,114,0.23125,50564,23732,6,1.3875,
/os_cloud_node/points_decim_1,Draco 14 + ZSTD,115,0.232384,48529,23038,6,1.39431,
/os_cloud_node/points_decim_1,Draco 14 + ZSTD,116,0.231272,48479,23408,6,1.38763,
/os_cloud_node/points_decim_1,Draco 14 + ZSTD,117,0.231961,49642,23266,6,1.39177,
/os_cloud_node/points_decim_1,Draco 14 + ZSTD,118,0.228142,49692,23523,6,1.36885,
/os_cloud_node/points_decim_1,Draco 14 + ZSTD,119,0.223987,50667,25189,6,1.34392,
/os_cloud_node/points_decim_1,Draco 14 + ZSTD,120,0.225936,50605,24546,6,1.35562,
/os_cloud_node/points_decim_1,Draco 14 + ZSTD,121,0.231782,49398,23941,6,1.39069,
/os_cloud_node/points_decim_1,Draco 14 + ZSTD,122,0.232066,50661,23527,6,1.3924,
/os_cloud_node/points_decim_1,Draco 14 + ZSTD,123,0.228863,50627,23906,6,1.37318,
/os_cloud_node/points_decim_1,Draco 14 + ZSTD,124,0.232607,50006,23355,6,1.39564,
/os_cloud_node/points_decim_1,Draco 14 + ZSTD,125,0.232737,49796,24006,6,1.39642,
/os_cloud_node/points_decim_1,Draco 14 + ZSTD,126,0.231493,49992,23660,6,1.38896,
/os_cloud_node/points_decim_1,Draco 14 + ZSTD,127,0.228361,49840,23287,6,1.37017,
/os_cloud_node/points_decim_1,Draco 14 + ZSTD,128,0.227701,51688,24355,6,1.36621,
/os_cloud_node/points_decim_1,Draco 14 + ZSTD,129,0.226349,49934,23495,6,1.3581,
/os_cloud_node/points_decim_1,Draco 14 + ZSTD,130,0.229538,49488,23434,6,1.37723,
/os_cloud_node/points_decim_1,Draco 14 + ZSTD,131,0.231669,49221,23179,6,1.39001,
/os_cloud_node/points_decim_1,Draco 14 + ZSTD,132,0.231016,48852,23106,6,1.3861,
/os_cloud_node/points_decim_1,Draco 14 + ZSTD,133,0.227829,50048,23443,6,1.36698,
/os_cloud_node/points_decim_1,Draco 14 + ZSTD,134,0.228305,50790,23258,6,1.36983,
/os_cloud_node/points_decim_1,Draco 14 + ZSTD,135,0.228243,50109,23520,6,1.36946,
/os_cloud_node/points_decim_1,Draco 14 + ZSTD,136,0.228091,50829,23612,6,1.36855,
/os_cloud_node/points_decim_1,Draco 14 + ZSTD,137,0.22933,51722,24340,6,1.37598,
/os_cloud_node/points_decim_1,Draco 14 + ZSTD,138,0.227949,51784,24269,6,1.36769,
/os_cloud_node/points_decim_1,Draco 14 + ZSTD,139,0.229237,50442,24091,6,1.37542,
/os_cloud_node/points_decim_1,Draco 14 + ZSTD,140,0.232497,49940,24028,6,1.39498,
/os_cloud_node/points_decim_1,Draco 14 + ZSTD,141,0.234512,49994,23927,6,1.40707,
/os_cloud_node/points_decim_1,Draco 14 + ZSTD,142,0.23208,51167,24451,6,1.39248,
/os_cloud_node/points_decim_1,Draco 14 + ZSTD,143,0.211261,50000,23428,6,1.26757,
/os_cloud_node/points_decim_1,Draco 14 + ZSTD,144,0.234102,50220,23721,6,1.40461,
/os_cloud_node/points_decim_1,Draco 14 + ZSTD,145,0.232716,50371,24463,6,1.3963,
/os_cloud_node/points_decim_1,Draco 14 + ZSTD,146,0.233468,49793,24005,6,1.40081,
/os_cloud_node/points_decim_1,Draco 14 + ZSTD,147,0.23336,50094,24322,6,1.40016,
/os_cloud_node/points_decim_1,Draco 14 + ZSTD,148,0.23128,50485,23522,6,1.38768,
/os_cloud_node/points_decim_1,Draco 14 + ZSTD,149,0.228317,50195,24004,6,1.3699,
/os_cloud_node/points_decim_1,Draco 14 + ZSTD,150,0.231781,50414,23696,6,1.39069,
/os_cloud_node/points_decim_1,Draco 14 + ZSTD,151,0.233438,49264,23018,6,1.40063,
/os_cloud_node/points_decim_1,Draco 14 + ZSTD,152,0.232137,52477,25277,6,1.39282,
/os_cloud_node/points_decim_1,Draco 14 + ZSTD,153,0.230526,51072,23851,6,1.38316,
/os_cloud_node/points_decim_1,Draco 14 + ZSTD,154,0.237606,50432,24048,6,1.42563,
/os_cloud_node/points_decim_1,Draco 14 + ZSTD,155,0.232248,49933,23753,6,1.39349,
/os_cloud_node/points_decim_1,Draco 14 + ZSTD,156,0.231204,49644,23911,6,1.38722,
/os_cloud_node/points_decim_1,Draco 14 + ZSTD,157,0.232922,51705,24637,6,1.39753,
/os_cloud_node/points_decim_1,Draco 14 + ZSTD,158,0.235101,51142,24447,6,1.41061,
/os_cloud_node/points_decim_1,Draco 14 + ZSTD,159,0.229264,51344,24220,6,1.37558,
/os_cloud_node/points_decim_1,Draco 14 + ZSTD,160,0.235025,50473,24393,6,1.41015,
/os_cloud_node/points_decim_1,Draco 14 + ZSTD,161,0.233799,50168,24423,6,1.40279,
/os_cloud_node/points_decim_1,Draco 14 + ZSTD,162,0.230886,49747,24229,6,1.38532,
/os_cloud_node/points_decim_1,Draco 14 + ZSTD,163,0.230638,49286,23697,6,1.38383,
/os_cloud_node/points_decim_1,Draco 14 + ZSTD,164,0.230972,49452,23491,6,1.38583,
/os_cloud_node/points_decim_1,Draco 14 + ZSTD,165,0.230748,49699,23688,6,1.38449,
/os_cloud_node/points_decim_1,Draco 14 + ZSTD,166,0.231385,49731,23595,6,1.38831,
/os_cloud_node/points_decim_1,Draco 14 + ZSTD,167,0.226093,49576,23572,6,1.35656,
/os_cloud_node/points_decim_1,Draco 14 + ZSTD,168,0.226628,49910,23320,6,1.35977,
/os_cloud_node/points_decim_1,Draco 14 + ZSTD,169,0.2284,50407,23813,6,1.3704,
/os_cloud_node/points_decim_1,Draco 14 + ZSTD,170,0.223886,50621,23966,6,1.34332,
/os_cloud_node/points_decim_1,Draco 14 + ZSTD,171,0.222806,49679,23662,6,1.33683,
/os_cloud_node/points_decim_1,Draco 14 + ZSTD,172,0.223114,50133,23816,6,1.33869,
/os_cloud_node/points_decim_1,Draco 14 + ZSTD,173,0.224654,50727,23951,6,1.34792,
/os_cloud_node/points_decim_1,Draco 14 + ZSTD,174,0.225193,49889,23508,6,1.35116,
/os_cloud_node/points_decim_1,Draco 14 + ZSTD,175,0.22453,51000,24128,6,1.34718,
/os_cloud_node/points_decim_1,Draco 14 + ZSTD,176,0.226806,50488,23424,6,1.36084,
/os_cloud_node/points_decim_1,Draco 14 + ZSTD,177,0.225987,50231,23926,6,1.35592,
/os_cloud_node/points_decim_1,Draco 14 + ZSTD,178,0.224906,51508,24084,6,1.34943,
/os_cloud_node/points_decim_1,Draco 14 + ZSTD,179,0.223819,52026,24461,6,1.34291,
/os_cloud_node/points_decim_1,Draco 14 + ZSTD,180,0.221825,51817,24433,6,1.33095,
/os_cloud_node/points_decim_1,Draco 14 + ZSTD,181,0.219787,50816,23788,6,1.31872,
/os_cloud_node/points_decim_1,Draco 14 + ZSTD,182,0.216556,50222,23669,6,1.29933,
/os_cloud_node/points_decim_1,Draco 14 + ZSTD,183,0.221661,50274,23944,6,1.32996,
/os_cloud_node/points_decim_1,Draco 14 + ZSTD,184,0.219041,49871,23480,6,1.31425,
/os_cloud_node/points_decim_1,Draco 14 + ZSTD,185,0.213573,50719,23836,6,1.28144,
/os_cloud_node/points_decim_1,Draco 14 + ZSTD,186,0.219071,49261,23245,6,1.31443,
/os_cloud_node/points_decim_1,Draco 14 + ZSTD,187,0.225543,49084,23463,6,1.35326,
/os_cloud_node/points_decim_1,Draco 14 + ZSTD,188,0.226544,50355,23753,6,1.35926,
/os_cloud_node/points_decim_1,Draco 14 + ZSTD,189,0.222151,52559,23901,6,1.33291,
/os_cloud_node/points_decim_1,Draco 14 + ZSTD,190,0.225083,51868,24287,6,1.3505,
/os_cloud_node/points_decim_1,Draco 14 + ZSTD,191,0.21891,52770,24593,6,1.31346,
/os_cloud_node/points_decim_1,Draco 14 + ZSTD,192,0.213563,52468,24184,6,1.28138,
/os_cloud_node/points_decim_1,Draco 14 + ZSTD,193,0.212922,54085,24230,6,1.27753,
/os_cloud_node/points_decim_1,Draco 14 + ZSTD,194,0.211707,50008,23291,6,1.27024,
/os_cloud_node/points_decim_1,Draco 14 + ZSTD,195,0.213403,51010,23383,6,1.28042,
/os_cloud_node/points_decim_1,Draco 14 + ZSTD,196,0.217351,49427,23287,6,1.30411,
/os_cloud_node/points_decim_1,Draco 14 + ZSTD,197,0.219395,50272,23134,6,1.31637,
/os_cloud_node/points_decim_1,Draco 14 + ZSTD,198,0.215039,51525,23984,6,1.29023,
/os_cloud_node/points_decim_1,Draco 14 + ZSTD,199,0.222858,49372,23276,6,1.33715,
/os_cloud_node/points_decim_1,Draco 14 + ZSTD,200,0.220764,51201,24001,6,1.32458,
/os_cloud_node/points_decim_1,Draco 14 + ZSTD,201,0.219697,48927,23050,6,1.31818,
/os_cloud_node/points_decim_1,Draco 14 + ZSTD,202,0.235306,50252,24271,6,1.41183,
/os_cloud_node/points_decim_1,Draco 14 + ZSTD,203,0.234378,50106,24104,6,1.40627,
/os_cloud_node/points_decim_1,Draco 14 + ZSTD,204,0.230494,50581,24570,6,1.38296,
/os_cloud_node/points_decim_1,Draco 14 + ZSTD,205,0.233306,51170,24184,6,1.39984,
/os_cloud_node/points_decim_1,Draco 14 + ZSTD,206,0.238805,50466,24041,6,1.43283,
/os_cloud_node/points_decim_1,Draco 14 + ZSTD,207,0.242893,52509,26115,6,1.45736,
/os_cloud_node/points_decim_1,Draco 14 + ZSTD,208,0.236066,50641,23637,6,1.4164,
/os_cloud_node/points_decim_1,Draco 14 + ZSTD,209,0.237183,49622,23633,6,1.4231,
/os_cloud_node/points_decim_1,Draco 14 + ZSTD,210,0.23663,50096,23812,6,1.41978,
/os_cloud_node/points_decim_1,Draco 14 + ZSTD,211,0.236477,50069,23633,6,1.41886,
/os_cloud_node/points_decim_1,Draco 14 + ZSTD,212,0.232431,50960,23946,6,1.39459,
/os_cloud_node/points_decim_1,Draco 14 + ZSTD,213,0.232021,49839,23693,6,1.39213,
/os_cloud_node/points_decim_1,Draco 14 + ZSTD,214,0.234797,49921,23549,6,1.40878,
/os_cloud_node/points_decim_1,Draco 14 + ZSTD,215,0.233346,49668,23187,6,1.40008,
/os_cloud_node/points_decim_1,Draco 14 + ZSTD,216,0.227689,50268,23829,6,1.36613,
/os_cloud_node/points_decim_1,Draco 14 + ZSTD,217,0.224453,53181,24921,6,1.34672,
/os_cloud_node/points_decim_1,Draco 14 + ZSTD,218,0.228092,50086,23327,6,1.36855,
/os_cloud_node/points_decim_1,Draco 14 + ZSTD,219,0.230341,49638,23471,6,1.38205,
/os_cloud_node/points_decim_1,Draco 14 + ZSTD,220,0.221975,49496,23054,6,1.33185,
/os_cloud_node/points_decim_1,Draco 14 + ZSTD,221,0.223214,49359,23157,6,1.33929,
/os_cloud_node/points_decim_1,Draco 14 + ZSTD,222,0.212234,51572,24105,6,1.2734,
/os_cloud_node/points_decim_1,Draco 14 + ZSTD,223,0.211874,49629,22910,6,1.27124,
/os_cloud_node/points_decim_1,Draco 14 + ZSTD,224,0.208093,49263,22645,6,1.24856,
/os_cloud_node/points_decim_1,Draco 14 + ZSTD,225,0.209564,48963,22306,6,1.25738,
/os_cloud_node/points_decim_1,Draco 14 + ZSTD,226,0.222753,50851,23076,6,1.33652,
/os_cloud_node/points_decim_1,Draco 14 + ZSTD,227,0.228394,49762,22473,6,1.37036,
/os_cloud_node/points_decim_1,Draco 14 + ZSTD,228,0.234602,49639,23009,6,1.40761,
/os_cloud_node/points_decim_1,Draco 14 + ZSTD,229,0.235308,51111,24826,6,1.41185,
/os_cloud_node/points_decim_1,Draco 14 + ZSTD,230,0.236094,50380,23237,6,1.41657,
/os_cloud_node/points_decim_1,Draco 14 + ZSTD,231,0.223094,51590,23806,6,1.33856,
/os_cloud_node/points_decim_1,Draco 14 + ZSTD,232,0.23393,50265,23766,6,1.40358,
/os_cloud_node/points_decim_1,Draco 14 + ZSTD,233,0.233991,50165,23363,6,1.40395,
/os_cloud_node/points_decim_1,Draco 14 + ZSTD,234,0.233169,50415,23371,6,1.39901,
/os_cloud_node/points_decim_1,Draco 14 + ZSTD,235,0.233674,49838,24246,6,1.40204,
/os_cloud_node/points_decim_1,Draco 14 + ZSTD,236,0.230313,52327,23502,6,1.38188,
/os_cloud_node/points_decim_1,Draco 14 + ZSTD,237,0.231462,50801,23666,6,1.38877,
/os_cloud_node/points_decim_1,Draco 12,0,0.216223,48371,23422,6,1.29734,
/os_cloud_node/points_decim_1,Draco 12,1,0.21689,48065,23292,6,1.30134,
/os_cloud_node/points_decim_1,Draco 12,2,0.216164,48275,23700,6,1.29698,
/os_cloud_node/points_decim_1,Draco 12,3,0.217219,48944,22960,6,1.30331,
/os_cloud_node/points_decim_1,Draco 12,4,0.215651,48599,23835,6,1.29391,
/os_cloud_node/points_decim_1,Draco 12,5,0.219974,47610,22629,6,1.31985,
/os_cloud_node/points_decim_1,Draco 12,6,0.222793,46965,22664,6,1.33676,
/os_cloud_node/points_decim_1,Draco 12,7,0.224186,46794,22438,6,1.34511,
/os_cloud_node/points_decim_1,Draco 12,8,0.224024,47179,23430,6,1.34415,
/os_cloud_node/points_decim_1,Draco 12,9,0.225948,46089,22712,6,1.35569,
/os_cloud_node/points_decim_1,Draco 12,10,0.221497,47043,22537,6,1.32898,
/os_cloud_node/points_decim_1,Draco 12,11,0.2256,47559,22359,6,1.3536,
/os_cloud_node/points_decim_1,Draco 12,12,0.223316,46156,23123,6,1.3399,
/os_cloud_node/points_decim_1,Draco 12,13,0.220885,46279,22446,6,1.32531,
/os_cloud_node/points_decim_1,Draco 12,14,0.217396,45684,22089,6,1.30438,
/os_cloud_node/points_decim_1,Draco 12,15,0.212514,45365,21401,6,1.27508,
/os_cloud_node/points_decim_1,Draco 12,16,0.206652,45149,21409,6,1.23991,
/os_cloud_node/points_decim_1,Draco 12,17,0.199809,44993,21615,6,1.19885,
/os_cloud_node/points_decim_1,Draco 12,18,0.198052,45861,22052,6,1.18831,
/os_cloud_node/points_decim_1,Draco 12,19,0.19627,45394,21870,6,1.17762,
/os_cloud_node/points_decim_1,Draco 12,20,0.199049,45837,21706,6,1.19429,
/os_cloud_node/points_decim_1,Draco 12,21,0.197086,45812,22122,6,1.18251,
/os_cloud_node/points_decim_1,Draco 12,22,0.199963,45144,21764,6,1.19978,
/os_cloud_node/points_decim_1,Draco 12,23,0.20087,45541,21936,6,1.20522,
/os_cloud_node/points_decim_1,Draco 12,24,0.199592,44543,21691,6,1.19755,
/os_cloud_node/points_decim_1,Draco 12,25,0.200931,44949,21825,6,1.20559,
/os_cloud_node/points_decim_1,Draco 12,26,0.201741,45018,22169,6,1.21044,
/os_cloud_node/points_decim_1,Draco 12,27,0.196583,45341,21848,6,1.1795,
/os_cloud_node/points_decim_1,Draco 12,28,0.198023,45585,22267,6,1.18814,
/os_cloud_node/points_decim_1,Draco 12,29,0.199365,46273,22772,6,1.19619,
/os_cloud_node/points_decim_1,Draco 12,30,0.200148,46062,22734,6,1.20089,
/os_cloud_node/points_decim_1,Draco 12,31,0.204174,46658,23158,6,1.22504,
/os_cloud_node/points_decim_1,Draco 12,32,0.21115,45789,22913,6,1.2669,
/os_cloud_node/points_decim_1,Draco 12,33,0.203951,45743,22277,6,1.2237,
/os_cloud_node/points_decim_1,Draco 12,34,0.20711,45102,21828,6,1.24266,
/os_cloud_node/points_decim_1,Draco 12,35,0.209092,46814,22447,6,1.25455,
/os_cloud_node/points_decim_1,Draco 12,36,0.210459,45287,22146,6,1.26275,
/os_cloud_node/points_decim_1,Draco 12,37,0.213661,45183,22293,6,1.28197,
/os_cloud_node/points_decim_1,Draco 12,38,0.214159,44872,21984,6,1.28496,
/os_cloud_node/points_decim_1,Draco 12,39,0.187846,45746,22327,6,1.12708,
/os_cloud_node/points_decim_1,Draco 12,40,0.212383,47238,23356,6,1.2743,
/os_cloud_node/points_decim_1,Draco 12,41,0.211462,45198,21693,6,1.26877,
/os_cloud_node/points_decim_1,Draco 12,42,0.210279,44989,21670,6,1.26167,
/os_cloud_node/points_decim_1,Draco 12,43,0.218281,44806,21832,6,1.30969,
/os_cloud_node/points_decim_1,Draco 12,44,0.218167,45376,21724,6,1.309,
/os_cloud_node/points_decim_1,Draco 12,45,0.218105,46292,22333,6,1.30863,
/os_cloud_node/points_decim_1,Draco 12,46,0.216643,45333,21883,6,1.29986,
/os_cloud_node/points_decim_1,Draco 12,47,0.216961,45689,22127,6,1.30177,
/os_cloud_node/points_decim_1,Draco 12,48,0.214973,45712,22066,6,1.28984,
/os_cloud_node/points_decim_1,Draco 12,49,0.215701,46104,22636,6,1.2942,
/os_cloud_node/points_decim_1,Draco 12,50,0.210701,45415,22587,6,1.26421,
/os_cloud_node/points_decim_1,Draco 12,51,0.210216,46423,23669,6,1.26129,
/os_cloud_node/points_decim_1,Draco 12,52,0.210855,46737,22934,6,1.26513,
/os_cloud_node/points_decim_1,Draco 12,53,0.197718,45415,22248,6,1.18631,
/os_cloud_node/points_decim_1,Draco 12,54,0.20096,47089,22227,6,1.20576,
/os_cloud_node/points_decim_1,Draco 12,55,0.199316,45387,22042,6,1.1959,
/os_cloud_node/points_decim_1,Draco 12,56,0.201773,45727,21987,6,1.21064,
/os_cloud_node/points_decim_1,Draco 12,57,0.201071,45249,21652,6,1.20642,
/os_cloud_node/points_decim_1,Draco 12,58,0.202895,45247,22117,6,1.21737,
/os_cloud_node/points_decim_1,Draco 12,59,0.204158,45004,21671,6,1.22495,
/os_cloud_node/points_decim_1,Draco 12,60,0.20214,45761,22040,6,1.21284,
/os_cloud_node/points_decim_1,Draco 12,61,0.208375,46335,23637,6,1.25025,
/os_cloud_node/points_decim_1,Draco 12,62,0.200972,45703,22527,6,1.20583,
/os_cloud_node/points_decim_1,Draco 12,63,0.207951,46266,22356,6,1.24771,
/os_cloud_node/points_decim_1,Draco 12,64,0.20525,45191,21770,6,1.2315,
/os_cloud_node/points_decim_1,Draco 12,65,0.207188,45898,22753,6,1.24313,
/os_cloud_node/points_decim_1,Draco 12,66,0.204911,46471,22086,6,1.22947,
/os_cloud_node/points_decim_1,Draco 12,67,0.199975,45118,22198,6,1.19985,
/os_cloud_node/points_decim_1,Draco 12,68,0.201791,47390,23513,6,1.21075,
/os_cloud_node/points_decim_1,Draco 12,69,0.205086,45686,22313,6,1.23051,
/os_cloud_node/points_decim_1,Draco 12,70,0.207903,46407,22552,6,1.24742,
/os_cloud_node/points_decim_1,Draco 12,71,0.205238,46575,22575,6,1.23143,
/os_cloud_node/points_decim_1,Draco 12,72,0.203936,46387,22815,6,1.22362,
/os_cloud_node/points_decim_1,Draco 12,73,0.204635,46399,22952,6,1.22781,
/os_cloud_node/points_decim_1,Draco 12,74,0.206776,46106,22485,6,1.24066,
/os_cloud_node/points_decim_1,Draco 12,75,0.203408,45554,22270,6,1.22045,
/os_cloud_node/points_decim_1,Draco 12,76,0.201757,47382,23030,6,1.21054,
/os_cloud_node/points_decim_1,Draco 12,77,0.206096,46928,22494,6,1.23658,
/os_cloud_node/points_decim_1,Draco 12,78,0.206107,45420,22279,6,1.23664,
/os_cloud_node/points_decim_1,Draco 12,79,0.205318,45668,22030,6,1.23191,
/os_cloud_node/points_decim_1,Draco 12,80,0.208134,45962,22012,6,1.24881,
/os_cloud_node/points_decim_1,Draco 12,81,0.206933,47653,22558,6,1.2416,
/os_cloud_node/points_decim_1,Draco 12,82,0.207909,47235,22635,6,1.24745,
/os_cloud_node/points_decim_1,Draco 12,83,0.208176,45983,22100,6,1.24906,
/os_cloud_node/points_decim_1,Draco 12,84,0.207622,47626,22272,6,1.24573,
/os_cloud_node/points_decim_1,Draco 12,85,0.208801,46077,22482,6,1.25281,
/os_cloud_node/points_decim_1,Draco 12,86,0.207383,45676,22031,6,1.2443,
/os_cloud_node/points_decim_1,Draco 12,87,0.206625,45505,22442,6,1.23975,
/os_cloud_node/points_decim_1,Draco 12,88,0.206355,45911,22469,6,1.23813,
/os_cloud_node/points_decim_1,Draco 12,89,0.208921,45624,22445,6,1.25352,
/os_cloud_node/points_decim_1,Draco 12,90,0.212341,44836,21779,6,1.27404,
/os_cloud_node/points_decim_1,Draco 12,91,0.211651,44715,21424,6,1.26991,
/os_cloud_node/points_decim_1,Draco 12,92,0.210597,45183,21747,6,1.26358,
/os_cloud_node/points_decim_1,Draco 12,93,0.21153,45379,22072,6,1.26918,
/os_cloud_node/points_decim_1,Draco 12,94,0.216023,45523,21938,6,1.29614,
/os_cloud_node/points_decim_1,Draco 12,95,0.217321,45492,22270,6,1.30392,
/os_cloud_node/points_decim_1,Draco 12,96,0.215038,45708,22469,6,1.29023,
/os_cloud_node/points_decim_1,Draco 12,97,0.213908,46054,22810,6,1.28345,
/os_cloud_node/points_decim_1,Draco 12,98,0.215836,45916,23197,6,1.29502,
/os_cloud_node/points_decim_1,Draco 12,99,0.212355,47350,22968,6,1.27413,
/os_cloud_node/points_decim_1,Draco 12,100,0.21465,46366,22659,6,1.2879,
/os_cloud_node/points_decim_1,Draco 12,101,0.213129,46548,22725,6,1.27877,
/os_cloud_node/points_decim_1,Draco 12,102,0.212123,45595,22960,6,1.27274,
/os_cloud_node/points_decim_1,Draco 12,103,0.217163,46629,23105,6,1.30298,
/os_cloud_node/points_decim_1,Draco 12,104,0.219501,47801,23718,6,1.31701,
/os_cloud_node/points_decim_1,Draco 12,105,0.217467,46095,22239,6,1.3048,
/os_cloud_node/points_decim_1,Draco 12,106,0.214564,45780,22466,6,1.28738,
/os_cloud_node/points_decim_1,Draco 12,107,0.214608,45341,22103,6,1.28765,
/os_cloud_node/points_decim_1,Draco 12,108,0.215312,45507,23309,6,1.29187,
/os_cloud_node/points_decim_1,Draco 12,109,0.215592,46252,22647,6,1.29355,
/os_cloud_node/points_decim_1,Draco 12,110,0.210993,45810,22241,6,1.26596,
/os_cloud_node/points_decim_1,Draco 12,111,0.21218,45926,22499,6,1.27308,
/os_cloud_node/points_decim_1,Draco 12,112,0.215028,45732,22473,6,1.29017,
/os_cloud_node/points_decim_1,Draco 12,113,0.213421,44986,22260,6,1.28053,
/os_cloud_node/points_decim_1,Draco 12,114,0.213777,47066,22707,6,1.28266,
/os_cloud_node/points_decim_1,Draco 12,115,0.214373,44641,21876,6,1.28624,
/os_cloud_node/points_decim_1,Draco 12,116,0.213053,45266,21785,6,1.27832,
/os_cloud_node/points_decim_1,Draco 12,117,0.214311,45709,22717,6,1.28587,
/os_cloud_node/points_decim_1,Draco 12,118,0.212262,46052,22523,6,1.27357,
/os_cloud_node/points_decim_1,Draco 12,119,0.208853,46835,22934,6,1.25312,
/os_cloud_node/points_decim_1,Draco 12,120,0.210955,46627,22548,6,1.26573,
/os_cloud_node/points_decim_1,Draco 12,121,0.21536,45383,22216,6,1.29216,
/os_cloud_node/points_decim_1,Draco 12,122,0.214852,45994,22661,6,1.28911,
/os_cloud_node/points_decim_1,Draco 12,123,0.213014,47660,22537,6,1.27809,
/os_cloud_node/points_decim_1,Draco 12,124,0.214481,45585,22019,6,1.28688,
/os_cloud_node/points_decim_1,Draco 12,125,0.214748,45552,23083,6,1.28849,
/os_cloud_node/points_decim_1,Draco 12,126,0.213111,45398,22257,6,1.27867,
/os_cloud_node/points_decim_1,Draco 12,127,0.211798,46064,22360,6,1.27079,
/os_cloud_node/points_decim_1,Draco 12,128,0.211476,47233,22548,6,1.26886,
/os_cloud_node/points_decim_1,Draco 12,129,0.210497,46213,21935,6,1.26298,
/os_cloud_node/points_decim_1,Draco 12,130,0.211955,45497,22068,6,1.27173,
/os_cloud_node/points_decim_1,Draco 12,131,0.213146,45890,21893,6,1.27888,
/os_cloud_node/points_decim_1,Draco 12,132,0.212285,45630,21779,6,1.27371,
/os_cloud_node/points_decim_1,Draco 12,133,0.211348,45869,22012,6,1.26809,
/os_cloud_node/points_decim_1,Draco 12,134,0.210944,45583,22144,6,1.26567,
/os_cloud_node/points_decim_1,Draco 12,135,0.211768,46016,22138,6,1.27061,
/os_cloud_node/points_decim_1,Draco 12,136,0.212414,46136,22661,6,1.27448,
/os_cloud_node/points_decim_1,Draco 12,137,0.213927,47178,23000,6,1.28356,
/os_cloud_node/points_decim_1,Draco 12,138,0.213868,46793,22734,6,1.28321,
/os_cloud_node/points_decim_1,Draco 12,139,0.214699,45587,22638,6,1.2882,
/os_cloud_node/points_decim_1,Draco 12,140,0.216975,46444,22706,6,1.30185,
/os_cloud_node/points_decim_1,Draco 12,141,0.217494,46044,23024,6,1.30496,
/os_cloud_node/points_decim_1,Draco 12,142,0.215259,46918,23079,6,1.29156,
/os_cloud_node/points_decim_1,Draco 12,143,0.197188,45312,21912,6,1.18313,
/os_cloud_node/points_decim_1,Draco 12,144,0.216694,46220,22352,6,1.30016,
/os_cloud_node/points_decim_1,Draco 12,145,0.216574,46023,22557,6,1.29944,
/os_cloud_node/points_decim_1,Draco 12,146,0.215954,45868,22270,6,1.29573,
/os_cloud_node/points_decim_1,Draco 12,147,0.216035,46014,22793,6,1.29621,
/os_cloud_node/points_decim_1,Draco 12,148,0.21363,45842,22017,6,1.28178,
/os_cloud_node/points_decim_1,Draco 12,149,0.212297,46422,22390,6,1.27378,
/os_cloud_node/points_decim_1,Draco 12,150,0.214283,45925,22601,6,1.2857,
/os_cloud_node/points_decim_1,Draco 12,151,0.214015,45395,21929,6,1.28409,
/os_cloud_node/points_decim_1,Draco 12,152,0.214416,46418,23624,6,1.28649,
/os_cloud_node/points_decim_1,Draco 12,153,0.214005,46390,22533,6,1.28403,
/os_cloud_node/points_decim_1,Draco 12,154,0.21978,45722,22271,6,1.31868,
/os_cloud_node/points_decim_1,Draco 12,155,0.215882,45885,22109,6,1.29529,
/os_cloud_node/points_decim_1,Draco 12,156,0.214512,45726,22557,6,1.28707,
/os_cloud_node/points_decim_1,Draco 12,157,0.215697,46745,22786,6,1.29418,
/os_cloud_node/points_decim_1,Draco 12,158,0.218901,46361,23061,6,1.3134,
/os_cloud_node/points_decim_1,Draco 12,159,0.213653,46623,23099,6,1.28192,
/os_cloud_node/points_decim_1,Draco 12,160,0.217604,46309,22775,6,1.30562,
/os_cloud_node/points_decim_1,Draco 12,161,0.216548,46709,23224,6,1.29929,
/os_cloud_node/points_decim_1,Draco 12,162,0.213933,46107,22522,6,1.2836,
/os_cloud_node/points_decim_1,Draco 12,163,0.213425,45631,22485,6,1.28055,
/os_cloud_node/points_decim_1,Draco 12,164,0.212431,45130,21907,6,1.27459,
/os_cloud_node/points_decim_1,Draco 12,165,0.212497,45804,22360,6,1.27498,
/os_cloud_node/points_decim_1,Draco 12,166,0.212527,45607,21790,6,1.27516,
/os_cloud_node/points_decim_1,Draco 12,167,0.208671,46037,22517,6,1.25202,
/os_cloud_node/points_decim_1,Draco 12,168,0.208648,45574,22283,6,1.25189,
/os_cloud_node/points_decim_1,Draco 12,169,0.209914,46051,23007,6,1.25948,
/os_cloud_node/points_decim_1,Draco 12,170,0.207254,45974,21753,6,1.24352,
/os_cloud_node/points_decim_1,Draco 12,171,0.206588,45842,22245,6,1.23953,
/os_cloud_node/points_decim_1,Draco 12,172,0.207459,45997,22513,6,1.24475,
/os_cloud_node/points_decim_1,Draco 12,173,0.208378,47259,22717,6,1.25027,
/os_cloud_node/points_decim_1,Draco 12,174,0.209255,45716,22503,6,1.25553,
/os_cloud_node/points_decim_1,Draco 12,175,0.20937,46736,22450,6,1.25622,
/os_cloud_node/points_decim_1,Draco 12,176,0.210398,47040,22724,6,1.26239,
/os_cloud_node/points_decim_1,Draco 12,177,0.210546,46019,22276,6,1.26327,
/os_cloud_node/points_decim_1,Draco 12,178,0.209773,47722,22644,6,1.25864,
/os_cloud_node/points_decim_1,Draco 12,179,0.209663,46897,22894,6,1.25798,
/os_cloud_node/points_decim_1,Draco 12,180,0.20917,46909,22708,6,1.25502,
/os_cloud_node/points_decim_1,Draco 12,181,0.20471,46525,22499,6,1.22826,
/os_cloud_node/points_decim_1,Draco 12,182,0.201938,46512,22608,6,1.21163,
/os_cloud_node/points_decim_1,Draco 12,183,0.206124,46522,22693,6,1.23674,
/os_cloud_node/points_decim_1,Draco 12,184,0.203585,46803,22621,6,1.22151,
/os_cloud_node/points_decim_1,Draco 12,185,0.201451,46361,22395,6,1.20871,
/os_cloud_node/points_decim_1,Draco 12,186,0.20323,45904,22215,6,1.21938,
/os_cloud_node/points_decim_1,Draco 12,187,0.208531,45552,21930,6,1.25119,
/os_cloud_node/points_decim_1,Draco 12,188,0.210689,46977,23295,6,1.26413,
/os_cloud_node/points_decim_1,Draco 12,189,0.209013,46993,23280,6,1.25408,
/os_cloud_node/points_decim_1,Draco 12,190,0.210868,47656,22703,6,1.26521,
/os_cloud_node/points_decim_1,Draco 12,191,0.20869,46798,23126,6,1.25214,
/os_cloud_node/points_decim_1,Draco 12,192,0.205865,46623,22793,6,1.23519,
/os_cloud_node/points_decim_1,Draco 12,193,0.203178,47191,23338,6,1.21907,
/os_cloud_node/points_decim_1,Draco 12,194,0.1977,45984,21934,6,1.1862,
/os_cloud_node/points_decim_1,Draco 12,195,0.197905,46323,22346,6,1.18743,
/os_cloud_node/points_decim_1,Draco 12,196,0.200326,46057,21840,6,1.20196,
/os_cloud_node/points_decim_1,Draco 12,197,0.203525,45553,21571,6,1.22115,
/os_cloud_node/points_decim_1,Draco 12,198,0.201864,45950,22446,6,1.21118,
/os_cloud_node/points_decim_1,Draco 12,199,0.205981,45451,21977,6,1.23588,
/os_cloud_node/points_decim_1,Draco 12,200,0.204985,46547,22502,6,1.22991,
/os_cloud_node/points_decim_1,Draco 12,201,0.202604,45602,22421,6,1.21562,
/os_cloud_node/points_decim_1,Draco 12,202,0.217583,46066,22450,6,1.3055,
/os_cloud_node/points_decim_1,Draco 12,203,0.216834,45627,22217,6,1.30101,
/os_cloud_node/points_decim_1,Draco 12,204,0.214336,45863,22864,6,1.28602,
/os_cloud_node/points_decim_1,Draco 12,205,0.217515,46997,23252,6,1.30509,
/os_cloud_node/points_decim_1,Draco 12,206,0.221505,45880,22628,6,1.32903,
/os_cloud_node/points_decim_1,Draco 12,207,0.224382,48230,23230,6,1.34629,
/os_cloud_node/points_decim_1,Draco 12,208,0.219563,45999,22891,6,1.31738,
/os_cloud_node/points_decim_1,Draco 12,209,0.219519,46085,22423,6,1.31711,
/os_cloud_node/points_decim_1,Draco 12,210,0.218914,46779,22510,6,1.31348,
/os_cloud_node/points_decim_1,Draco 12,211,0.218377,46186,22314,6,1.31026,
/os_cloud_node/points_decim_1,Draco 12,212,0.214505,46336,22451,6,1.28703,
/os_cloud_node/points_decim_1,Draco 12,213,0.21486,45375,22109,6,1.28916,
/os_cloud_node/points_decim_1,Draco 12,214,0.21648,45941,21907,6,1.29888,
/os_cloud_node/points_decim_1,Draco 12,215,0.216381,45464,22093,6,1.29829,
/os_cloud_node/points_decim_1,Draco 12,216,0.213371,46359,22483,6,1.28023,
/os_cloud_node/points_decim_1,Draco 12,217,0.211953,48436,23139,6,1.27172,
/os_cloud_node/points_decim_1,Draco 12,218,0.213304,45939,21846,6,1.27982,
/os_cloud_node/points_decim_1,Draco 12,219,0.214822,46186,22524,6,1.28893,
/os_cloud_node/points_decim_1,Draco 12,220,0.206512,45790,21749,6,1.23907,
/os_cloud_node/points_decim_1,Draco 12,221,0.208319,46151,22259,6,1.24991,
/os_cloud_node/points_decim_1,Draco 12,222,0.202494,48090,22454,6,1.21496,
/os_cloud_node/points_decim_1,Draco 12,223,0.202293,45979,22080,6,1.21376,
/os_cloud_node/points_decim_1,Draco 12,224,0.200373,45081,21444,6,1.20224,
/os_cloud_node/points_decim_1,Draco 12,225,0.20477,46245,22062,6,1.22862,
/os_cloud_node/points_decim_1,Draco 12,226,0.214437,47109,24659,6,1.28662,
/os_cloud_node/points_decim_1,Draco 12,227,0.220295,46069,22275,6,1.32177,
/os_cloud_node/points_decim_1,Draco 12,228,0.224778,46094,22136,6,1.34867,
/os_cloud_node/points_decim_1,Draco 12,229,0.227149,46448,23116,6,1.3629,
/os_cloud_node/points_decim_1,Draco 12,230,0.227135,46795,22719,6,1.36281,
/os_cloud_node/points_decim_1,Draco 12,231,0.220733,48298,23999,6,1.3244,
/os_cloud_node/points_decim_1,Draco 12,232,0.227568,47076,23162,6,1.36541,
/os_cloud_node/points_decim_1,Draco 12,233,0.228505,47043,23277,6,1.37103,
/os_cloud_node/points_decim_1,Draco 12,234,0.227346,47112,23136,6,1.36408,
/os_cloud_node/points_decim_1,Draco 12,235,0.226234,46704,22751,6,1.3574,
/os_cloud_node/points_decim_1,Draco 12,236,0.225317,48330,25058,6,1.3519,
/os_cloud_node/points_decim_1,Draco 12,237,0.225209,46968,23111,6,1.35126,
/os_cloud_node/points_decim_1,Draco 12 + ZSTD,0,0.202097,53177,24246,6,1.21258,
/os_cloud_node/points_decim_1,Draco 12 + ZSTD,1,0.203311,52859,24105,6,1.21987,
/os_cloud_node/points_decim_1,Draco 12 + ZSTD,2,0.202291,52980,24600,6,1.21375,
/os_cloud_node/points_decim_1,Draco 12 + ZSTD,3,0.204462,53820,23790,6,1.22677,
/os_cloud_node/points_decim_1,Draco 12 + ZSTD,4,0.201542,53334,24731,6,1.20925,
/os_cloud_node/points_decim_1,Draco 12 + ZSTD,5,0.205802,52232,23590,6,1.23481,
/os_cloud_node/points_decim_1,Draco 12 + ZSTD,6,0.210865,51400,23463,6,1.26519,
/os_cloud_node/points_decim_1,Draco 12 + ZSTD,7,0.212,51062,23314,6,1.272,
/os_cloud_node/points_decim_1,Draco 12 + ZSTD,8,0.211845,51461,24305,6,1.27107,
/os_cloud_node/points_decim_1,Draco 12 + ZSTD,9,0.214102,50314,23634,6,1.28461,
/os_cloud_node/points_decim_1,Draco 12 + ZSTD,10,0.209595,51232,23429,6,1.25757,
/os_cloud_node/points_decim_1,Draco 12 + ZSTD,11,0.213447,51983,23268,6,1.28068,
/os_cloud_node/points_decim_1,Draco 12 + ZSTD,12,0.21141,50241,23997,6,1.26846,
/os_cloud_node/points_decim_1,Draco 12 + ZSTD,13,0.209014,50650,23335,6,1.25409,
/os_cloud_node/points_decim_1,Draco 12 + ZSTD,14,0.205625,49785,22933,6,1.23375,
/os_cloud_node/points_decim_1,Draco 12 + ZSTD,15,0.19995,49644,22246,6,1.1997,
/os_cloud_node/points_decim_1,Draco 12 + ZSTD,16,0.193625,49381,22258,6,1.16175,
/os_cloud_node/points_decim_1,Draco 12 + ZSTD,17,0.186714,49095,22393,6,1.12028,
/os_cloud_node/points_decim_1,Draco 12 + ZSTD,18,0.184626,49899,22804,6,1.10776,
/os_cloud_node/points_decim_1,Draco 12 + ZSTD,19,0.182745,49592,22587,6,1.09647,
/os_cloud_node/points_decim_1,Draco 12 + ZSTD,20,0.184957,50149,22504,6,1.10974,
/os_cloud_node/points_decim_1,Draco 12 + ZSTD,21,0.184129,49855,22820,6,1.10477,
/os_cloud_node/points_decim_1,Draco 12 + ZSTD,22,0.186095,49308,22568,6,1.11657,
/os_cloud_node/points_decim_1,Draco 12 + ZSTD,23,0.186828,49549,22725,6,1.12097,
/os_cloud_node/points_decim_1,Draco 12 + ZSTD,24,0.186064,48493,22508,6,1.11638,
/os_cloud_node/points_decim_1,Draco 12 + ZSTD,25,0.187555,48939,22656,6,1.12533,
/os_cloud_node/points_decim_1,Draco 12 + ZSTD,26,0.18834,49174,22980,6,1.13004,
/os_cloud_node/points_decim_1,Draco 12 + ZSTD,27,0.183527,49739,22507,6,1.10116,
/os_cloud_node/points_decim_1,Draco 12 + ZSTD,28,0.184283,50064,23035,6,1.1057,
/os_cloud_node/points_decim_1,Draco 12 + ZSTD,29,0.186292,50615,23517,6,1.11775,
/os_cloud_node/points_decim_1,Draco 12 + ZSTD,30,0.186376,50084,23584,6,1.11825,
/os_cloud_node/points_decim_1,Draco 12 + ZSTD,31,0.190354,51106,24032,6,1.14212,
/os_cloud_node/points_decim_1,Draco 12 + ZSTD,32,0.196988,50247,23792,6,1.18193,
/os_cloud_node/points_decim_1,Draco 12 + ZSTD,33,0.190061,49406,23035,6,1.14037,
/os_cloud_node/points_decim_1,Draco 12 + ZSTD,34,0.193348,48937,22625,6,1.16009,
/os_cloud_node/points_decim_1,Draco 12 + ZSTD,35,0.19509,50889,23237,6,1.17054,
/os_cloud_node/points_decim_1,Draco 12 + ZSTD,36,0.1962,49397,22996,6,1.1772,
/os_cloud_node/points_decim_1,Draco 12 + ZSTD,37,0.199635,49474,23200,6,1.19781,
/os_cloud_node/points_decim_1,Draco 12 + ZSTD,38,0.200594,49151,22882,6,1.20356,
/os_cloud_node/points_decim_1,Draco 12 + ZSTD,39,0.17617,49246,22905,6,1.05702,
/os_cloud_node/points_decim_1,Draco 12 + ZSTD,40,0.198679,51207,24233,6,1.19207,
/os_cloud_node/points_decim_1,Draco 12 + ZSTD,41,0.197507,49243,22572,6,1.18504,
/os_cloud_node/points_decim_1,Draco 12 + ZSTD,42,0.196946,49294,22561,6,1.18168,
/os_cloud_node/points_decim_1,Draco 12 + ZSTD,43,0.204031,48790,22753,6,1.22418,
/os_cloud_node/points_decim_1,Draco 12 + ZSTD,44,0.20377,49547,22603,6,1.22262,
/os_cloud_node/points_decim_1,Draco 12 + ZSTD,45,0.204059,50327,23193,6,1.22435,
/os_cloud_node/points_decim_1,Draco 12 + ZSTD,46,0.202574,49384,22735,6,1.21544,
/os_cloud_node/points_decim_1,Draco 12 + ZSTD,47,0.20183,49395,22997,6,1.21098,
/os_cloud_node/points_decim_1,Draco 12 + ZSTD,48,0.200332,50101,22936,6,1.20199,
/os_cloud_node/points_decim_1,Draco 12 + ZSTD,49,0.199825,50177,23552,6,1.19895,
/os_cloud_node/points_decim_1,Draco 12 + ZSTD,50,0.194579,49766,23514,6,1.16747,
/os_cloud_node/points_decim_1,Draco 12 + ZSTD,51,0.19382,50934,24583,6,1.16292,
/os_cloud_node/points_decim_1,Draco 12 + ZSTD,52,0.194585,50655,23860,6,1.16751,
/os_cloud_node/points_decim_1,Draco 12 + ZSTD,53,0.182625,49185,23085,6,1.09575,
/os_cloud_node/points_decim_1,Draco 12 + ZSTD,54,0.186976,50402,23074,6,1.12185,
/os_cloud_node/points_decim_1,Draco 12 + ZSTD,55,0.184729,49112,22864,6,1.10837,
/os_cloud_node/points_decim_1,Draco 12 + ZSTD,56,0.188155,48942,22815,6,1.12893,
/os_cloud_node/points_decim_1,Draco 12 + ZSTD,57,0.187188,48971,22472,6,1.12313,
/os_cloud_node/points_decim_1,Draco 12 + ZSTD,58,0.189585,48371,22967,6,1.13751,
/os_cloud_node/points_decim_1,Draco 12 + ZSTD,59,0.189986,49354,22516,6,1.13991,
/os_cloud_node/points_decim_1,Draco 12 + ZSTD,60,0.187388,50188,22870,6,1.12433,
/os_cloud_node/points_decim_1,Draco 12 + ZSTD,61,0.192867,51246,24556,6,1.1572,
/os_cloud_node/points_decim_1,Draco 12 + ZSTD,62,0.185827,50958,23433,6,1.11496,
/os_cloud_node/points_decim_1,Draco 12 + ZSTD,63,0.193401,49933,23250,6,1.1604,
/os_cloud_node/points_decim_1,Draco 12 + ZSTD,64,0.191337,49052,22623,6,1.14802,
/os_cloud_node/points_decim_1,Draco 12 + ZSTD,65,0.192963,49850,23624,6,1.15778,
/os_cloud_node/points_decim_1,Draco 12 + ZSTD,66,0.190412,50143,23041,6,1.14247,
/os_cloud_node/points_decim_1,Draco 12 + ZSTD,67,0.185796,48696,23012,6,1.11477,
/os_cloud_node/points_decim_1,Draco 12 + ZSTD,68,0.186525,51228,24349,6,1.11915,
/os_cloud_node/points_decim_1,Draco 12 + ZSTD,69,0.189544,49231,23167,6,1.13726,
/os_cloud_node/points_decim_1,Draco 12 + ZSTD,70,0.192604,50089,23464,6,1.15563,
/os_cloud_node/points_decim_1,Draco 12 + ZSTD,71,0.189531,50653,23478,6,1.13719,
/os_cloud_node/points_decim_1,Draco 12 + ZSTD,72,0.188426,49893,23667,6,1.13056,
/os_cloud_node/points_decim_1,Draco 12 + ZSTD,73,0.189645,50492,23800,6,1.13787,
/os_cloud_node/points_decim_1,Draco 12 + ZSTD,74,0.191746,49899,23330,6,1.15047,
/os_cloud_node/points_decim_1,Draco 12 + ZSTD,75,0.18828,49367,23113,6,1.12968,
/os_cloud_node/points_decim_1,Draco 12 + ZSTD,76,0.187408,51955,23923,6,1.12445,
/os_cloud_node/points_decim_1,Draco 12 + ZSTD,77,0.190953,51466,23350,6,1.14572,
/os_cloud_node/points_decim_1,Draco 12 + ZSTD,78,0.19152,49311,23119,6,1.14912,
/os_cloud_node/points_decim_1,Draco 12 + ZSTD,79,0.190595,49819,22825,6,1.14357,
/os_cloud_node/points_decim_1,Draco 12 + ZSTD,80,0.194017,49383,22841,6,1.1641,
/os_cloud_node/points_decim_1,Draco 12 + ZSTD,81,0.192726,51751,23363,6,1.15636,
/os_cloud_node/points_decim_1,Draco 12 + ZSTD,82,0.193995,51512,23461,6,1.16397,
/os_cloud_node/points_decim_1,Draco 12 + ZSTD,83,0.194218,49328,22895,6,1.16531,
/os_cloud_node/points_decim_1,Draco 12 + ZSTD,84,0.194176,51375,23043,6,1.16506,
/os_cloud_node/points_decim_1,Draco 12 + ZSTD,85,0.193989,50225,23326,6,1.16393,
/os_cloud_node/points_decim_1,Draco 12 + ZSTD,86,0.193819,49925,22816,6,1.16291,
/os_cloud_node/points_decim_1,Draco 12 + ZSTD,87,0.193299,49164,23189,6,1.15979,
/os_cloud_node/points_decim_1,Draco 12 + ZSTD,88,0.192919,49908,23324,6,1.15751,
/os_cloud_node/points_decim_1,Draco 12 + ZSTD,89,0.195039,49535,23282,6,1.17023,
/os_cloud_node/points_decim_1,Draco 12 + ZSTD,90,0.198582,48649,22608,6,1.19149,
/os_cloud_node/points_decim_1,Draco 12 + ZSTD,91,0.198078,48463,22255,6,1.18847,
/os_cloud_node/points_decim_1,Draco 12 + ZSTD,92,0.196949,48889,22511,6,1.1817,
/os_cloud_node/points_decim_1,Draco 12 + ZSTD,93,0.198076,48906,22905,6,1.18846,
/os_cloud_node/points_decim_1,Draco 12 + ZSTD,94,0.202263,49177,22794,6,1.21358,
/os_cloud_node/points_decim_1,Draco 12 + ZSTD,95,0.203427,49073,23125,6,1.22056,
/os_cloud_node/points_decim_1,Draco 12 + ZSTD,96,0.200836,49339,23295,6,1.20501,
/os_cloud_node/points_decim_1,Draco 12 + ZSTD,97,0.200077,49761,23670,6,1.20046,
/os_cloud_node/points_decim_1,Draco 12 + ZSTD,98,0.20125,49946,24119,6,1.2075,
/os_cloud_node/points_decim_1,Draco 12 + ZSTD,99,0.197264,51150,23915,6,1.18358,
/os_cloud_node/points_decim_1,Draco 12 + ZSTD,100,0.199958,50282,23579,6,1.19975,
/os_cloud_node/points_decim_1,Draco 12 + ZSTD,101,0.19772,50703,23691,6,1.18632,
/os_cloud_node/points_decim_1,Draco 12 + ZSTD,102,0.196987,49985,23876,6,1.18192,
/os_cloud_node/points_decim_1,Draco 12 + ZSTD,103,0.202416,51208,24040,6,1.21449,
/os_cloud_node/points_decim_1,Draco 12 + ZSTD,104,0.205064,51436,24667,6,1.23038,
/os_cloud_node/points_decim_1,Draco 12 + ZSTD,105,0.202836,50515,23191,6,1.21702,
/os_cloud_node/points_decim_1,Draco 12 + ZSTD,106,0.200919,49372,23325,6,1.20552,
/os_cloud_node/points_decim_1,Draco 12 + ZSTD,107,0.200748,49109,22890,6,1.20449,
/os_cloud_node/points_decim_1,Draco 12 + ZSTD,108,0.202207,49330,24065,6,1.21324,
/os_cloud_node/points_decim_1,Draco 12 + ZSTD,109,0.201902,50110,23536,6,1.21141,
/os_cloud_node/points_decim_1,Draco 12 + ZSTD,110,0.19651,49661,23084,6,1.17906,
/os_cloud_node/points_decim_1,Draco 12 + ZSTD,111,0.19665,50193,23408,6,1.1799,
/os_cloud_node/points_decim_1,Draco 12 + ZSTD,112,0.200695,49514,23362,6,1.20417,
/os_cloud_node/points_decim_1,Draco 12 + ZSTD,113,0.198866,48891,23134,6,1.1932,
/os_cloud_node/points_decim_1,Draco 12 + ZSTD,114,0.199809,50602,23544,6,1.19885,
/os_cloud_node/points_decim_1,Draco 12 + ZSTD,115,0.200491,48429,22750,6,1.20294,
/os_cloud_node/points_decim_1,Draco 12 + ZSTD,116,0.199693,49018,22582,6,1.19816,
/os_cloud_node/points_decim_1,Draco 12 + ZSTD,117,0.200046,49699,23584,6,1.20027,
/os_cloud_node/points_decim_1,Draco 12 + ZSTD,118,0.197804,50159,23487,6,1.18682,
/os_cloud_node/points_decim_1,Draco 12 + ZSTD,119,0.194942,50837,23738,6,1.16965,
/os_cloud_node/points_decim_1,Draco 12 + ZSTD,120,0.196112,50826,23375,6,1.17667,
/os_cloud_node/points_decim_1,Draco 12 + ZSTD,121,0.19979,49032,23121,6,1.19874,
/os_cloud_node/points_decim_1,Draco 12 + ZSTD,122,0.199607,50138,23578,6,1.19764,
/os_cloud_node/points_decim_1,Draco 12 + ZSTD,123,0.197996,51709,23449,6,1.18797,
/os_cloud_node/points_decim_1,Draco 12 + ZSTD,124,0.200091,49743,22943,6,1.20055,
/os_cloud_node/points_decim_1,Draco 12 + ZSTD,125,0.200618,49338,23926,6,1.20371,
/os_cloud_node/points_decim_1,Draco 12 + ZSTD,126,0.199254,48874,23070,6,1.19552,
/os_cloud_node/points_decim_1,Draco 12 + ZSTD,127,0.196859,50047,23216,6,1.18115,
/os_cloud_node/points_decim_1,Draco 12 + ZSTD,128,0.196733,51475,23405,6,1.1804,
/os_cloud_node/points_decim_1,Draco 12 + ZSTD,129,0.195532,50168,22819,6,1.17319,
/os_cloud_node/points_decim_1,Draco 12 + ZSTD,130,0.198097,48996,22863,6,1.18858,
/os_cloud_node/points_decim_1,Draco 12 + ZSTD,131,0.199221,49818,22685,6,1.19533,
/os_cloud_node/points_decim_1,Draco 12 + ZSTD,132,0.198559,49037,22530,6,1.19135,
/os_cloud_node/points_decim_1,Draco 12 + ZSTD,133,0.197461,50190,22769,6,1.18476,
/os_cloud_node/points_decim_1,Draco 12 + ZSTD,134,0.196962,49817,22994,6,1.18177,
/os_cloud_node/points_decim_1,Draco 12 + ZSTD,135,0.197229,50430,23032,6,1.18338,
/os_cloud_node/points_decim_1,Draco 12 + ZSTD,136,0.197588,50695,23623,6,1.18553,
/os_cloud_node/points_decim_1,Draco 12 + ZSTD,137,0.198584,51895,23952,6,1.1915,
/os_cloud_node/points_decim_1,Draco 12 + ZSTD,138,0.198298,51756,23620,6,1.18979,
/os_cloud_node/points_decim_1,Draco 12 + ZSTD,139,0.199617,49673,23503,6,1.1977,
/os_cloud_node/points_decim_1,Draco 12 + ZSTD,140,0.20264,50459,23622,6,1.21584,
/os_cloud_node/points_decim_1,Draco 12 + ZSTD,141,0.203189,50202,23855,6,1.21913,
/os_cloud_node/points_decim_1,Draco 12 + ZSTD,142,0.20126,50950,23983,6,1.20756,
/os_cloud_node/points_decim_1,Draco 12 + ZSTD,143,0.184613,49197,22535,6,1.10768,
/os_cloud_node/points_decim_1,Draco 12 + ZSTD,144,0.202287,49897,23229,6,1.21372,
/os_cloud_node/points_decim_1,Draco 12 + ZSTD,145,0.201761,50302,23470,6,1.21057,
/os_cloud_node/points_decim_1,Draco 12 + ZSTD,146,0.202355,49755,23121,6,1.21413,
/os_cloud_node/points_decim_1,Draco 12 + ZSTD,147,0.201917,50360,23736,6,1.2115,
/os_cloud_node/points_decim_1,Draco 12 + ZSTD,148,0.199304,49400,22930,6,1.19582,
/os_cloud_node/points_decim_1,Draco 12 + ZSTD,149,0.197802,50764,23270,6,1.18681,
/os_cloud_node/points_decim_1,Draco 12 + ZSTD,150,0.199887,50147,23398,6,1.19932,
/os_cloud_node/points_decim_1,Draco 12 + ZSTD,151,0.200376,48910,22811,6,1.20226,
/os_cloud_node/points_decim_1,Draco 12 + ZSTD,152,0.200349,50598,24508,6,1.2021,
/os_cloud_node/points_decim_1,Draco 12 + ZSTD,153,0.19968,50969,23477,6,1.19808,
/os_cloud_node/points_decim_1,Draco 12 + ZSTD,154,0.205768,49616,23156,6,1.23461,
/os_cloud_node/points_decim_1,Draco 12 + ZSTD,155,0.201637,50176,22995,6,1.20982,
/os_cloud_node/points_decim_1,Draco 12 + ZSTD,156,0.200788,50027,23356,6,1.20473,
/os_cloud_node/points_decim_1,Draco 12 + ZSTD,157,0.201529,51054,23673,6,1.20918,
/os_cloud_node/points_decim_1,Draco 12 + ZSTD,158,0.203778,50919,23973,6,1.22267,
/os_cloud_node/points_decim_1,Draco 12 + ZSTD,159,0.199303,51072,23893,6,1.19582,
/os_cloud_node/points_decim_1,Draco 12 + ZSTD,160,0.203294,50254,23641,6,1.21976,
/os_cloud_node/points_decim_1,Draco 12 + ZSTD,161,0.202304,50852,24138,6,1.21382,
/os_cloud_node/points_decim_1,Draco 12 + ZSTD,162,0.199359,50170,23469,6,1.19615,
/os_cloud_node/points_decim_1,Draco 12 + ZSTD,163,0.199089,49343,23350,6,1.19453,
/os_cloud_node/points_decim_1,Draco 12 + ZSTD,164,0.198438,49299,22724,6,1.19063,
/os_cloud_node/points_decim_1,Draco 12 + ZSTD,165,0.19873,49392,23174,6,1.19238,
/os_cloud_node/points_decim_1,Draco 12 + ZSTD,166,0.198555,49459,22641,6,1.19133,
/os_cloud_node/points_decim_1,Draco 12 + ZSTD,167,0.195002,50264,23277,6,1.17001,
/os_cloud_node/points_decim_1,Draco 12 + ZSTD,168,0.19547,49539,23025,6,1.17282,
/os_cloud_node/points_decim_1,Draco 12 + ZSTD,169,0.196702,49305,23815,6,1.18021,
/os_cloud_node/points_decim_1,Draco 12 + ZSTD,170,0.193147,50261,22737,6,1.15888,
/os_cloud_node/points_decim_1,Draco 12 + ZSTD,171,0.192707,49921,23050,6,1.15624,
/os_cloud_node/points_decim_1,Draco 12 + ZSTD,172,0.193582,49558,23287,6,1.16149,
/os_cloud_node/points_decim_1,Draco 12 + ZSTD,173,0.194488,51341,23508,6,1.16693,
/os_cloud_node/points_decim_1,Draco 12 + ZSTD,174,0.195097,49916,23314,6,1.17058,
/os_cloud_node/points_decim_1,Draco 12 + ZSTD,175,0.195464,51072,23182,6,1.17278,
/os_cloud_node/points_decim_1,Draco 12 + ZSTD,176,0.196929,51433,23514,6,1.18158,
/os_cloud_node/points_decim_1,Draco 12 + ZSTD,177,0.196517,50306,23067,6,1.1791,
/os_cloud_node/points_decim_1,Draco 12 + ZSTD,178,0.195538,51985,23452,6,1.17323,
/os_cloud_node/points_decim_1,Draco 12 + ZSTD,179,0.194674,51517,23722,6,1.16804,
/os_cloud_node/points_decim_1,Draco 12 + ZSTD,180,0.193015,51723,23585,6,1.15809,
/os_cloud_node/points_decim_1,Draco 12 + ZSTD,181,0.189903,50841,23298,6,1.13942,
/os_cloud_node/points_decim_1,Draco 12 + ZSTD,182,0.186692,50967,23446,6,1.12015,
/os_cloud_node/points_decim_1,Draco 12 + ZSTD,183,0.190908,50189,23600,6,1.14545,
/os_cloud_node/points_decim_1,Draco 12 + ZSTD,184,0.188747,50599,23420,6,1.13248,
/os_cloud_node/points_decim_1,Draco 12 + ZSTD,185,0.184466,51257,23335,6,1.1068,
/os_cloud_node/points_decim_1,Draco 12 + ZSTD,186,0.188327,50335,23013,6,1.12996,
/os_cloud_node/points_decim_1,Draco 12 + ZSTD,187,0.193441,48924,22734,6,1.16065,
/os_cloud_node/points_decim_1,Draco 12 + ZSTD,188,0.19513,51207,24192,6,1.17078,
/os_cloud_node/points_decim_1,Draco 12 + ZSTD,189,0.192486,52236,24244,6,1.15492,
/os_cloud_node/points_decim_1,Draco 12 + ZSTD,190,0.19495,52412,23642,6,1.1697,
/os_cloud_node/points_decim_1,Draco 12 + ZSTD,191,0.191045,52407,24053,6,1.14627,
/os_cloud_node/points_decim_1,Draco 12 + ZSTD,192,0.186681,52693,23806,6,1.12009,
/os_cloud_node/points_decim_1,Draco 12 + ZSTD,193,0.186165,53585,24300,6,1.11699,
/os_cloud_node/points_decim_1,Draco 12 + ZSTD,194,0.183552,50484,22632,6,1.10131,
/os_cloud_node/points_decim_1,Draco 12 + ZSTD,195,0.184593,50525,23056,6,1.10756,
/os_cloud_node/points_decim_1,Draco 12 + ZSTD,196,0.186965,49475,22619,6,1.12179,
/os_cloud_node/points_decim_1,Draco 12 + ZSTD,197,0.189453,49782,22330,6,1.13672,
/os_cloud_node/points_decim_1,Draco 12 + ZSTD,198,0.186958,50771,23289,6,1.12175,
/os_cloud_node/points_decim_1,Draco 12 + ZSTD,199,0.19205,49326,22827,6,1.1523,
/os_cloud_node/points_decim_1,Draco 12 + ZSTD,200,0.191237,50801,23329,6,1.14742,
/os_cloud_node/points_decim_1,Draco 12 + ZSTD,201,0.189267,49061,23122,6,1.1356,
/os_cloud_node/points_decim_1,Draco 12 + ZSTD,202,0.202589,50136,23368,6,1.21553,
/os_cloud_node/points_decim_1,Draco 12 + ZSTD,203,0.202348,49581,23106,6,1.21409,
/os_cloud_node/points_decim_1,Draco 12 + ZSTD,204,0.199782,50048,23657,6,1.19869,
/os_cloud_node/points_decim_1,Draco 12 + ZSTD,205,0.202691,51183,24079,6,1.21615,
/os_cloud_node/points_decim_1,Draco 12 + ZSTD,206,0.206999,49502,23508,6,1.24199,
/os_cloud_node/points_decim_1,Draco 12 + ZSTD,207,0.210437,52230,24187,6,1.26262,
/os_cloud_node/points_decim_1,Draco 12 + ZSTD,208,0.205636,50308,23726,6,1.23382,
/os_cloud_node/points_decim_1,Draco 12 + ZSTD,209,0.20607,50093,23198,6,1.23642,
/os_cloud_node/points_decim_1,Draco 12 + ZSTD,210,0.205409,51161,23354,6,1.23245,
/os_cloud_node/points_decim_1,Draco 12 + ZSTD,211,0.204335,50278,23236,6,1.22601,
/os_cloud_node/points_decim_1,Draco 12 + ZSTD,212,0.20099,50481,23363,6,1.20594,
/os_cloud_node/points_decim_1,Draco 12 + ZSTD,213,0.200781,49159,22958,6,1.20468,
/os_cloud_node/points_decim_1,Draco 12 + ZSTD,214,0.203098,49937,22751,6,1.21859,
/os_cloud_node/points_decim_1,Draco 12 + ZSTD,215,0.202704,49585,22971,6,1.21622,
/os_cloud_node/points_decim_1,Draco 12 + ZSTD,216,0.199177,50740,23402,6,1.19506,
/os_cloud_node/points_decim_1,Draco 12 + ZSTD,217,0.196878,53620,24114,6,1.18127,
/os_cloud_node/points_decim_1,Draco 12 + ZSTD,218,0.199062,50099,22744,6,1.19437,
/os_cloud_node/points_decim_1,Draco 12 + ZSTD,219,0.200711,50107,23362,6,1.20426,
/os_cloud_node/points_decim_1,Draco 12 + ZSTD,220,0.193183,49735,22529,6,1.1591,
/os_cloud_node/points_decim_1,Draco 12 + ZSTD,221,0.194761,49780,23019,6,1.16856,
/os_cloud_node/points_decim_1,Draco 12 + ZSTD,222,0.188543,52684,23251,6,1.13126,
/os_cloud_node/points_decim_1,Draco 12 + ZSTD,223,0.188787,50236,22855,6,1.13272,
/os_cloud_node/points_decim_1,Draco 12 + ZSTD,224,0.186838,49368,22146,6,1.12103,
/os_cloud_node/points_decim_1,Draco 12 + ZSTD,225,0.191984,50684,22847,6,1.15191,
/os_cloud_node/points_decim_1,Draco 12 + ZSTD,226,0.200979,51761,25554,6,1.20588,
/os_cloud_node/points_decim_1,Draco 12 + ZSTD,227,0.206692,50736,23184,6,1.24015,
/os_cloud_node/points_decim_1,Draco 12 + ZSTD,228,0.212183,50585,23007,6,1.2731,
/os_cloud_node/points_decim_1,Draco 12 + ZSTD,229,0.215309,50667,24115,6,1.29185,
/os_cloud_node/points_decim_1,Draco 12 + ZSTD,230,0.214794,51220,23598,6,1.28877,
/os_cloud_node/points_decim_1,Draco 12 + ZSTD,231,0.207636,52871,24955,6,1.24582,
/os_cloud_node/points_decim_1,Draco 12 + ZSTD,232,0.213965,51512,24050,6,1.28379,
/os_cloud_node/points_decim_1,Draco 12 + ZSTD,233,0.214276,51644,24221,6,1.28566,
/os_cloud_node/points_decim_1,Draco 12 + ZSTD,234,0.213643,51597,24077,6,1.28186,
/os_cloud_node/points_decim_1,Draco 12 + ZSTD,235,0.213605,51133,23610,6,1.28163,
/os_cloud_node/points_decim_1,Draco 12 + ZSTD,236,0.21081,53275,26002,6,1.26486,
/os_cloud_node/points_decim_1,Draco 12 + ZSTD,237,0.211366,51517,23985,6,1.2682,
/os_cloud_node/points_decim_1,Draco 10,0,0.211428,50479,26004,6,1.26857,
/os_cloud_node/points_decim_1,Draco 10,1,0.211617,50031,24991,6,1.2697,
/os_cloud_node/points_decim_1,Draco 10,2,0.21171,50202,24694,6,1.27026,
/os_cloud_node/points_decim_1,Draco 10,3,0.211791,50792,24798,6,1.27074,
/os_cloud_node/points_decim_1,Draco 10,4,0.212143,50501,25294,6,1.27286,
/os_cloud_node/points_decim_1,Draco 10,5,0.213394,50358,24931,6,1.28036,
/os_cloud_node/points_decim_1,Draco 10,6,0.214752,49686,24270,6,1.28851,
/os_cloud_node/points_decim_1,Draco 10,7,0.21623,49715,24236,6,1.29738,
/os_cloud_node/points_decim_1,Draco 10,8,0.216411,49385,24683,6,1.29846,
/os_cloud_node/points_decim_1,Draco 10,9,0.217061,48869,25021,6,1.30236,
/os_cloud_node/points_decim_1,Draco 10,10,0.214632,49747,24602,6,1.28779,
/os_cloud_node/points_decim_1,Draco 10,11,0.215418,51140,24601,6,1.29251,
/os_cloud_node/points_decim_1,Draco 10,12,0.213064,49002,24529,6,1.27838,
/os_cloud_node/points_decim_1,Draco 10,13,0.210113,48152,23562,6,1.26068,
/os_cloud_node/points_decim_1,Draco 10,14,0.20566,47991,23057,6,1.23396,
/os_cloud_node/points_decim_1,Draco 10,15,0.199912,47759,23013,6,1.19947,
/os_cloud_node/points_decim_1,Draco 10,16,0.193807,46778,22363,6,1.16284,
/os_cloud_node/points_decim_1,Draco 10,17,0.188739,46521,22260,6,1.13243,
/os_cloud_node/points_decim_1,Draco 10,18,0.186485,46256,22299,6,1.11891,
/os_cloud_node/points_decim_1,Draco 10,19,0.185243,46877,22381,6,1.11146,
/os_cloud_node/points_decim_1,Draco 10,20,0.186193,46553,22493,6,1.11716,
/os_cloud_node/points_decim_1,Draco 10,21,0.185912,46874,22404,6,1.11547,
/os_cloud_node/points_decim_1,Draco 10,22,0.187068,45810,22269,6,1.12241,
/os_cloud_node/points_decim_1,Draco 10,23,0.187722,45846,22385,6,1.12633,
/os_cloud_node/points_decim_1,Draco 10,24,0.186952,45818,22228,6,1.12171,
/os_cloud_node/points_decim_1,Draco 10,25,0.188369,45676,22323,6,1.13021,
/os_cloud_node/points_decim_1,Draco 10,26,0.189546,45957,22417,6,1.13728,
/os_cloud_node/points_decim_1,Draco 10,27,0.187729,46920,22887,6,1.12638,
/os_cloud_node/points_decim_1,Draco 10,28,0.189456,47025,22929,6,1.13673,
/os_cloud_node/points_decim_1,Draco 10,29,0.190068,46802,22874,6,1.14041,
/os_cloud_node/points_decim_1,Draco 10,30,0.190058,46953,23174,6,1.14035,
/os_cloud_node/points_decim_1,Draco 10,31,0.191873,47867,23313,6,1.15124,
/os_cloud_node/points_decim_1,Draco 10,32,0.192176,46735,22933,6,1.15306,
/os_cloud_node/points_decim_1,Draco 10,33,0.184362,46046,22630,6,1.10617,
/os_cloud_node/points_decim_1,Draco 10,34,0.185189,45644,21925,6,1.11114,
/os_cloud_node/points_decim_1,Draco 10,35,0.187913,47264,23770,6,1.12748,
/os_cloud_node/points_decim_1,Draco 10,36,0.189433,45870,22242,6,1.1366,
/os_cloud_node/points_decim_1,Draco 10,37,0.192035,45646,22022,6,1.15221,
/os_cloud_node/points_decim_1,Draco 10,38,0.192857,45296,22006,6,1.15714,
/os_cloud_node/points_decim_1,Draco 10,39,0.179656,46719,22453,6,1.07793,
/os_cloud_node/points_decim_1,Draco 10,40,0.191311,46993,22158,6,1.14786,
/os_cloud_node/points_decim_1,Draco 10,41,0.190112,46196,21857,6,1.14067,
/os_cloud_node/points_decim_1,Draco 10,42,0.188862,45636,22114,6,1.13317,
/os_cloud_node/points_decim_1,Draco 10,43,0.193676,44884,21571,6,1.16206,
/os_cloud_node/points_decim_1,Draco 10,44,0.193355,45245,21792,6,1.16013,
/os_cloud_node/points_decim_1,Draco 10,45,0.193573,45685,21901,6,1.16144,
/os_cloud_node/points_decim_1,Draco 10,46,0.192395,45515,21761,6,1.15437,
/os_cloud_node/points_decim_1,Draco 10,47,0.192914,45641,21889,6,1.15748,
/os_cloud_node/points_decim_1,Draco 10,48,0.192123,46047,22100,6,1.15274,
/os_cloud_node/points_decim_1,Draco 10,49,0.192799,46981,22673,6,1.15679,
/os_cloud_node/points_decim_1,Draco 10,50,0.187296,45321,21700,6,1.12378,
/os_cloud_node/points_decim_1,Draco 10,51,0.18792,46446,22886,6,1.12752,
/os_cloud_node/points_decim_1,Draco 10,52,0.187367,47584,23003,6,1.1242,
/os_cloud_node/points_decim_1,Draco 10,53,0.177627,45131,21406,6,1.06576,
/os_cloud_node/points_decim_1,Draco 10,54,0.180083,46294,21764,6,1.0805,
/os_cloud_node/points_decim_1,Draco 10,55,0.178299,45502,21866,6,1.0698,
/os_cloud_node/points_decim_1,Draco 10,56,0.180099,46854,22450,6,1.0806,
/os_cloud_node/points_decim_1,Draco 10,57,0.17919,46528,22244,6,1.07514,
/os_cloud_node/points_decim_1,Draco 10,58,0.180623,45563,21613,6,1.08374,
/os_cloud_node/points_decim_1,Draco 10,59,0.181167,44610,21157,6,1.087,
/os_cloud_node/points_decim_1,Draco 10,60,0.180007,46034,21820,6,1.08004,
/os_cloud_node/points_decim_1,Draco 10,61,0.184069,46058,22158,6,1.10441,
/os_cloud_node/points_decim_1,Draco 10,62,0.180971,45445,21862,6,1.08583,
/os_cloud_node/points_decim_1,Draco 10,63,0.184819,45333,22229,6,1.10891,
/os_cloud_node/points_decim_1,Draco 10,64,0.182166,45281,21463,6,1.09299,
/os_cloud_node/points_decim_1,Draco 10,65,0.18388,45738,22360,6,1.10328,
/os_cloud_node/points_decim_1,Draco 10,66,0.180347,46418,22192,6,1.08208,
/os_cloud_node/points_decim_1,Draco 10,67,0.176745,45073,21604,6,1.06047,
/os_cloud_node/points_decim_1,Draco 10,68,0.17849,47108,22250,6,1.07094,
/os_cloud_node/points_decim_1,Draco 10,69,0.178172,45543,21281,6,1.06903,
/os_cloud_node/points_decim_1,Draco 10,70,0.181108,46148,21768,6,1.08665,
/os_cloud_node/points_decim_1,Draco 10,71,0.177984,46020,22300,6,1.0679,
/os_cloud_node/points_decim_1,Draco 10,72,0.178245,45816,22025,6,1.06947,
/os_cloud_node/points_decim_1,Draco 10,73,0.178366,45372,21300,6,1.07019,
/os_cloud_node/points_decim_1,Draco 10,74,0.181693,45477,21424,6,1.09016,
/os_cloud_node/points_decim_1,Draco 10,75,0.179657,45183,21840,6,1.07794,
/os_cloud_node/points_decim_1,Draco 10,76,0.179728,47905,22561,6,1.07837,
/os_cloud_node/points_decim_1,Draco 10,77,0.184039,47214,23352,6,1.10424,
/os_cloud_node/points_decim_1,Draco 10,78,0.181919,45412,21704,6,1.09151,
/os_cloud_node/points_decim_1,Draco 10,79,0.182196,45988,21772,6,1.09317,
/os_cloud_node/points_decim_1,Draco 10,80,0.185345,45623,21770,6,1.11207,
/os_cloud_node/points_decim_1,Draco 10,81,0.185105,49141,22510,6,1.11063,
/os_cloud_node/points_decim_1,Draco 10,82,0.185551,45841,21834,6,1.1133,
/os_cloud_node/points_decim_1,Draco 10,83,0.186773,46318,22579,6,1.12064,
/os_cloud_node/points_decim_1,Draco 10,84,0.186104,47833,22371,6,1.11663,
/os_cloud_node/points_decim_1,Draco 10,85,0.187365,46574,22034,6,1.12419,
/os_cloud_node/points_decim_1,Draco 10,86,0.18516,47228,21943,6,1.11096,
/os_cloud_node/points_decim_1,Draco 10,87,0.184491,45515,21932,6,1.10695,
/os_cloud_node/points_decim_1,Draco 10,88,0.183682,45016,21765,6,1.10209,
/os_cloud_node/points_decim_1,Draco 10,89,0.185828,46297,22403,6,1.11497,
/os_cloud_node/points_decim_1,Draco 10,90,0.187047,44319,21711,6,1.12228,
/os_cloud_node/points_decim_1,Draco 10,91,0.187015,44749,21563,6,1.12209,
/os_cloud_node/points_decim_1,Draco 10,92,0.18738,45015,21726,6,1.12428,
/os_cloud_node/points_decim_1,Draco 10,93,0.187509,44934,21826,6,1.12506,
/os_cloud_node/points_decim_1,Draco 10,94,0.189913,45343,21664,6,1.13948,
/os_cloud_node/points_decim_1,Draco 10,95,0.191629,45115,21709,6,1.14977,
/os_cloud_node/points_decim_1,Draco 10,96,0.189598,44867,22075,6,1.13759,
/os_cloud_node/points_decim_1,Draco 10,97,0.188332,45858,22321,6,1.12999,
/os_cloud_node/points_decim_1,Draco 10,98,0.190594,46388,22210,6,1.14357,
/os_cloud_node/points_decim_1,Draco 10,99,0.187654,47028,22385,6,1.12593,
/os_cloud_node/points_decim_1,Draco 10,100,0.190016,46910,22354,6,1.1401,
/os_cloud_node/points_decim_1,Draco 10,101,0.188347,46642,22455,6,1.13008,
/os_cloud_node/points_decim_1,Draco 10,102,0.186978,45307,21822,6,1.12187,
/os_cloud_node/points_decim_1,Draco 10,103,0.192375,46528,22946,6,1.15425,
/os_cloud_node/points_decim_1,Draco 10,104,0.194378,47106,23290,6,1.16627,
/os_cloud_node/points_decim_1,Draco 10,105,0.192097,46068,22806,6,1.15258,
/os_cloud_node/points_decim_1,Draco 10,106,0.190353,45714,22050,6,1.14212,
/os_cloud_node/points_decim_1,Draco 10,107,0.189954,45599,21583,6,1.13972,
/os_cloud_node/points_decim_1,Draco 10,108,0.189593,45877,21860,6,1.13756,
/os_cloud_node/points_decim_1,Draco 10,109,0.190006,46098,22592,6,1.14004,
/os_cloud_node/points_decim_1,Draco 10,110,0.18835,45479,21896,6,1.1301,
/os_cloud_node/points_decim_1,Draco 10,111,0.189351,46032,22017,6,1.1361,
/os_cloud_node/points_decim_1,Draco 10,112,0.191292,44833,21563,6,1.14775,
/os_cloud_node/points_decim_1,Draco 10,113,0.189201,44598,21757,6,1.1352,
/os_cloud_node/points_decim_1,Draco 10,114,0.189427,46936,22266,6,1.13656,
/os_cloud_node/points_decim_1,Draco 10,115,0.189463,44936,21970,6,1.13678,
/os_cloud_node/points_decim_1,Draco 10,116,0.188334,44790,21522,6,1.13,
/os_cloud_node/points_decim_1,Draco 10,117,0.189127,45282,21803,6,1.13476,
/os_cloud_node/points_decim_1,Draco 10,118,0.188892,45759,22495,6,1.13335,
/os_cloud_node/points_decim_1,Draco 10,119,0.186316,45938,22309,6,1.1179,
/os_cloud_node/points_decim_1,Draco 10,120,0.187684,46431,22302,6,1.12611,
/os_cloud_node/points_decim_1,Draco 10,121,0.19036,45590,22189,6,1.14216,
/os_cloud_node/points_decim_1,Draco 10,122,0.189617,45931,22359,6,1.1377,
/os_cloud_node/points_decim_1,Draco 10,123,0.188488,47498,22352,6,1.13093,
/os_cloud_node/points_decim_1,Draco 10,124,0.189164,45479,21684,6,1.13498,
/os_cloud_node/points_decim_1,Draco 10,125,0.18967,45446,21801,6,1.13802,
/os_cloud_node/points_decim_1,Draco 10,126,0.187496,45248,22192,6,1.12498,
/os_cloud_node/points_decim_1,Draco 10,127,0.188289,46227,21905,6,1.12974,
/os_cloud_node/points_decim_1,Draco 10,128,0.187816,47301,22385,6,1.12689,
/os_cloud_node/points_decim_1,Draco 10,129,0.187373,46263,21989,6,1.12424,
/os_cloud_node/points_decim_1,Draco 10,130,0.18712,46385,21975,6,1.12272,
/os_cloud_node/points_decim_1,Draco 10,131,0.187818,45407,21752,6,1.12691,
/os_cloud_node/points_decim_1,Draco 10,132,0.186844,46159,22010,6,1.12107,
/os_cloud_node/points_decim_1,Draco 10,133,0.187921,45961,21869,6,1.12752,
/os_cloud_node/points_decim_1,Draco 10,134,0.187428,45573,21687,6,1.12457,
/os_cloud_node/points_decim_1,Draco 10,135,0.188396,45761,21847,6,1.13037,
/os_cloud_node/points_decim_1,Draco 10,136,0.189487,46228,22116,6,1.13692,
/os_cloud_node/points_decim_1,Draco 10,137,0.190959,46982,22719,6,1.14575,
/os_cloud_node/points_decim_1,Draco 10,138,0.191017,46609,22624,6,1.1461,
/os_cloud_node/points_decim_1,Draco 10,139,0.191021,45717,22194,6,1.14612,
/os_cloud_node/points_decim_1,Draco 10,140,0.192826,45971,22081,6,1.15696,
/os_cloud_node/points_decim_1,Draco 10,141,0.192467,45684,22592,6,1.1548,
/os_cloud_node/points_decim_1,Draco 10,142,0.190469,46342,22780,6,1.14281,
/os_cloud_node/points_decim_1,Draco 10,143,0.178672,45632,21912,6,1.07203,
/os_cloud_node/points_decim_1,Draco 10,144,0.19159,46237,21863,6,1.14954,
/os_cloud_node/points_decim_1,Draco 10,145,0.192452,45573,21951,6,1.15471,
/os_cloud_node/points_decim_1,Draco 10,146,0.192235,45465,21933,6,1.15341,
/os_cloud_node/points_decim_1,Draco 10,147,0.192315,46747,22927,6,1.15389,
/os_cloud_node/points_decim_1,Draco 10,148,0.189151,45788,22249,6,1.13491,
/os_cloud_node/points_decim_1,Draco 10,149,0.189095,46128,22377,6,1.13457,
/os_cloud_node/points_decim_1,Draco 10,150,0.189691,45599,22067,6,1.13814,
/os_cloud_node/points_decim_1,Draco 10,151,0.188883,45227,21184,6,1.1333,
/os_cloud_node/points_decim_1,Draco 10,152,0.190346,45828,23612,6,1.14208,
/os_cloud_node/points_decim_1,Draco 10,153,0.19089,46283,22365,6,1.14534,
/os_cloud_node/points_decim_1,Draco 10,154,0.195565,45638,22484,6,1.17339,
/os_cloud_node/points_decim_1,Draco 10,155,0.192776,45703,22034,6,1.15666,
/os_cloud_node/points_decim_1,Draco 10,156,0.190928,45683,22597,6,1.14557,
/os_cloud_node/points_decim_1,Draco 10,157,0.190719,45781,21932,6,1.14431,
/os_cloud_node/points_decim_1,Draco 10,158,0.193774,46920,22719,6,1.16264,
/os_cloud_node/points_decim_1,Draco 10,159,0.189929,46564,22556,6,1.13958,
/os_cloud_node/points_decim_1,Draco 10,160,0.191929,46192,22068,6,1.15157,
/os_cloud_node/points_decim_1,Draco 10,161,0.191062,46138,22752,6,1.14637,
/os_cloud_node/points_decim_1,Draco 10,162,0.188658,46711,22069,6,1.13195,
/os_cloud_node/points_decim_1,Draco 10,163,0.188707,45238,22020,6,1.13224,
/os_cloud_node/points_decim_1,Draco 10,164,0.187028,45010,21742,6,1.12217,
/os_cloud_node/points_decim_1,Draco 10,165,0.18798,45774,21922,6,1.12788,
/os_cloud_node/points_decim_1,Draco 10,166,0.186755,44945,21931,6,1.12053,
/os_cloud_node/points_decim_1,Draco 10,167,0.184933,46505,22640,6,1.1096,
/os_cloud_node/points_decim_1,Draco 10,168,0.185092,45967,22324,6,1.11055,
/os_cloud_node/points_decim_1,Draco 10,169,0.185705,45211,22076,6,1.11423,
/os_cloud_node/points_decim_1,Draco 10,170,0.185167,46002,21960,6,1.111,
/os_cloud_node/points_decim_1,Draco 10,171,0.185215,46096,22281,6,1.11129,
/os_cloud_node/points_decim_1,Draco 10,172,0.186057,46145,22331,6,1.11634,
/os_cloud_node/points_decim_1,Draco 10,173,0.186991,47060,22601,6,1.12195,
/os_cloud_node/points_decim_1,Draco 10,174,0.187939,46278,21887,6,1.12763,
/os_cloud_node/points_decim_1,Draco 10,175,0.188057,47535,22492,6,1.12834,
/os_cloud_node/points_decim_1,Draco 10,176,0.189198,46970,22450,6,1.13519,
/os_cloud_node/points_decim_1,Draco 10,177,0.189246,46349,22217,6,1.13548,
/os_cloud_node/points_decim_1,Draco 10,178,0.188799,47767,22970,6,1.13279,
/os_cloud_node/points_decim_1,Draco 10,179,0.188185,47398,22818,6,1.12911,
/os_cloud_node/points_decim_1,Draco 10,180,0.188081,46643,22439,6,1.12849,
/os_cloud_node/points_decim_1,Draco 10,181,0.181706,45576,21964,6,1.09024,
/os_cloud_node/points_decim_1,Draco 10,182,0.179144,45673,21875,6,1.07487,
/os_cloud_node/points_decim_1,Draco 10,183,0.180932,46590,22567,6,1.08559,
/os_cloud_node/points_decim_1,Draco 10,184,0.178531,45911,21673,6,1.07119,
/os_cloud_node/points_decim_1,Draco 10,185,0.179178,45715,22099,6,1.07507,
/os_cloud_node/points_decim_1,Draco 10,186,0.177861,45419,21536,6,1.06717,
/os_cloud_node/points_decim_1,Draco 10,187,0.181288,44840,21503,6,1.08773,
/os_cloud_node/points_decim_1,Draco 10,188,0.184559,46029,22333,6,1.10736,
/os_cloud_node/points_decim_1,Draco 10,189,0.185352,46640,22311,6,1.11211,
/os_cloud_node/points_decim_1,Draco 10,190,0.186756,45674,22220,6,1.12054,
/os_cloud_node/points_decim_1,Draco 10,191,0.187097,46266,22664,6,1.12258,
/os_cloud_node/points_decim_1,Draco 10,192,0.186443,46637,22348,6,1.11866,
/os_cloud_node/points_decim_1,Draco 10,193,0.183644,46315,22824,6,1.10187,
/os_cloud_node/points_decim_1,Draco 10,194,0.17811,45749,21903,6,1.06866,
/os_cloud_node/points_decim_1,Draco 10,195,0.177755,46368,21967,6,1.06653,
/os_cloud_node/points_decim_1,Draco 10,196,0.177355,45776,21146,6,1.06413,
/os_cloud_node/points_decim_1,Draco 10,197,0.180674,45154,21224,6,1.08404,
/os_cloud_node/points_decim_1,Draco 10,198,0.180534,45667,21626,6,1.08321,
/os_cloud_node/points_decim_1,Draco 10,199,0.182768,46090,21809,6,1.09661,
/os_cloud_node/points_decim_1,Draco 10,200,0.182782,46395,22502,6,1.09669,
/os_cloud_node/points_decim_1,Draco 10,201,0.179341,45448,21603,6,1.07605,
/os_cloud_node/points_decim_1,Draco 10,202,0.191,46434,22370,6,1.146,
/os_cloud_node/points_decim_1,Draco 10,203,0.190452,45584,21548,6,1.14271,
/os_cloud_node/points_decim_1,Draco 10,204,0.189936,46188,22175,6,1.13961,
/os_cloud_node/points_decim_1,Draco 10,205,0.193108,46600,22564,6,1.15865,
/os_cloud_node/points_decim_1,Draco 10,206,0.196346,46110,22170,6,1.17808,
/os_cloud_node/points_decim_1,Draco 10,207,0.198999,47813,22849,6,1.19399,
/os_cloud_node/points_decim_1,Draco 10,208,0.195491,46329,21884,6,1.17295,
/os_cloud_node/points_decim_1,Draco 10,209,0.194968,45824,22250,6,1.16981,
/os_cloud_node/points_decim_1,Draco 10,210,0.194525,45809,22228,6,1.16715,
/os_cloud_node/points_decim_1,Draco 10,211,0.194397,46006,22570,6,1.16638,
/os_cloud_node/points_decim_1,Draco 10,212,0.191751,46502,22148,6,1.15051,
/os_cloud_node/points_decim_1,Draco 10,213,0.19219,45944,22310,6,1.15314,
/os_cloud_node/points_decim_1,Draco 10,214,0.193115,45731,21679,6,1.15869,
/os_cloud_node/points_decim_1,Draco 10,215,0.194466,45924,22347,6,1.1668,
/os_cloud_node/points_decim_1,Draco 10,216,0.193519,46639,22500,6,1.16112,
/os_cloud_node/points_decim_1,Draco 10,217,0.19298,48538,23188,6,1.15788,
/os_cloud_node/points_decim_1,Draco 10,218,0.192416,46626,22113,6,1.15449,
/os_cloud_node/points_decim_1,Draco 10,219,0.192567,46494,22552,6,1.1554,
/os_cloud_node/points_decim_1,Draco 10,220,0.184681,45781,21807,6,1.10809,
/os_cloud_node/points_decim_1,Draco 10,221,0.18694,45944,22438,6,1.12164,
/os_cloud_node/points_decim_1,Draco 10,222,0.188741,47265,22495,6,1.13245,
/os_cloud_node/points_decim_1,Draco 10,223,0.18978,46829,22440,6,1.13868,
/os_cloud_node/points_decim_1,Draco 10,224,0.191162,46783,22763,6,1.14697,
/os_cloud_node/points_decim_1,Draco 10,225,0.197842,47326,23404,6,1.18705,
/os_cloud_node/points_decim_1,Draco 10,226,0.20489,50004,23792,6,1.22934,
/os_cloud_node/points_decim_1,Draco 10,227,0.210523,48187,23468,6,1.26314,
/os_cloud_node/points_decim_1,Draco 10,228,0.214208,48563,23499,6,1.28525,
/os_cloud_node/points_decim_1,Draco 10,229,0.216462,48843,24201,6,1.29877,
/os_cloud_node/points_decim_1,Draco 10,230,0.217125,49669,24541,6,1.30275,
/os_cloud_node/points_decim_1,Draco 10,231,0.215572,51671,25781,6,1.29343,
/os_cloud_node/points_decim_1,Draco 10,232,0.218672,48885,23933,6,1.31203,
/os_cloud_node/points_decim_1,Draco 10,233,0.219461,48887,24323,6,1.31677,
/os_cloud_node/points_decim_1,Draco 10,234,0.218105,48924,24211,6,1.30863,
/os_cloud_node/points_decim_1,Draco 10,235,0.217106,49101,24214,6,1.30263,
/os_cloud_node/points_decim_1,Draco 10,236,0.216243,49859,24462,6,1.29746,
/os_cloud_node/points_decim_1,Draco 10,237,0.215868,48834,24087,6,1.29521,
/os_cloud_node/points_decim_1,Draco 10 + ZSTD,0,0.194826,55858,26901,6,1.16896,
/os_cloud_node/points_decim_1,Draco 10 + ZSTD,1,0.19491,55256,25960,6,1.16946,
/os_cloud_node/points_decim_1,Draco 10 + ZSTD,2,0.19477,55082,25619,6,1.16862,
/os_cloud_node/points_decim_1,Draco 10 + ZSTD,3,0.195474,56304,25661,6,1.17284,
/os_cloud_node/points_decim_1,Draco 10 + ZSTD,4,0.194254,55735,26273,6,1.16552,
/os_cloud_node/points_decim_1,Draco 10 + ZSTD,5,0.195667,55698,25940,6,1.174,
/os_cloud_node/points_decim_1,Draco 10 + ZSTD,6,0.199745,54642,25149,6,1.19847,
/os_cloud_node/points_decim_1,Draco 10 + ZSTD,7,0.200921,54835,25191,6,1.20553,
/os_cloud_node/points_decim_1,Draco 10 + ZSTD,8,0.201424,54451,25590,6,1.20854,
/os_cloud_node/points_decim_1,Draco 10 + ZSTD,9,0.20305,53702,26013,6,1.2183,
/os_cloud_node/points_decim_1,Draco 10 + ZSTD,10,0.200282,54463,25414,6,1.20169,
/os_cloud_node/points_decim_1,Draco 10 + ZSTD,11,0.20163,56193,25464,6,1.20978,
/os_cloud_node/points_decim_1,Draco 10 + ZSTD,12,0.199678,53253,25376,6,1.19807,
/os_cloud_node/points_decim_1,Draco 10 + ZSTD,13,0.197197,52879,24300,6,1.18318,
/os_cloud_node/points_decim_1,Draco 10 + ZSTD,14,0.193319,52453,23753,6,1.15992,
/os_cloud_node/points_decim_1,Draco 10 + ZSTD,15,0.186451,51659,23791,6,1.11871,
/os_cloud_node/points_decim_1,Draco 10 + ZSTD,16,0.180103,50779,23172,6,1.08062,
/os_cloud_node/points_decim_1,Draco 10 + ZSTD,17,0.1746,50274,22997,6,1.0476,
/os_cloud_node/points_decim_1,Draco 10 + ZSTD,18,0.171471,50434,23073,6,1.02883,
/os_cloud_node/points_decim_1,Draco 10 + ZSTD,19,0.170122,51114,23096,6,1.02073,
/os_cloud_node/points_decim_1,Draco 10 + ZSTD,20,0.170647,50861,23233,6,1.02388,
/os_cloud_node/points_decim_1,Draco 10 + ZSTD,21,0.171532,50805,23000,6,1.02919,
/os_cloud_node/points_decim_1,Draco 10 + ZSTD,22,0.172366,49813,22979,6,1.03419,
/os_cloud_node/points_decim_1,Draco 10 + ZSTD,23,0.172836,49866,23105,6,1.03701,
/os_cloud_node/points_decim_1,Draco 10 + ZSTD,24,0.172656,49804,22916,6,1.03593,
/os_cloud_node/points_decim_1,Draco 10 + ZSTD,25,0.174152,49808,23009,6,1.04491,
/os_cloud_node/points_decim_1,Draco 10 + ZSTD,26,0.175072,50056,23134,6,1.05043,
/os_cloud_node/points_decim_1,Draco 10 + ZSTD,27,0.173169,51439,23574,6,1.03902,
/os_cloud_node/points_decim_1,Draco 10 + ZSTD,28,0.173876,51727,23746,6,1.04326,
/os_cloud_node/points_decim_1,Draco 10 + ZSTD,29,0.175234,51264,23638,6,1.05141,
/os_cloud_node/points_decim_1,Draco 10 + ZSTD,30,0.17505,51407,23963,6,1.0503,
/os_cloud_node/points_decim_1,Draco 10 + ZSTD,31,0.176701,52939,24092,6,1.0602,
/os_cloud_node/points_decim_1,Draco 10 + ZSTD,32,0.177389,51632,23687,6,1.06434,
/os_cloud_node/points_decim_1,Draco 10 + ZSTD,33,0.170241,50445,23237,6,1.02145,
/os_cloud_node/points_decim_1,Draco 10 + ZSTD,34,0.171285,50256,22561,6,1.02771,
/os_cloud_node/points_decim_1,Draco 10 + ZSTD,35,0.173729,51865,24501,6,1.04238,
/os_cloud_node/points_decim_1,Draco 10 + ZSTD,36,0.175158,50405,22966,6,1.05095,
/os_cloud_node/points_decim_1,Draco 10 + ZSTD,37,0.178137,49823,22806,6,1.06882,
/os_cloud_node/points_decim_1,Draco 10 + ZSTD,38,0.178952,50157,22848,6,1.07371,
/os_cloud_node/points_decim_1,Draco 10 + ZSTD,39,0.166797,50668,23090,6,1.00078,
/os_cloud_node/points_decim_1,Draco 10 + ZSTD,40,0.17774,51424,22858,6,1.06644,
/os_cloud_node/points_decim_1,Draco 10 + ZSTD,41,0.176205,50823,22547,6,1.05723,
/os_cloud_node/points_decim_1,Draco 10 + ZSTD,42,0.175666,50082,22786,6,1.054,
/os_cloud_node/points_decim_1,Draco 10 + ZSTD,43,0.180136,49208,22278,6,1.08082,
/os_cloud_node/points_decim_1,Draco 10 + ZSTD,44,0.179567,49393,22506,6,1.0774,
/os_cloud_node/points_decim_1,Draco 10 + ZSTD,45,0.179462,49990,22637,6,1.07677,
/os_cloud_node/points_decim_1,Draco 10 + ZSTD,46,0.178688,49738,22476,6,1.07213,
/os_cloud_node/points_decim_1,Draco 10 + ZSTD,47,0.178381,50170,22613,6,1.07028,
/os_cloud_node/points_decim_1,Draco 10 + ZSTD,48,0.177791,50559,22782,6,1.06674,
/os_cloud_node/points_decim_1,Draco 10 + ZSTD,49,0.176987,51691,23476,6,1.06192,
/os_cloud_node/points_decim_1,Draco 10 + ZSTD,50,0.172146,49742,22437,6,1.03288,
/os_cloud_node/points_decim_1,Draco 10 + ZSTD,51,0.171943,50953,23640,6,1.03166,
/os_cloud_node/points_decim_1,Draco 10 + ZSTD,52,0.171804,52154,23773,6,1.03082,
/os_cloud_node/points_decim_1,Draco 10 + ZSTD,53,0.163085,49509,22073,6,0.978509,
/os_cloud_node/points_decim_1,Draco 10 + ZSTD,54,0.166499,50178,22367,6,0.998992,
/os_cloud_node/points_decim_1,Draco 10 + ZSTD,55,0.164116,49626,22517,6,0.984697,
/os_cloud_node/points_decim_1,Draco 10 + ZSTD,56,0.16668,50482,23071,6,1.00008,
/os_cloud_node/points_decim_1,Draco 10 + ZSTD,57,0.166031,50046,22810,6,0.996188,
/os_cloud_node/points_decim_1,Draco 10 + ZSTD,58,0.167754,49097,22154,6,1.00653,
/os_cloud_node/points_decim_1,Draco 10 + ZSTD,59,0.16719,48901,21878,6,1.00314,
/os_cloud_node/points_decim_1,Draco 10 + ZSTD,60,0.165998,50862,22538,6,0.995987,
/os_cloud_node/points_decim_1,Draco 10 + ZSTD,61,0.16834,51229,22994,6,1.01004,
/os_cloud_node/points_decim_1,Draco 10 + ZSTD,62,0.165821,51283,22669,6,0.994925,
/os_cloud_node/points_decim_1,Draco 10 + ZSTD,63,0.170922,49563,22957,6,1.02553,
/os_cloud_node/points_decim_1,Draco 10 + ZSTD,64,0.16947,49251,22028,6,1.01682,
/os_cloud_node/points_decim_1,Draco 10 + ZSTD,65,0.17044,49861,23070,6,1.02264,
/os_cloud_node/points_decim_1,Draco 10 + ZSTD,66,0.167238,49866,22845,6,1.00343,
/os_cloud_node/points_decim_1,Draco 10 + ZSTD,67,0.163994,48777,22143,6,0.983962,
/os_cloud_node/points_decim_1,Draco 10 + ZSTD,68,0.164512,51079,22857,6,0.987073,
/os_cloud_node/points_decim_1,Draco 10 + ZSTD,69,0.1644,49789,21902,6,0.986398,
/os_cloud_node/points_decim_1,Draco 10 + ZSTD,70,0.167469,49984,22362,6,1.00481,
/os_cloud_node/points_decim_1,Draco 10 + ZSTD,71,0.163529,50011,22958,6,0.981174,
/os_cloud_node/points_decim_1,Draco 10 + ZSTD,72,0.164246,50061,22619,6,0.985476,
/os_cloud_node/points_decim_1,Draco 10 + ZSTD,73,0.164724,49559,21883,6,0.988345,
/os_cloud_node/points_decim_1,Draco 10 + ZSTD,74,0.167731,49718,22027,6,1.00639,
/os_cloud_node/points_decim_1,Draco 10 + ZSTD,75,0.165394,49577,22468,6,0.992367,
/os_cloud_node/points_decim_1,Draco 10 + ZSTD,76,0.165226,52538,23172,6,0.991357,
/os_cloud_node/points_decim_1,Draco 10 + ZSTD,77,0.169135,51835,24037,6,1.01481,
/os_cloud_node/points_decim_1,Draco 10 + ZSTD,78,0.168019,50103,22339,6,1.00811,
/os_cloud_node/points_decim_1,Draco 10 + ZSTD,79,0.167572,50130,22442,6,1.00543,
/os_cloud_node/points_decim_1,Draco 10 + ZSTD,80,0.171817,49706,22387,6,1.0309,
/os_cloud_node/points_decim_1,Draco 10 + ZSTD,81,0.170872,53397,23232,6,1.02523,
/os_cloud_node/points_decim_1,Draco 10 + ZSTD,82,0.171428,49821,22512,6,1.02857,
/os_cloud_node/points_decim_1,Draco 10 + ZSTD,83,0.172724,50427,23212,6,1.03635,
/os_cloud_node/points_decim_1,Draco 10 + ZSTD,84,0.17236,51909,23017,6,1.03416,
/os_cloud_node/points_decim_1,Draco 10 + ZSTD,85,0.172459,50948,22703,6,1.03476,
/os_cloud_node/points_decim_1,Draco 10 + ZSTD,86,0.171312,51627,22590,6,1.02787,
/os_cloud_node/points_decim_1,Draco 10 + ZSTD,87,0.171013,49512,22553,6,1.02608,
/os_cloud_node/points_decim_1,Draco 10 + ZSTD,88,0.170208,49360,22347,6,1.02125,
/os_cloud_node/points_decim_1,Draco 10 + ZSTD,89,0.172038,50737,23023,6,1.03223,
/os_cloud_node/points_decim_1,Draco 10 + ZSTD,90,0.173609,48219,22364,6,1.04165,
/os_cloud_node/points_decim_1,Draco 10 + ZSTD,91,0.173389,48743,22180,6,1.04033,
/os_cloud_node/points_decim_1,Draco 10 + ZSTD,92,0.173531,49359,22382,6,1.04119,
/os_cloud_node/points_decim_1,Draco 10 + ZSTD,93,0.174237,48949,22413,6,1.04542,
/os_cloud_node/points_decim_1,Draco 10 + ZSTD,94,0.177148,49055,22247,6,1.06289,
/os_cloud_node/points_decim_1,Draco 10 + ZSTD,95,0.1782,49131,22324,6,1.0692,
/os_cloud_node/points_decim_1,Draco 10 + ZSTD,96,0.17517,48879,22741,6,1.05102,
/os_cloud_node/points_decim_1,Draco 10 + ZSTD,97,0.175022,50032,22947,6,1.05013,
/os_cloud_node/points_decim_1,Draco 10 + ZSTD,98,0.177337,50488,22827,6,1.06402,
/os_cloud_node/points_decim_1,Draco 10 + ZSTD,99,0.173496,51590,23055,6,1.04097,
/os_cloud_node/points_decim_1,Draco 10 + ZSTD,100,0.176068,51463,23040,6,1.05641,
/os_cloud_node/points_decim_1,Draco 10 + ZSTD,101,0.173825,50961,23148,6,1.04295,
/os_cloud_node/points_decim_1,Draco 10 + ZSTD,102,0.17211,49878,22566,6,1.03266,
/os_cloud_node/points_decim_1,Draco 10 + ZSTD,103,0.177545,51131,23711,6,1.06527,
/os_cloud_node/points_decim_1,Draco 10 + ZSTD,104,0.180601,50963,24039,6,1.08361,
/os_cloud_node/points_decim_1,Draco 10 + ZSTD,105,0.178373,50229,23520,6,1.07024,
/os_cloud_node/points_decim_1,Draco 10 + ZSTD,106,0.176743,49391,22744,6,1.06046,
/os_cloud_node/points_decim_1,Draco 10 + ZSTD,107,0.176259,49173,22200,6,1.05755,
/os_cloud_node/points_decim_1,Draco 10 + ZSTD,108,0.17675,49451,22433,6,1.0605,
/os_cloud_node/points_decim_1,Draco 10 + ZSTD,109,0.176392,50330,23268,6,1.05835,
/os_cloud_node/points_decim_1,Draco 10 + ZSTD,110,0.173492,50033,22659,6,1.04095,
/os_cloud_node/points_decim_1,Draco 10 + ZSTD,111,0.173854,50965,22824,6,1.04313,
/os_cloud_node/points_decim_1,Draco 10 + ZSTD,112,0.176823,49383,22324,6,1.06094,
/os_cloud_node/points_decim_1,Draco 10 + ZSTD,113,0.174674,49211,22506,6,1.04804,
/os_cloud_node/points_decim_1,Draco 10 + ZSTD,114,0.17579,51460,22932,6,1.05474,
/os_cloud_node/points_decim_1,Draco 10 + ZSTD,115,0.176162,48890,22559,6,1.05697,
/os_cloud_node/points_decim_1,Draco 10 + ZSTD,116,0.175693,48889,22119,6,1.05416,
/os_cloud_node/points_decim_1,Draco 10 + ZSTD,117,0.175831,49263,22452,6,1.05498,
/os_cloud_node/points_decim_1,Draco 10 + ZSTD,118,0.174621,50106,23173,6,1.04773,
/os_cloud_node/points_decim_1,Draco 10 + ZSTD,119,0.171993,50584,23046,6,1.03196,
/os_cloud_node/points_decim_1,Draco 10 + ZSTD,120,0.17308,50662,22980,6,1.03848,
/os_cloud_node/points_decim_1,Draco 10 + ZSTD,121,0.175315,49974,22971,6,1.05189,
/os_cloud_node/points_decim_1,Draco 10 + ZSTD,122,0.175512,50232,23099,6,1.05307,
/os_cloud_node/points_decim_1,Draco 10 + ZSTD,123,0.174264,52135,23050,6,1.04559,
/os_cloud_node/points_decim_1,Draco 10 + ZSTD,124,0.175535,49539,22392,6,1.05321,
/os_cloud_node/points_decim_1,Draco 10 + ZSTD,125,0.176076,49763,22479,6,1.05646,
/os_cloud_node/points_decim_1,Draco 10 + ZSTD,126,0.174254,49191,22833,6,1.04552,
/os_cloud_node/points_decim_1,Draco 10 + ZSTD,127,0.173647,50580,22605,6,1.04188,
/os_cloud_node/points_decim_1,Draco 10 + ZSTD,128,0.173364,51697,23031,6,1.04019,
/os_cloud_node/points_decim_1,Draco 10 + ZSTD,129,0.172205,50696,22714,6,1.03323,
/os_cloud_node/points_decim_1,Draco 10 + ZSTD,130,0.173378,50436,22574,6,1.04027,
/os_cloud_node/points_decim_1,Draco 10 + ZSTD,131,0.174287,49359,22322,6,1.04572,
/os_cloud_node/points_decim_1,Draco 10 + ZSTD,132,0.173778,49863,22567,6,1.04267,
/os_cloud_node/points_decim_1,Draco 10 + ZSTD,133,0.173925,50266,22502,6,1.04355,
/os_cloud_node/points_decim_1,Draco 10 + ZSTD,134,0.173445,50099,22352,6,1.04067,
/os_cloud_node/points_decim_1,Draco 10 + ZSTD,135,0.17382,50293,22559,6,1.04292,
/os_cloud_node/points_decim_1,Draco 10 + ZSTD,136,0.174627,51046,22874,6,1.04776,
/os_cloud_node/points_decim_1,Draco 10 + ZSTD,137,0.176178,52060,23511,6,1.05707,
/os_cloud_node/points_decim_1,Draco 10 + ZSTD,138,0.175989,51722,23317,6,1.05593,
/os_cloud_node/points_decim_1,Draco 10 + ZSTD,139,0.176366,50256,22914,6,1.0582,
/os_cloud_node/points_decim_1,Draco 10 + ZSTD,140,0.17934,50179,22774,6,1.07604,
/os_cloud_node/points_decim_1,Draco 10 + ZSTD,141,0.179251,49864,23230,6,1.07551,
/os_cloud_node/points_decim_1,Draco 10 + ZSTD,142,0.17741,50600,23414,6,1.06446,
/os_cloud_node/points_decim_1,Draco 10 + ZSTD,143,0.166067,49194,22407,6,0.996401,
/os_cloud_node/points_decim_1,Draco 10 + ZSTD,144,0.178326,50333,22458,6,1.06995,
/os_cloud_node/points_decim_1,Draco 10 + ZSTD,145,0.177466,49653,22758,6,1.0648,
/os_cloud_node/points_decim_1,Draco 10 + ZSTD,146,0.178472,49822,22591,6,1.07083,
/os_cloud_node/points_decim_1,Draco 10 + ZSTD,147,0.178581,51235,23673,6,1.07148,
/os_cloud_node/points_decim_1,Draco 10 + ZSTD,148,0.1752,50027,22927,6,1.0512,
/os_cloud_node/points_decim_1,Draco 10 + ZSTD,149,0.17487,50510,23036,6,1.04922,
/os_cloud_node/points_decim_1,Draco 10 + ZSTD,150,0.175222,50056,22718,6,1.05133,
/os_cloud_node/points_decim_1,Draco 10 + ZSTD,151,0.175083,49207,21913,6,1.0505,
/os_cloud_node/points_decim_1,Draco 10 + ZSTD,152,0.176868,50471,24267,6,1.06121,
/os_cloud_node/points_decim_1,Draco 10 + ZSTD,153,0.17683,51073,23042,6,1.06098,
/os_cloud_node/points_decim_1,Draco 10 + ZSTD,154,0.182094,50044,23133,6,1.09257,
/os_cloud_node/points_decim_1,Draco 10 + ZSTD,155,0.178597,50331,22722,6,1.07158,
/os_cloud_node/points_decim_1,Draco 10 + ZSTD,156,0.17743,50323,23186,6,1.06458,
/os_cloud_node/points_decim_1,Draco 10 + ZSTD,157,0.177327,49969,22563,6,1.06396,
/os_cloud_node/points_decim_1,Draco 10 + ZSTD,158,0.179827,51517,23379,6,1.07896,
/os_cloud_node/points_decim_1,Draco 10 + ZSTD,159,0.175884,51243,23207,6,1.0553,
/os_cloud_node/points_decim_1,Draco 10 + ZSTD,160,0.178762,50514,22647,6,1.07257,
/os_cloud_node/points_decim_1,Draco 10 + ZSTD,161,0.17753,50565,23394,6,1.06518,
/os_cloud_node/points_decim_1,Draco 10 + ZSTD,162,0.174318,51101,22763,6,1.04591,
/os_cloud_node/points_decim_1,Draco 10 + ZSTD,163,0.174818,49677,22655,6,1.04891,
/os_cloud_node/points_decim_1,Draco 10 + ZSTD,164,0.173551,49068,22345,6,1.0413,
/os_cloud_node/points_decim_1,Draco 10 + ZSTD,165,0.174652,50053,22456,6,1.04791,
/os_cloud_node/points_decim_1,Draco 10 + ZSTD,166,0.173202,48749,22544,6,1.03921,
/os_cloud_node/points_decim_1,Draco 10 + ZSTD,167,0.171264,50754,23175,6,1.02759,
/os_cloud_node/points_decim_1,Draco 10 + ZSTD,168,0.171895,50235,22832,6,1.03137,
/os_cloud_node/points_decim_1,Draco 10 + ZSTD,169,0.172859,49279,22582,6,1.03715,
/os_cloud_node/points_decim_1,Draco 10 + ZSTD,170,0.171203,49923,22560,6,1.02722,
/os_cloud_node/points_decim_1,Draco 10 + ZSTD,171,0.171035,50138,22907,6,1.02621,
/os_cloud_node/points_decim_1,Draco 10 + ZSTD,172,0.171103,50246,23038,6,1.02662,
/os_cloud_node/points_decim_1,Draco 10 + ZSTD,173,0.173088,51449,23241,6,1.03853,
/os_cloud_node/points_decim_1,Draco 10 + ZSTD,174,0.174037,50451,22518,6,1.04422,
/os_cloud_node/points_decim_1,Draco 10 + ZSTD,175,0.174108,52175,23131,6,1.04465,
/os_cloud_node/points_decim_1,Draco 10 + ZSTD,176,0.175193,51498,23129,6,1.05116,
/os_cloud_node/points_decim_1,Draco 10 + ZSTD,177,0.174954,50810,22907,6,1.04972,
/os_cloud_node/points_decim_1,Draco 10 + ZSTD,178,0.174092,52455,23652,6,1.04455,
/os_cloud_node/points_decim_1,Draco 10 + ZSTD,179,0.172616,52110,23549,6,1.03569,
/os_cloud_node/points_decim_1,Draco 10 + ZSTD,180,0.172392,51622,23194,6,1.03435,
/os_cloud_node/points_decim_1,Draco 10 + ZSTD,181,0.167311,50277,22605,6,1.00386,
/os_cloud_node/points_decim_1,Draco 10 + ZSTD,182,0.164298,50288,22499,6,0.985788,
/os_cloud_node/points_decim_1,Draco 10 + ZSTD,183,0.167353,50862,23163,6,1.00412,
/os_cloud_node/points_decim_1,Draco 10 + ZSTD,184,0.164823,50317,22239,6,0.98894,
/os_cloud_node/points_decim_1,Draco 10 + ZSTD,185,0.16287,50799,22834,6,0.977218,
/os_cloud_node/points_decim_1,Draco 10 + ZSTD,186,0.163928,49914,22116,6,0.98357,
/os_cloud_node/points_decim_1,Draco 10 + ZSTD,187,0.167975,48672,22020,6,1.00785,
/os_cloud_node/points_decim_1,Draco 10 + ZSTD,188,0.170446,50492,22945,6,1.02267,
/os_cloud_node/points_decim_1,Draco 10 + ZSTD,189,0.169842,51715,22964,6,1.01905,
/os_cloud_node/points_decim_1,Draco 10 + ZSTD,190,0.171533,50403,22949,6,1.0292,
/os_cloud_node/points_decim_1,Draco 10 + ZSTD,191,0.169404,51663,23486,6,1.01642,
/os_cloud_node/points_decim_1,Draco 10 + ZSTD,192,0.166188,52471,23262,6,0.997126,
/os_cloud_node/points_decim_1,Draco 10 + ZSTD,193,0.166173,52530,23625,6,0.997041,
/os_cloud_node/points_decim_1,Draco 10 + ZSTD,194,0.164041,50412,22433,6,0.984245,
/os_cloud_node/points_decim_1,Draco 10 + ZSTD,195,0.163929,50438,22521,6,0.983575,
/os_cloud_node/points_decim_1,Draco 10 + ZSTD,196,0.164962,49530,21652,6,0.98977,
/os_cloud_node/points_decim_1,Draco 10 + ZSTD,197,0.167149,48681,21893,6,1.00289,
/os_cloud_node/points_decim_1,Draco 10 + ZSTD,198,0.165706,50917,22315,6,0.994239,
/os_cloud_node/points_decim_1,Draco 10 + ZSTD,199,0.169763,49855,22378,6,1.01858,
/os_cloud_node/points_decim_1,Draco 10 + ZSTD,200,0.169331,50721,23018,6,1.01599,
/os_cloud_node/points_decim_1,Draco 10 + ZSTD,201,0.167259,49020,22061,6,1.00355,
/os_cloud_node/points_decim_1,Draco 10 + ZSTD,202,0.176823,50547,23087,6,1.06094,
/os_cloud_node/points_decim_1,Draco 10 + ZSTD,203,0.177243,49219,22196,6,1.06346,
/os_cloud_node/points_decim_1,Draco 10 + ZSTD,204,0.175514,50908,22847,6,1.05308,
/os_cloud_node/points_decim_1,Draco 10 + ZSTD,205,0.179365,51034,23189,6,1.07619,
/os_cloud_node/points_decim_1,Draco 10 + ZSTD,206,0.182838,50259,22819,6,1.09703,
/os_cloud_node/points_decim_1,Draco 10 + ZSTD,207,0.185657,52182,23504,6,1.11394,
/os_cloud_node/points_decim_1,Draco 10 + ZSTD,208,0.181744,50824,22523,6,1.09046,
/os_cloud_node/points_decim_1,Draco 10 + ZSTD,209,0.181249,50110,22901,6,1.08749,
/os_cloud_node/points_decim_1,Draco 10 + ZSTD,210,0.181117,50188,22870,6,1.0867,
/os_cloud_node/points_decim_1,Draco 10 + ZSTD,211,0.180831,50351,23243,6,1.08498,
/os_cloud_node/points_decim_1,Draco 10 + ZSTD,212,0.178715,50995,22798,6,1.07229,
/os_cloud_node/points_decim_1,Draco 10 + ZSTD,213,0.178048,50497,23060,6,1.06829,
/os_cloud_node/points_decim_1,Draco 10 + ZSTD,214,0.179871,50008,22367,6,1.07923,
/os_cloud_node/points_decim_1,Draco 10 + ZSTD,215,0.180587,50190,23083,6,1.08352,
/os_cloud_node/points_decim_1,Draco 10 + ZSTD,216,0.17898,51450,23248,6,1.07388,
/os_cloud_node/points_decim_1,Draco 10 + ZSTD,217,0.176813,54132,24081,6,1.06088,
/os_cloud_node/points_decim_1,Draco 10 + ZSTD,218,0.178453,51522,22879,6,1.07072,
/os_cloud_node/points_decim_1,Draco 10 + ZSTD,219,0.178686,50474,23222,6,1.07212,
/os_cloud_node/points_decim_1,Draco 10 + ZSTD,220,0.171272,49892,22535,6,1.02763,
/os_cloud_node/points_decim_1,Draco 10 + ZSTD,221,0.1737,50231,23058,6,1.0422,
/os_cloud_node/points_decim_1,Draco 10 + ZSTD,222,0.173118,51834,23204,6,1.03871,
/os_cloud_node/points_decim_1,Draco 10 + ZSTD,223,0.174213,51159,23151,6,1.04528,
/os_cloud_node/points_decim_1,Draco 10 + ZSTD,224,0.174993,51085,23554,6,1.04996,
/os_cloud_node/points_decim_1,Draco 10 + ZSTD,225,0.181156,51817,24254,6,1.08694,
/os_cloud_node/points_decim_1,Draco 10 + ZSTD,226,0.188534,54859,24698,6,1.1312,
/os_cloud_node/points_decim_1,Draco 10 + ZSTD,227,0.193066,53037,24449,6,1.1584,
/os_cloud_node/points_decim_1,Draco 10 + ZSTD,228,0.198651,53149,24414,6,1.19191,
/os_cloud_node/points_decim_1,Draco 10 + ZSTD,229,0.202816,53423,25099,6,1.2169,
/os_cloud_node/points_decim_1,Draco 10 + ZSTD,230,0.201889,54340,25406,6,1.21133,
/os_cloud_node/points_decim_1,Draco 10 + ZSTD,231,0.197971,57054,26755,6,1.18783,
/os_cloud_node/points_decim_1,Draco 10 + ZSTD,232,0.202035,53834,24855,6,1.21221,
/os_cloud_node/points_decim_1,Draco 10 + ZSTD,233,0.201867,53142,25333,6,1.2112,
/os_cloud_node/points_decim_1,Draco 10 + ZSTD,234,0.200957,53861,25213,6,1.20574,
/os_cloud_node/points_decim_1,Draco 10 + ZSTD,235,0.201469,54018,25034,6,1.20881,
/os_cloud_node/points_decim_1,Draco 10 + ZSTD,236,0.198876,54982,25456,6,1.19326,
/os_cloud_node/points_decim_1,Draco 10 + ZSTD,237,0.199102,53740,24937,6,1.19461,
/os_cloud_node/points_decim_1,Draco 8,0,0.211103,50006,25021,6,1.26662,
/os_cloud_node/points_decim_1,Draco 8,1,0.211211,50715,25516,6,1.26726,
/os_cloud_node/points_decim_1,Draco 8,2,0.21115,50513,25070,6,1.2669,
/os_cloud_node/points_decim_1,Draco 8,3,0.211324,50582,25282,6,1.26794,
/os_cloud_node/points_decim_1,Draco 8,4,0.211874,50404,25249,6,1.27125,
/os_cloud_node/points_decim_1,Draco 8,5,0.212572,50920,25255,6,1.27543,
/os_cloud_node/points_decim_1,Draco 8,6,0.213309,50447,25013,6,1.27985,
/os_cloud_node/points_decim_1,Draco 8,7,0.214701,51036,25074,6,1.2882,
/os_cloud_node/points_decim_1,Draco 8,8,0.215105,50589,25952,6,1.29063,
/os_cloud_node/points_decim_1,Draco 8,9,0.215027,50081,25013,6,1.29016,
/os_cloud_node/points_decim_1,Draco 8,10,0.213772,50068,25063,6,1.28263,
/os_cloud_node/points_decim_1,Draco 8,11,0.212653,51635,25432,6,1.27592,
/os_cloud_node/points_decim_1,Draco 8,12,0.210426,49838,25683,6,1.26256,
/os_cloud_node/points_decim_1,Draco 8,13,0.206985,50261,24338,6,1.24191,
/os_cloud_node/points_decim_1,Draco 8,14,0.202497,49639,23891,6,1.21498,
/os_cloud_node/points_decim_1,Draco 8,15,0.197052,48374,23751,6,1.18231,
/os_cloud_node/points_decim_1,Draco 8,16,0.191093,47486,23580,6,1.14656,
/os_cloud_node/points_decim_1,Draco 8,17,0.18657,47377,23000,6,1.11942,
/os_cloud_node/points_decim_1,Draco 8,18,0.183681,47536,22963,6,1.10208,
/os_cloud_node/points_decim_1,Draco 8,19,0.182787,48130,22894,6,1.09672,
/os_cloud_node/points_decim_1,Draco 8,20,0.182306,47385,23037,6,1.09384,
/os_cloud_node/points_decim_1,Draco 8,21,0.182386,47765,22958,6,1.09431,
/os_cloud_node/points_decim_1,Draco 8,22,0.18248,46916,22828,6,1.09488,
/os_cloud_node/points_decim_1,Draco 8,23,0.18308,46788,22652,6,1.09848,
/os_cloud_node/points_decim_1,Draco 8,24,0.183108,46816,22800,6,1.09865,
/os_cloud_node/points_decim_1,Draco 8,25,0.184389,46650,22697,6,1.10633,
/os_cloud_node/points_decim_1,Draco 8,26,0.185201,47015,22881,6,1.11121,
/os_cloud_node/points_decim_1,Draco 8,27,0.186252,47097,23127,6,1.11751,
/os_cloud_node/points_decim_1,Draco 8,28,0.187061,47705,23008,6,1.12236,
/os_cloud_node/points_decim_1,Draco 8,29,0.187474,47160,23358,6,1.12484,
/os_cloud_node/points_decim_1,Draco 8,30,0.187195,47245,23202,6,1.12317,
/os_cloud_node/points_decim_1,Draco 8,31,0.18715,47545,23323,6,1.1229,
/os_cloud_node/points_decim_1,Draco 8,32,0.183636,46716,22922,6,1.10181,
/os_cloud_node/points_decim_1,Draco 8,33,0.175513,46647,22683,6,1.05308,
/os_cloud_node/points_decim_1,Draco 8,34,0.174597,46097,22200,6,1.04758,
/os_cloud_node/points_decim_1,Draco 8,35,0.177012,48022,22798,6,1.06207,
/os_cloud_node/points_decim_1,Draco 8,36,0.178805,46154,22358,6,1.07283,
/os_cloud_node/points_decim_1,Draco 8,37,0.181052,45871,22408,6,1.08631,
/os_cloud_node/points_decim_1,Draco 8,38,0.181723,46337,22301,6,1.09034,
/os_cloud_node/points_decim_1,Draco 8,39,0.178271,46949,22732,6,1.06963,
/os_cloud_node/points_decim_1,Draco 8,40,0.18027,46574,24000,6,1.08162,
/os_cloud_node/points_decim_1,Draco 8,41,0.178818,45889,22161,6,1.07291,
/os_cloud_node/points_decim_1,Draco 8,42,0.177474,46013,21870,6,1.06485,
/os_cloud_node/points_decim_1,Draco 8,43,0.179084,45403,21735,6,1.0745,
/os_cloud_node/points_decim_1,Draco 8,44,0.178528,45890,21830,6,1.07117,
/os_cloud_node/points_decim_1,Draco 8,45,0.179603,46869,24565,6,1.07762,
/os_cloud_node/points_decim_1,Draco 8,46,0.178935,46606,22418,6,1.07361,
/os_cloud_node/points_decim_1,Draco 8,47,0.179041,46131,22236,6,1.07424,
/os_cloud_node/points_decim_1,Draco 8,48,0.179448,46948,22952,6,1.07669,
/os_cloud_node/points_decim_1,Draco 8,49,0.179206,46789,22606,6,1.07524,
/os_cloud_node/points_decim_1,Draco 8,50,0.174341,46375,24141,6,1.04605,
/os_cloud_node/points_decim_1,Draco 8,51,0.175802,46700,22378,6,1.05481,
/os_cloud_node/points_decim_1,Draco 8,52,0.174211,47056,23068,6,1.04527,
/os_cloud_node/points_decim_1,Draco 8,53,0.167872,45608,21635,6,1.00723,
/os_cloud_node/points_decim_1,Draco 8,54,0.168929,46833,22020,6,1.01357,
/os_cloud_node/points_decim_1,Draco 8,55,0.168445,46811,22084,6,1.01067,
/os_cloud_node/points_decim_1,Draco 8,56,0.169253,45595,21932,6,1.01552,
/os_cloud_node/points_decim_1,Draco 8,57,0.169147,45872,22505,6,1.01488,
/os_cloud_node/points_decim_1,Draco 8,58,0.170759,45658,21725,6,1.02455,
/os_cloud_node/points_decim_1,Draco 8,59,0.171318,45680,21992,6,1.02791,
/os_cloud_node/points_decim_1,Draco 8,60,0.170405,46117,22597,6,1.02243,
/os_cloud_node/points_decim_1,Draco 8,61,0.172219,46667,22141,6,1.03331,
/os_cloud_node/points_decim_1,Draco 8,62,0.172698,46238,22199,6,1.03619,
/os_cloud_node/points_decim_1,Draco 8,63,0.172319,46275,21900,6,1.03392,
/os_cloud_node/points_decim_1,Draco 8,64,0.171303,46164,22193,6,1.02782,
/os_cloud_node/points_decim_1,Draco 8,65,0.171366,46354,22070,6,1.02819,
/os_cloud_node/points_decim_1,Draco 8,66,0.167721,46732,22670,6,1.00633,
/os_cloud_node/points_decim_1,Draco 8,67,0.165525,45954,21861,6,0.993148,
/os_cloud_node/points_decim_1,Draco 8,68,0.16574,46914,21904,6,0.994441,
/os_cloud_node/points_decim_1,Draco 8,69,0.162506,45971,21341,6,0.975036,
/os_cloud_node/points_decim_1,Draco 8,70,0.165734,46631,21922,6,0.994403,
/os_cloud_node/points_decim_1,Draco 8,71,0.164042,47228,22054,6,0.984252,
/os_cloud_node/points_decim_1,Draco 8,72,0.163527,46207,21178,6,0.981162,
/os_cloud_node/points_decim_1,Draco 8,73,0.165118,45651,21729,6,0.99071,
/os_cloud_node/points_decim_1,Draco 8,74,0.168061,46180,22005,6,1.00837,
/os_cloud_node/points_decim_1,Draco 8,75,0.166886,46063,21739,6,1.00132,
/os_cloud_node/points_decim_1,Draco 8,76,0.168555,47985,22696,6,1.01133,
/os_cloud_node/points_decim_1,Draco 8,77,0.172805,47298,22332,6,1.03683,
/os_cloud_node/points_decim_1,Draco 8,78,0.170098,46145,21917,6,1.02059,
/os_cloud_node/points_decim_1,Draco 8,79,0.169856,45543,21635,6,1.01914,
/os_cloud_node/points_decim_1,Draco 8,80,0.173914,46466,21951,6,1.04349,
/os_cloud_node/points_decim_1,Draco 8,81,0.17393,48243,22507,6,1.04358,
/os_cloud_node/points_decim_1,Draco 8,82,0.17394,46260,22132,6,1.04364,
/os_cloud_node/points_decim_1,Draco 8,83,0.175725,46065,21792,6,1.05435,
/os_cloud_node/points_decim_1,Draco 8,84,0.175261,47571,22436,6,1.05157,
/os_cloud_node/points_decim_1,Draco 8,85,0.176127,46227,22401,6,1.05676,
/os_cloud_node/points_decim_1,Draco 8,86,0.173813,45970,21994,6,1.04288,
/os_cloud_node/points_decim_1,Draco 8,87,0.173467,46194,22660,6,1.0408,
/os_cloud_node/points_decim_1,Draco 8,88,0.171725,45707,22147,6,1.03035,
/os_cloud_node/points_decim_1,Draco 8,89,0.173345,46903,22343,6,1.04007,
/os_cloud_node/points_decim_1,Draco 8,90,0.172981,44557,21375,6,1.03789,
/os_cloud_node/points_decim_1,Draco 8,91,0.173368,44976,22019,6,1.04021,
/os_cloud_node/points_decim_1,Draco 8,92,0.174343,45330,21838,6,1.04606,
/os_cloud_node/points_decim_1,Draco 8,93,0.173692,44724,21457,6,1.04215,
/os_cloud_node/points_decim_1,Draco 8,94,0.174229,45381,21379,6,1.04537,
/os_cloud_node/points_decim_1,Draco 8,95,0.176465,45117,21573,6,1.05879,
/os_cloud_node/points_decim_1,Draco 8,96,0.174773,45329,21634,6,1.04864,
/os_cloud_node/points_decim_1,Draco 8,97,0.17471,46413,22453,6,1.04826,
/os_cloud_node/points_decim_1,Draco 8,98,0.176197,46623,22991,6,1.05718,
/os_cloud_node/points_decim_1,Draco 8,99,0.173705,47279,22652,6,1.04223,
/os_cloud_node/points_decim_1,Draco 8,100,0.175651,47051,22440,6,1.0539,
/os_cloud_node/points_decim_1,Draco 8,101,0.174234,46557,23072,6,1.0454,
/os_cloud_node/points_decim_1,Draco 8,102,0.172482,46383,22308,6,1.03489,
/os_cloud_node/points_decim_1,Draco 8,103,0.177406,46321,22206,6,1.06443,
/os_cloud_node/points_decim_1,Draco 8,104,0.179183,48073,22993,6,1.0751,
/os_cloud_node/points_decim_1,Draco 8,105,0.177241,46822,22272,6,1.06345,
/os_cloud_node/points_decim_1,Draco 8,106,0.176786,46103,21923,6,1.06071,
/os_cloud_node/points_decim_1,Draco 8,107,0.176451,46368,21956,6,1.0587,
/os_cloud_node/points_decim_1,Draco 8,108,0.175676,46271,22060,6,1.05405,
/os_cloud_node/points_decim_1,Draco 8,109,0.174773,45605,21657,6,1.04864,
/os_cloud_node/points_decim_1,Draco 8,110,0.175944,45938,21983,6,1.05566,
/os_cloud_node/points_decim_1,Draco 8,111,0.177549,46589,22016,6,1.06529,
/os_cloud_node/points_decim_1,Draco 8,112,0.178027,45150,21650,6,1.06816,
/os_cloud_node/points_decim_1,Draco 8,113,0.175886,45301,22277,6,1.05532,
/os_cloud_node/points_decim_1,Draco 8,114,0.175817,46177,22210,6,1.0549,
/os_cloud_node/points_decim_1,Draco 8,115,0.175974,45721,21859,6,1.05585,
/os_cloud_node/points_decim_1,Draco 8,116,0.174546,45169,21671,6,1.04727,
/os_cloud_node/points_decim_1,Draco 8,117,0.17466,45723,21893,6,1.04796,
/os_cloud_node/points_decim_1,Draco 8,118,0.175931,46211,23279,6,1.05558,
/os_cloud_node/points_decim_1,Draco 8,119,0.174279,45652,21885,6,1.04568,
/os_cloud_node/points_decim_1,Draco 8,120,0.174606,46377,21853,6,1.04764,
/os_cloud_node/points_decim_1,Draco 8,121,0.176391,45983,22260,6,1.05834,
/os_cloud_node/points_decim_1,Draco 8,122,0.175261,46329,22407,6,1.05157,
/os_cloud_node/points_decim_1,Draco 8,123,0.175229,47798,22675,6,1.05138,
/os_cloud_node/points_decim_1,Draco 8,124,0.175441,46095,22023,6,1.05265,
/os_cloud_node/points_decim_1,Draco 8,125,0.175399,47094,21932,6,1.05239,
/os_cloud_node/points_decim_1,Draco 8,126,0.172858,46063,21754,6,1.03715,
/os_cloud_node/points_decim_1,Draco 8,127,0.175308,46575,22166,6,1.05185,
/os_cloud_node/points_decim_1,Draco 8,128,0.174625,47494,22394,6,1.04775,
/os_cloud_node/points_decim_1,Draco 8,129,0.174771,46695,22366,6,1.04862,
/os_cloud_node/points_decim_1,Draco 8,130,0.174089,46499,22186,6,1.04454,
/os_cloud_node/points_decim_1,Draco 8,131,0.174373,46406,21921,6,1.04624,
/os_cloud_node/points_decim_1,Draco 8,132,0.173482,47430,22171,6,1.04089,
/os_cloud_node/points_decim_1,Draco 8,133,0.175225,46357,22006,6,1.05135,
/os_cloud_node/points_decim_1,Draco 8,134,0.175165,45840,21647,6,1.05099,
/os_cloud_node/points_decim_1,Draco 8,135,0.176064,46159,22111,6,1.05638,
/os_cloud_node/points_decim_1,Draco 8,136,0.177142,46659,22214,6,1.06285,
/os_cloud_node/points_decim_1,Draco 8,137,0.178532,47503,23033,6,1.07119,
/os_cloud_node/points_decim_1,Draco 8,138,0.178762,47100,23033,6,1.07257,
/os_cloud_node/points_decim_1,Draco 8,139,0.179111,46518,22522,6,1.07466,
/os_cloud_node/points_decim_1,Draco 8,140,0.179537,46320,22222,6,1.07722,
/os_cloud_node/points_decim_1,Draco 8,141,0.177625,45863,22422,6,1.06575,
/os_cloud_node/points_decim_1,Draco 8,142,0.176419,46974,22781,6,1.05852,
/os_cloud_node/points_decim_1,Draco 8,143,0.171724,46734,22539,6,1.03034,
/os_cloud_node/points_decim_1,Draco 8,144,0.176442,45862,21962,6,1.05865,
/os_cloud_node/points_decim_1,Draco 8,145,0.17824,45709,21672,6,1.06944,
/os_cloud_node/points_decim_1,Draco 8,146,0.178551,45665,22219,6,1.0713,
/os_cloud_node/points_decim_1,Draco 8,147,0.178971,46678,22336,6,1.07383,
/os_cloud_node/points_decim_1,Draco 8,148,0.176336,45961,22190,6,1.05802,
/os_cloud_node/points_decim_1,Draco 8,149,0.176777,46789,22245,6,1.06066,
/os_cloud_node/points_decim_1,Draco 8,150,0.17602,45715,22086,6,1.05612,
/os_cloud_node/points_decim_1,Draco 8,151,0.175489,45703,21758,6,1.05293,
/os_cloud_node/points_decim_1,Draco 8,152,0.177403,46808,22171,6,1.06442,
/os_cloud_node/points_decim_1,Draco 8,153,0.179417,47113,22391,6,1.0765,
/os_cloud_node/points_decim_1,Draco 8,154,0.181557,46041,22096,6,1.08934,
/os_cloud_node/points_decim_1,Draco 8,155,0.179717,46498,22304,6,1.0783,
/os_cloud_node/points_decim_1,Draco 8,156,0.177959,47225,22580,6,1.06776,
/os_cloud_node/points_decim_1,Draco 8,157,0.176989,46031,22010,6,1.06193,
/os_cloud_node/points_decim_1,Draco 8,158,0.178706,47050,23017,6,1.07224,
/os_cloud_node/points_decim_1,Draco 8,159,0.176897,46906,22680,6,1.06138,
/os_cloud_node/points_decim_1,Draco 8,160,0.177255,46284,22326,6,1.06353,
/os_cloud_node/points_decim_1,Draco 8,161,0.176142,47492,23181,6,1.05685,
/os_cloud_node/points_decim_1,Draco 8,162,0.17358,45710,21908,6,1.04148,
/os_cloud_node/points_decim_1,Draco 8,163,0.174023,45332,21933,6,1.04414,
/os_cloud_node/points_decim_1,Draco 8,164,0.172237,44933,21717,6,1.03342,
/os_cloud_node/points_decim_1,Draco 8,165,0.173726,46093,21794,6,1.04235,
/os_cloud_node/points_decim_1,Draco 8,166,0.171751,45056,21447,6,1.03051,
/os_cloud_node/points_decim_1,Draco 8,167,0.171799,45982,22075,6,1.0308,
/os_cloud_node/points_decim_1,Draco 8,168,0.172773,45911,22031,6,1.03664,
/os_cloud_node/points_decim_1,Draco 8,169,0.173577,46487,21799,6,1.04146,
/os_cloud_node/points_decim_1,Draco 8,170,0.174444,46758,22584,6,1.04666,
/os_cloud_node/points_decim_1,Draco 8,171,0.174811,46711,22436,6,1.04887,
/os_cloud_node/points_decim_1,Draco 8,172,0.175668,47393,22409,6,1.05401,
/os_cloud_node/points_decim_1,Draco 8,173,0.176554,48349,22749,6,1.05932,
/os_cloud_node/points_decim_1,Draco 8,174,0.177194,46412,22602,6,1.06316,
/os_cloud_node/points_decim_1,Draco 8,175,0.177128,47302,22396,6,1.06277,
/os_cloud_node/points_decim_1,Draco 8,176,0.178425,47327,23000,6,1.07055,
/os_cloud_node/points_decim_1,Draco 8,177,0.178186,46622,22768,6,1.06911,
/os_cloud_node/points_decim_1,Draco 8,178,0.178098,48262,22583,6,1.06859,
/os_cloud_node/points_decim_1,Draco 8,179,0.176807,47395,22665,6,1.06084,
/os_cloud_node/points_decim_1,Draco 8,180,0.176792,46847,22721,6,1.06075,
/os_cloud_node/points_decim_1,Draco 8,181,0.170324,46050,21869,6,1.02194,
/os_cloud_node/points_decim_1,Draco 8,182,0.167534,45842,21626,6,1.0052,
/os_cloud_node/points_decim_1,Draco 8,183,0.167286,48301,22175,6,1.00371,
/os_cloud_node/points_decim_1,Draco 8,184,0.164855,45421,21292,6,0.989131,
/os_cloud_node/points_decim_1,Draco 8,185,0.167297,46015,21964,6,1.00378,
/os_cloud_node/points_decim_1,Draco 8,186,0.167014,46597,22300,6,1.00208,
/os_cloud_node/points_decim_1,Draco 8,187,0.166389,45399,21499,6,0.998332,
/os_cloud_node/points_decim_1,Draco 8,188,0.169488,46421,22175,6,1.01693,
/os_cloud_node/points_decim_1,Draco 8,189,0.171436,46081,21717,6,1.02862,
/os_cloud_node/points_decim_1,Draco 8,190,0.172891,45656,22095,6,1.03735,
/os_cloud_node/points_decim_1,Draco 8,191,0.175252,46716,22353,6,1.05151,
/os_cloud_node/points_decim_1,Draco 8,192,0.176634,46851,22805,6,1.05981,
/os_cloud_node/points_decim_1,Draco 8,193,0.174292,47102,22639,6,1.04575,
/os_cloud_node/points_decim_1,Draco 8,194,0.170873,46587,22340,6,1.02524,
/os_cloud_node/points_decim_1,Draco 8,195,0.16968,45991,22121,6,1.01808,
/os_cloud_node/points_decim_1,Draco 8,196,0.168595,46357,22097,6,1.01157,
/os_cloud_node/points_decim_1,Draco 8,197,0.170668,46438,21751,6,1.02401,
/os_cloud_node/points_decim_1,Draco 8,198,0.1718,45936,22682,6,1.0308,
/os_cloud_node/points_decim_1,Draco 8,199,0.171492,45919,21790,6,1.02895,
/os_cloud_node/points_decim_1,Draco 8,200,0.171708,46423,22284,6,1.03025,
/os_cloud_node/points_decim_1,Draco 8,201,0.168702,46498,21913,6,1.01221,
/os_cloud_node/points_decim_1,Draco 8,202,0.174469,45382,22305,6,1.04681,
/os_cloud_node/points_decim_1,Draco 8,203,0.175559,45529,22260,6,1.05335,
/os_cloud_node/points_decim_1,Draco 8,204,0.176131,46217,22245,6,1.05679,
/os_cloud_node/points_decim_1,Draco 8,205,0.178409,46829,22603,6,1.07045,
/os_cloud_node/points_decim_1,Draco 8,206,0.181069,46445,22417,6,1.08641,
/os_cloud_node/points_decim_1,Draco 8,207,0.183298,50280,24690,6,1.09979,
/os_cloud_node/points_decim_1,Draco 8,208,0.181572,47616,22878,6,1.08943,
/os_cloud_node/points_decim_1,Draco 8,209,0.181473,46382,22771,6,1.08884,
/os_cloud_node/points_decim_1,Draco 8,210,0.179774,46051,22100,6,1.07865,
/os_cloud_node/points_decim_1,Draco 8,211,0.180841,46926,22510,6,1.08504,
/os_cloud_node/points_decim_1,Draco 8,212,0.179061,48123,22318,6,1.07437,
/os_cloud_node/points_decim_1,Draco 8,213,0.180069,45874,22303,6,1.08041,
/os_cloud_node/points_decim_1,Draco 8,214,0.180747,46263,22313,6,1.08448,
/os_cloud_node/points_decim_1,Draco 8,215,0.18223,46347,22598,6,1.09338,
/os_cloud_node/points_decim_1,Draco 8,216,0.182823,46688,22170,6,1.09694,
/os_cloud_node/points_decim_1,Draco 8,217,0.182749,48258,23240,6,1.09649,
/os_cloud_node/points_decim_1,Draco 8,218,0.182419,47170,22583,6,1.09451,
/os_cloud_node/points_decim_1,Draco 8,219,0.181883,47781,22974,6,1.0913,
/os_cloud_node/points_decim_1,Draco 8,220,0.176763,46640,22383,6,1.06058,
/os_cloud_node/points_decim_1,Draco 8,221,0.17879,47521,23515,6,1.07274,
/os_cloud_node/points_decim_1,Draco 8,222,0.18433,47750,23167,6,1.10598,
/os_cloud_node/points_decim_1,Draco 8,223,0.186929,47541,23190,6,1.12157,
/os_cloud_node/points_decim_1,Draco 8,224,0.189585,47478,23157,6,1.13751,
/os_cloud_node/points_decim_1,Draco 8,225,0.196883,47921,23812,6,1.1813,
/os_cloud_node/points_decim_1,Draco 8,226,0.202911,50252,24254,6,1.21746,
/os_cloud_node/points_decim_1,Draco 8,227,0.208239,49359,24336,6,1.24943,
/os_cloud_node/points_decim_1,Draco 8,228,0.211278,49997,25059,6,1.26767,
/os_cloud_node/points_decim_1,Draco 8,229,0.213096,50837,25191,6,1.27858,
/os_cloud_node/points_decim_1,Draco 8,230,0.214444,50958,25552,6,1.28666,
/os_cloud_node/points_decim_1,Draco 8,231,0.215127,51651,26035,6,1.29076,
/os_cloud_node/points_decim_1,Draco 8,232,0.216138,50203,25010,6,1.29683,
/os_cloud_node/points_decim_1,Draco 8,233,0.216886,50337,25039,6,1.30131,
/os_cloud_node/points_decim_1,Draco 8,234,0.215659,50561,25560,6,1.29395,
/os_cloud_node/points_decim_1,Draco 8,235,0.214942,50747,25380,6,1.28965,
/os_cloud_node/points_decim_1,Draco 8,236,0.2138,50449,25454,6,1.2828,
/os_cloud_node/points_decim_1,Draco 8,237,0.213318,50426,27092,6,1.27991,
/os_cloud_node/points_decim_1,Draco 8 + ZSTD,0,0.189001,55374,26046,6,1.13401,
/os_cloud_node/points_decim_1,Draco 8 + ZSTD,1,0.188776,56277,26545,6,1.13266,
/os_cloud_node/points_decim_1,Draco 8 + ZSTD,2,0.188883,56017,26101,6,1.1333,
/os_cloud_node/points_decim_1,Draco 8 + ZSTD,3,0.189542,56124,26328,6,1.13725,
/os_cloud_node/points_decim_1,Draco 8 + ZSTD,4,0.188123,55927,26316,6,1.12874,
/os_cloud_node/points_decim_1,Draco 8 + ZSTD,5,0.189725,56263,26342,6,1.13835,
/os_cloud_node/points_decim_1,Draco 8 + ZSTD,6,0.193285,55752,26069,6,1.15971,
/os_cloud_node/points_decim_1,Draco 8 + ZSTD,7,0.194147,56388,26125,6,1.16488,
/os_cloud_node/points_decim_1,Draco 8 + ZSTD,8,0.193934,55962,27000,6,1.1636,
/os_cloud_node/points_decim_1,Draco 8 + ZSTD,9,0.196159,55016,26029,6,1.17696,
/os_cloud_node/points_decim_1,Draco 8 + ZSTD,10,0.193712,55270,26086,6,1.16227,
/os_cloud_node/points_decim_1,Draco 8 + ZSTD,11,0.193863,56803,26469,6,1.16318,
/os_cloud_node/points_decim_1,Draco 8 + ZSTD,12,0.192273,54757,26680,6,1.15364,
/os_cloud_node/points_decim_1,Draco 8 + ZSTD,13,0.190012,54973,25291,6,1.14007,
/os_cloud_node/points_decim_1,Draco 8 + ZSTD,14,0.186355,54404,24759,6,1.11813,
/os_cloud_node/points_decim_1,Draco 8 + ZSTD,15,0.179888,53015,24646,6,1.07933,
/os_cloud_node/points_decim_1,Draco 8 + ZSTD,16,0.174857,52395,24442,6,1.04914,
/os_cloud_node/points_decim_1,Draco 8 + ZSTD,17,0.168213,52155,23853,6,1.00928,
/os_cloud_node/points_decim_1,Draco 8 + ZSTD,18,0.165255,52081,23808,6,0.991531,
/os_cloud_node/points_decim_1,Draco 8 + ZSTD,19,0.163551,52864,23761,6,0.981306,
/os_cloud_node/points_decim_1,Draco 8 + ZSTD,20,0.162911,51970,23878,6,0.977466,
/os_cloud_node/points_decim_1,Draco 8 + ZSTD,21,0.162548,52430,23867,6,0.975287,
/os_cloud_node/points_decim_1,Draco 8 + ZSTD,22,0.163885,51202,23685,6,0.983312,
/os_cloud_node/points_decim_1,Draco 8 + ZSTD,23,0.164346,51018,23465,6,0.986073,
/os_cloud_node/points_decim_1,Draco 8 + ZSTD,24,0.165053,51334,23528,6,0.990316,
/os_cloud_node/points_decim_1,Draco 8 + ZSTD,25,0.166225,50967,23520,6,0.99735,
/os_cloud_node/points_decim_1,Draco 8 + ZSTD,26,0.166853,51507,23709,6,1.00112,
/os_cloud_node/points_decim_1,Draco 8 + ZSTD,27,0.166295,52048,24025,6,0.997772,
/os_cloud_node/points_decim_1,Draco 8 + ZSTD,28,0.166561,52556,23919,6,0.999364,
/os_cloud_node/points_decim_1,Draco 8 + ZSTD,29,0.167634,51713,24267,6,1.0058,
/os_cloud_node/points_decim_1,Draco 8 + ZSTD,30,0.1673,51764,24087,6,1.0038,
/os_cloud_node/points_decim_1,Draco 8 + ZSTD,31,0.168477,52758,24206,6,1.01086,
/os_cloud_node/points_decim_1,Draco 8 + ZSTD,32,0.165958,51629,23721,6,0.995749,
/os_cloud_node/points_decim_1,Draco 8 + ZSTD,33,0.159695,50833,23377,6,0.958173,
/os_cloud_node/points_decim_1,Draco 8 + ZSTD,34,0.1588,50052,22857,6,0.952799,
/os_cloud_node/points_decim_1,Draco 8 + ZSTD,35,0.16056,52302,23526,6,0.963358,
/os_cloud_node/points_decim_1,Draco 8 + ZSTD,36,0.162307,50939,23086,6,0.973844,
/os_cloud_node/points_decim_1,Draco 8 + ZSTD,37,0.164353,50946,23193,6,0.986118,
/os_cloud_node/points_decim_1,Draco 8 + ZSTD,38,0.165337,51298,23134,6,0.99202,
/os_cloud_node/points_decim_1,Draco 8 + ZSTD,39,0.161967,51577,23572,6,0.9718,
/os_cloud_node/points_decim_1,Draco 8 + ZSTD,40,0.164982,50863,24751,6,0.989895,
/os_cloud_node/points_decim_1,Draco 8 + ZSTD,41,0.16379,50248,22861,6,0.982739,
/os_cloud_node/points_decim_1,Draco 8 + ZSTD,42,0.162906,50433,22526,6,0.977439,
/os_cloud_node/points_decim_1,Draco 8 + ZSTD,43,0.163901,49940,22392,6,0.983403,
/os_cloud_node/points_decim_1,Draco 8 + ZSTD,44,0.163743,50049,22489,6,0.982459,
/os_cloud_node/points_decim_1,Draco 8 + ZSTD,45,0.164187,51254,25235,6,0.985123,
/os_cloud_node/points_decim_1,Draco 8 + ZSTD,46,0.163726,50998,23071,6,0.982359,
/os_cloud_node/points_decim_1,Draco 8 + ZSTD,47,0.162593,50347,22963,6,0.975559,
/os_cloud_node/points_decim_1,Draco 8 + ZSTD,48,0.163176,51406,23676,6,0.979053,
/os_cloud_node/points_decim_1,Draco 8 + ZSTD,49,0.161522,51379,23432,6,0.969134,
/os_cloud_node/points_decim_1,Draco 8 + ZSTD,50,0.157906,51074,24816,6,0.947438,
/os_cloud_node/points_decim_1,Draco 8 + ZSTD,51,0.157646,51765,23175,6,0.945878,
/os_cloud_node/points_decim_1,Draco 8 + ZSTD,52,0.157544,51684,23801,6,0.945265,
/os_cloud_node/points_decim_1,Draco 8 + ZSTD,53,0.151346,49616,22353,6,0.908073,
/os_cloud_node/points_decim_1,Draco 8 + ZSTD,54,0.153745,50746,22641,6,0.922467,
/os_cloud_node/points_decim_1,Draco 8 + ZSTD,55,0.153116,50459,22734,6,0.918698,
/os_cloud_node/points_decim_1,Draco 8 + ZSTD,56,0.15414,48625,22622,6,0.924838,
/os_cloud_node/points_decim_1,Draco 8 + ZSTD,57,0.153247,50049,23214,6,0.919484,
/os_cloud_node/points_decim_1,Draco 8 + ZSTD,58,0.156495,48997,22320,6,0.938968,
/os_cloud_node/points_decim_1,Draco 8 + ZSTD,59,0.156902,49905,22562,6,0.941411,
/os_cloud_node/points_decim_1,Draco 8 + ZSTD,60,0.155326,50325,23339,6,0.931954,
/os_cloud_node/points_decim_1,Draco 8 + ZSTD,61,0.156142,52048,22905,6,0.936854,
/os_cloud_node/points_decim_1,Draco 8 + ZSTD,62,0.155489,51484,23024,6,0.932935,
/os_cloud_node/points_decim_1,Draco 8 + ZSTD,63,0.15798,49624,22588,6,0.947881,
/os_cloud_node/points_decim_1,Draco 8 + ZSTD,64,0.157593,50292,22774,6,0.945556,
/os_cloud_node/points_decim_1,Draco 8 + ZSTD,65,0.15684,50573,22721,6,0.94104,
/os_cloud_node/points_decim_1,Draco 8 + ZSTD,66,0.154186,50019,23218,6,0.925117,
/os_cloud_node/points_decim_1,Draco 8 + ZSTD,67,0.151821,49367,22368,6,0.910924,
/os_cloud_node/points_decim_1,Draco 8 + ZSTD,68,0.151264,50394,22554,6,0.907584,
/os_cloud_node/points_decim_1,Draco 8 + ZSTD,69,0.148391,49457,21824,6,0.890347,
/os_cloud_node/points_decim_1,Draco 8 + ZSTD,70,0.150892,50397,22455,6,0.905354,
/os_cloud_node/points_decim_1,Draco 8 + ZSTD,71,0.148516,51148,22698,6,0.891097,
/os_cloud_node/points_decim_1,Draco 8 + ZSTD,72,0.149173,50380,21714,6,0.895039,
/os_cloud_node/points_decim_1,Draco 8 + ZSTD,73,0.15004,49364,22339,6,0.90024,
/os_cloud_node/points_decim_1,Draco 8 + ZSTD,74,0.15273,50183,22586,6,0.916382,
/os_cloud_node/points_decim_1,Draco 8 + ZSTD,75,0.151155,50293,22424,6,0.90693,
/os_cloud_node/points_decim_1,Draco 8 + ZSTD,76,0.152767,52555,23285,6,0.916599,
/os_cloud_node/points_decim_1,Draco 8 + ZSTD,77,0.156982,51809,22991,6,0.941891,
/os_cloud_node/points_decim_1,Draco 8 + ZSTD,78,0.155279,50349,22494,6,0.931677,
/os_cloud_node/points_decim_1,Draco 8 + ZSTD,79,0.154184,49538,22255,6,0.925106,
/os_cloud_node/points_decim_1,Draco 8 + ZSTD,80,0.158942,50695,22608,6,0.953654,
/os_cloud_node/points_decim_1,Draco 8 + ZSTD,81,0.15803,52601,23212,6,0.948179,
/os_cloud_node/points_decim_1,Draco 8 + ZSTD,82,0.157916,50206,22892,6,0.947496,
/os_cloud_node/points_decim_1,Draco 8 + ZSTD,83,0.15978,50366,22517,6,0.95868,
/os_cloud_node/points_decim_1,Draco 8 + ZSTD,84,0.15952,51726,23176,6,0.957118,
/os_cloud_node/points_decim_1,Draco 8 + ZSTD,85,0.159483,50519,23219,6,0.956899,
/os_cloud_node/points_decim_1,Draco 8 + ZSTD,86,0.158009,50083,22746,6,0.948052,
/os_cloud_node/points_decim_1,Draco 8 + ZSTD,87,0.158355,49644,23290,6,0.95013,
/os_cloud_node/points_decim_1,Draco 8 + ZSTD,88,0.156075,49848,22878,6,0.93645,
/os_cloud_node/points_decim_1,Draco 8 + ZSTD,89,0.157695,51269,23025,6,0.946173,
/os_cloud_node/points_decim_1,Draco 8 + ZSTD,90,0.158036,48553,22063,6,0.948214,
/os_cloud_node/points_decim_1,Draco 8 + ZSTD,91,0.158032,49127,22660,6,0.948193,
/os_cloud_node/points_decim_1,Draco 8 + ZSTD,92,0.159248,49711,22500,6,0.955489,
/os_cloud_node/points_decim_1,Draco 8 + ZSTD,93,0.159013,48830,22077,6,0.954078,
/os_cloud_node/points_decim_1,Draco 8 + ZSTD,94,0.160723,48897,21955,6,0.96434,
/os_cloud_node/points_decim_1,Draco 8 + ZSTD,95,0.161737,49067,22271,6,0.970425,
/os_cloud_node/points_decim_1,Draco 8 + ZSTD,96,0.159232,49524,22315,6,0.955394,
/os_cloud_node/points_decim_1,Draco 8 + ZSTD,97,0.160061,50680,23074,6,0.960363,
/os_cloud_node/points_decim_1,Draco 8 + ZSTD,98,0.16153,50974,23596,6,0.969178,
/os_cloud_node/points_decim_1,Draco 8 + ZSTD,99,0.15776,51558,23378,6,0.946559,
/os_cloud_node/points_decim_1,Draco 8 + ZSTD,100,0.160076,51860,23060,6,0.960453,
/os_cloud_node/points_decim_1,Draco 8 + ZSTD,101,0.158531,51024,23780,6,0.951187,
/os_cloud_node/points_decim_1,Draco 8 + ZSTD,102,0.156597,51022,23028,6,0.93958,
/os_cloud_node/points_decim_1,Draco 8 + ZSTD,103,0.161536,50993,22963,6,0.969217,
/os_cloud_node/points_decim_1,Draco 8 + ZSTD,104,0.164281,52433,23667,6,0.985687,
/os_cloud_node/points_decim_1,Draco 8 + ZSTD,105,0.162765,51023,22914,6,0.97659,
/os_cloud_node/points_decim_1,Draco 8 + ZSTD,106,0.161644,49625,22619,6,0.969866,
/os_cloud_node/points_decim_1,Draco 8 + ZSTD,107,0.161227,50384,22639,6,0.96736,
/os_cloud_node/points_decim_1,Draco 8 + ZSTD,108,0.160991,50605,22667,6,0.965947,
/os_cloud_node/points_decim_1,Draco 8 + ZSTD,109,0.1599,49671,22396,6,0.959398,
/os_cloud_node/points_decim_1,Draco 8 + ZSTD,110,0.159038,50508,22767,6,0.954226,
/os_cloud_node/points_decim_1,Draco 8 + ZSTD,111,0.160719,51165,22742,6,0.964315,
/os_cloud_node/points_decim_1,Draco 8 + ZSTD,112,0.162441,49565,22359,6,0.974646,
/os_cloud_node/points_decim_1,Draco 8 + ZSTD,113,0.159873,49722,23009,6,0.959235,
/os_cloud_node/points_decim_1,Draco 8 + ZSTD,114,0.160974,50479,22828,6,0.965845,
/os_cloud_node/points_decim_1,Draco 8 + ZSTD,115,0.161042,50034,22467,6,0.966254,
/os_cloud_node/points_decim_1,Draco 8 + ZSTD,116,0.160206,49310,22272,6,0.961233,
/os_cloud_node/points_decim_1,Draco 8 + ZSTD,117,0.159196,50477,22559,6,0.955173,
/os_cloud_node/points_decim_1,Draco 8 + ZSTD,118,0.160043,50761,23998,6,0.96026,
/os_cloud_node/points_decim_1,Draco 8 + ZSTD,119,0.158261,50174,22582,6,0.949566,
/os_cloud_node/points_decim_1,Draco 8 + ZSTD,120,0.158938,50887,22511,6,0.953627,
/os_cloud_node/points_decim_1,Draco 8 + ZSTD,121,0.160535,50174,22998,6,0.963212,
/os_cloud_node/points_decim_1,Draco 8 + ZSTD,122,0.160766,50385,23020,6,0.964594,
/os_cloud_node/points_decim_1,Draco 8 + ZSTD,123,0.159724,52438,23377,6,0.958345,
/os_cloud_node/points_decim_1,Draco 8 + ZSTD,124,0.161153,50256,22645,6,0.966921,
/os_cloud_node/points_decim_1,Draco 8 + ZSTD,125,0.160848,51044,22561,6,0.965091,
/os_cloud_node/points_decim_1,Draco 8 + ZSTD,126,0.159101,49901,22273,6,0.954609,
/os_cloud_node/points_decim_1,Draco 8 + ZSTD,127,0.15878,50889,22909,6,0.952682,
/os_cloud_node/points_decim_1,Draco 8 + ZSTD,128,0.158493,51644,23064,6,0.950958,
/os_cloud_node/points_decim_1,Draco 8 + ZSTD,129,0.157468,50965,23121,6,0.944805,
/os_cloud_node/points_decim_1,Draco 8 + ZSTD,130,0.158326,50495,22876,6,0.949954,
/os_cloud_node/points_decim_1,Draco 8 + ZSTD,131,0.159388,50351,22484,6,0.956329,
/os_cloud_node/points_decim_1,Draco 8 + ZSTD,132,0.159147,51412,22770,6,0.954883,
/os_cloud_node/points_decim_1,Draco 8 + ZSTD,133,0.159146,50501,22750,6,0.954878,
/os_cloud_node/points_decim_1,Draco 8 + ZSTD,134,0.159403,49938,22416,6,0.956415,
/os_cloud_node/points_decim_1,Draco 8 + ZSTD,135,0.159418,50502,22891,6,0.956506,
/os_cloud_node/points_decim_1,Draco 8 + ZSTD,136,0.16047,50936,22979,6,0.962823,
/os_cloud_node/points_decim_1,Draco 8 + ZSTD,137,0.16212,52101,23781,6,0.972717,
/os_cloud_node/points_decim_1,Draco 8 + ZSTD,138,0.162197,51852,23736,6,0.973183,
/os_cloud_node/points_decim_1,Draco 8 + ZSTD,139,0.162588,51280,23254,6,0.975529,
/os_cloud_node/points_decim_1,Draco 8 + ZSTD,140,0.16488,50049,22880,6,0.989282,
/os_cloud_node/points_decim_1,Draco 8 + ZSTD,141,0.163783,49678,22972,6,0.9827,
/os_cloud_node/points_decim_1,Draco 8 + ZSTD,142,0.162095,51008,23388,6,0.97257,
/os_cloud_node/points_decim_1,Draco 8 + ZSTD,143,0.15531,50543,23199,6,0.931857,
/os_cloud_node/points_decim_1,Draco 8 + ZSTD,144,0.162738,49871,22462,6,0.976429,
/os_cloud_node/points_decim_1,Draco 8 + ZSTD,145,0.161578,49884,22436,6,0.969469,
/os_cloud_node/points_decim_1,Draco 8 + ZSTD,146,0.163208,50005,22862,6,0.979249,
/os_cloud_node/points_decim_1,Draco 8 + ZSTD,147,0.16398,51012,23116,6,0.983881,
/os_cloud_node/points_decim_1,Draco 8 + ZSTD,148,0.16143,50319,22852,6,0.96858,
/os_cloud_node/points_decim_1,Draco 8 + ZSTD,149,0.160497,51379,22943,6,0.962983,
/os_cloud_node/points_decim_1,Draco 8 + ZSTD,150,0.160594,50259,22759,6,0.963564,
/os_cloud_node/points_decim_1,Draco 8 + ZSTD,151,0.160751,49907,22419,6,0.964503,
/os_cloud_node/points_decim_1,Draco 8 + ZSTD,152,0.162327,51428,22850,6,0.973965,
/os_cloud_node/points_decim_1,Draco 8 + ZSTD,153,0.163081,51675,23136,6,0.978487,
/os_cloud_node/points_decim_1,Draco 8 + ZSTD,154,0.166931,50433,22740,6,1.00158,
/os_cloud_node/points_decim_1,Draco 8 + ZSTD,155,0.164159,50781,22964,6,0.984952,
/os_cloud_node/points_decim_1,Draco 8 + ZSTD,156,0.162766,51397,23226,6,0.976597,
/os_cloud_node/points_decim_1,Draco 8 + ZSTD,157,0.16202,50677,22649,6,0.972122,
/os_cloud_node/points_decim_1,Draco 8 + ZSTD,158,0.163459,51737,23660,6,0.980755,
/os_cloud_node/points_decim_1,Draco 8 + ZSTD,159,0.161334,51299,23352,6,0.968003,
/os_cloud_node/points_decim_1,Draco 8 + ZSTD,160,0.163256,50400,22860,6,0.979539,
/os_cloud_node/points_decim_1,Draco 8 + ZSTD,161,0.161943,51743,23773,6,0.97166,
/os_cloud_node/points_decim_1,Draco 8 + ZSTD,162,0.158404,49915,22511,6,0.950423,
/os_cloud_node/points_decim_1,Draco 8 + ZSTD,163,0.158735,49902,22557,6,0.952412,
/os_cloud_node/points_decim_1,Draco 8 + ZSTD,164,0.157578,49013,22284,6,0.945467,
/os_cloud_node/points_decim_1,Draco 8 + ZSTD,165,0.159371,50258,22384,6,0.956225,
/os_cloud_node/points_decim_1,Draco 8 + ZSTD,166,0.157361,49098,21988,6,0.944168,
/os_cloud_node/points_decim_1,Draco 8 + ZSTD,167,0.156435,50300,22696,6,0.938607,
/os_cloud_node/points_decim_1,Draco 8 + ZSTD,168,0.157468,49983,22677,6,0.94481,
/os_cloud_node/points_decim_1,Draco 8 + ZSTD,169,0.159069,50405,22385,6,0.954412,
/os_cloud_node/points_decim_1,Draco 8 + ZSTD,170,0.159012,50556,23225,6,0.954074,
/os_cloud_node/points_decim_1,Draco 8 + ZSTD,171,0.158866,50606,23097,6,0.953197,
/os_cloud_node/points_decim_1,Draco 8 + ZSTD,172,0.159161,51627,23085,6,0.954964,
/os_cloud_node/points_decim_1,Draco 8 + ZSTD,173,0.159903,52788,23516,6,0.959419,
/os_cloud_node/points_decim_1,Draco 8 + ZSTD,174,0.160913,50754,23384,6,0.965478,
/os_cloud_node/points_decim_1,Draco 8 + ZSTD,175,0.161212,51938,23071,6,0.967271,
/os_cloud_node/points_decim_1,Draco 8 + ZSTD,176,0.16191,51991,23706,6,0.971461,
/os_cloud_node/points_decim_1,Draco 8 + ZSTD,177,0.161308,51060,23476,6,0.967846,
/os_cloud_node/points_decim_1,Draco 8 + ZSTD,178,0.160966,52791,23329,6,0.965797,
/os_cloud_node/points_decim_1,Draco 8 + ZSTD,179,0.159013,52164,23342,6,0.954076,
/os_cloud_node/points_decim_1,Draco 8 + ZSTD,180,0.159925,51633,23447,6,0.959551,
/os_cloud_node/points_decim_1,Draco 8 + ZSTD,181,0.154793,50287,22499,6,0.928756,
/os_cloud_node/points_decim_1,Draco 8 + ZSTD,182,0.151362,50012,22235,6,0.908172,
/os_cloud_node/points_decim_1,Draco 8 + ZSTD,183,0.152983,52544,22724,6,0.917896,
/os_cloud_node/points_decim_1,Draco 8 + ZSTD,184,0.149758,49627,21818,6,0.898549,
/os_cloud_node/points_decim_1,Draco 8 + ZSTD,185,0.149242,50885,22682,6,0.89545,
/os_cloud_node/points_decim_1,Draco 8 + ZSTD,186,0.151295,50722,22909,6,0.90777,
/os_cloud_node/points_decim_1,Draco 8 + ZSTD,187,0.152271,49120,21950,6,0.913627,
/os_cloud_node/points_decim_1,Draco 8 + ZSTD,188,0.154539,50363,22711,6,0.927233,
/os_cloud_node/points_decim_1,Draco 8 + ZSTD,189,0.155503,50940,22325,6,0.933016,
/os_cloud_node/points_decim_1,Draco 8 + ZSTD,190,0.157065,50023,22768,6,0.942392,
/os_cloud_node/points_decim_1,Draco 8 + ZSTD,191,0.156251,51816,23098,6,0.937504,
/os_cloud_node/points_decim_1,Draco 8 + ZSTD,192,0.153962,52448,23713,6,0.923774,
/os_cloud_node/points_decim_1,Draco 8 + ZSTD,193,0.154623,53431,23510,6,0.927739,
/os_cloud_node/points_decim_1,Draco 8 + ZSTD,194,0.154987,50883,22915,6,0.929922,
/os_cloud_node/points_decim_1,Draco 8 + ZSTD,195,0.153398,50171,22802,6,0.920386,
/os_cloud_node/points_decim_1,Draco 8 + ZSTD,196,0.15441,49711,22692,6,0.92646,
/os_cloud_node/points_decim_1,Draco 8 + ZSTD,197,0.155511,50537,22418,6,0.933065,
/os_cloud_node/points_decim_1,Draco 8 + ZSTD,198,0.154066,50767,23483,6,0.924395,
/os_cloud_node/points_decim_1,Draco 8 + ZSTD,199,0.157283,49609,22389,6,0.943695,
/os_cloud_node/points_decim_1,Draco 8 + ZSTD,200,0.155522,50658,22972,6,0.933134,
/os_cloud_node/points_decim_1,Draco 8 + ZSTD,201,0.155616,49625,22460,6,0.933697,
/os_cloud_node/points_decim_1,Draco 8 + ZSTD,202,0.159355,49899,23051,6,0.956127,
/os_cloud_node/points_decim_1,Draco 8 + ZSTD,203,0.161308,49592,22916,6,0.967848,
/os_cloud_node/points_decim_1,Draco 8 + ZSTD,204,0.160813,50391,22880,6,0.964876,
/os_cloud_node/points_decim_1,Draco 8 + ZSTD,205,0.163597,51039,23215,6,0.981582,
/os_cloud_node/points_decim_1,Draco 8 + ZSTD,206,0.166026,50962,23103,6,0.996158,
/os_cloud_node/points_decim_1,Draco 8 + ZSTD,207,0.168921,54789,25307,6,1.01353,
/os_cloud_node/points_decim_1,Draco 8 + ZSTD,208,0.165802,52306,23638,6,0.994811,
/os_cloud_node/points_decim_1,Draco 8 + ZSTD,209,0.166505,51003,23404,6,0.999031,
/os_cloud_node/points_decim_1,Draco 8 + ZSTD,210,0.16491,50477,22802,6,0.989458,
/os_cloud_node/points_decim_1,Draco 8 + ZSTD,211,0.165465,51331,23242,6,0.992791,
/os_cloud_node/points_decim_1,Draco 8 + ZSTD,212,0.164998,52675,22957,6,0.989988,
/os_cloud_node/points_decim_1,Draco 8 + ZSTD,213,0.165585,50368,22975,6,0.993507,
/os_cloud_node/points_decim_1,Draco 8 + ZSTD,214,0.166054,50740,23014,6,0.996322,
/os_cloud_node/points_decim_1,Draco 8 + ZSTD,215,0.166775,50942,23323,6,1.00065,
/os_cloud_node/points_decim_1,Draco 8 + ZSTD,216,0.165997,51531,22953,6,0.995983,
/os_cloud_node/points_decim_1,Draco 8 + ZSTD,217,0.164714,53434,24125,6,0.988284,
/os_cloud_node/points_decim_1,Draco 8 + ZSTD,218,0.166276,51873,23323,6,0.997656,
/os_cloud_node/points_decim_1,Draco 8 + ZSTD,219,0.16555,52161,23791,6,0.993301,
/os_cloud_node/points_decim_1,Draco 8 + ZSTD,220,0.160425,50912,23127,6,0.962549,
/os_cloud_node/points_decim_1,Draco 8 + ZSTD,221,0.16286,51591,24174,6,0.977162,
/os_cloud_node/points_decim_1,Draco 8 + ZSTD,222,0.162164,52061,24048,6,0.972982,
/os_cloud_node/points_decim_1,Draco 8 + ZSTD,223,0.164392,51935,24080,6,0.986351,
/os_cloud_node/points_decim_1,Draco 8 + ZSTD,224,0.165684,52025,24089,6,0.994102,
/os_cloud_node/points_decim_1,Draco 8 + ZSTD,225,0.172203,52783,24778,6,1.03322,
/os_cloud_node/points_decim_1,Draco 8 + ZSTD,226,0.179163,55041,25278,6,1.07498,
/os_cloud_node/points_decim_1,Draco 8 + ZSTD,227,0.182963,54304,25310,6,1.09778,
/os_cloud_node/points_decim_1,Draco 8 + ZSTD,228,0.189205,54915,26049,6,1.13523,
/os_cloud_node/points_decim_1,Draco 8 + ZSTD,229,0.194541,56058,26276,6,1.16725,
/os_cloud_node/points_decim_1,Draco 8 + ZSTD,230,0.192636,55788,26550,6,1.15582,
/os_cloud_node/points_decim_1,Draco 8 + ZSTD,231,0.189606,56943,27099,6,1.13764,
/os_cloud_node/points_decim_1,Draco 8 + ZSTD,232,0.191714,55072,26044,6,1.15029,
/os_cloud_node/points_decim_1,Draco 8 + ZSTD,233,0.19181,55225,26059,6,1.15086,
/os_cloud_node/points_decim_1,Draco 8 + ZSTD,234,0.190859,55399,26577,6,1.14515,
/os_cloud_node/points_decim_1,Draco 8 + ZSTD,235,0.192369,56098,26407,6,1.15421,
/os_cloud_node/points_decim_1,Draco 8 + ZSTD,236,0.18906,55690,26469,6,1.13436,
/os_cloud_node/points_decim_1,Draco 8 + ZSTD,237,0.189117,55699,28138,6,1.1347,
/os_cloud_node/points_decim_1,Draco 6,0,0.2111,49791,25543,6,1.2666,
/os_cloud_node/points_decim_1,Draco 6,1,0.211209,49696,24987,6,1.26725,
/os_cloud_node/points_decim_1,Draco 6,2,0.211126,50574,25094,6,1.26676,
/os_cloud_node/points_decim_1,Draco 6,3,0.211322,50219,25113,6,1.26793,
/os_cloud_node/points_decim_1,Draco 6,4,0.211873,50945,25485,6,1.27124,
/os_cloud_node/points_decim_1,Draco 6,5,0.212562,51009,24978,6,1.27537,
/os_cloud_node/points_decim_1,Draco 6,6,0.213218,50365,25240,6,1.27931,
/os_cloud_node/points_decim_1,Draco 6,7,0.214618,50346,25320,6,1.28771,
/os_cloud_node/points_decim_1,Draco 6,8,0.214845,50110,24946,6,1.28907,
/os_cloud_node/points_decim_1,Draco 6,9,0.214923,50087,25033,6,1.28954,
/os_cloud_node/points_decim_1,Draco 6,10,0.213756,49886,25088,6,1.28254,
/os_cloud_node/points_decim_1,Draco 6,11,0.212439,51239,25892,6,1.27463,
/os_cloud_node/points_decim_1,Draco 6,12,0.210248,49389,25321,6,1.26149,
/os_cloud_node/points_decim_1,Draco 6,13,0.206772,49994,24839,6,1.24063,
/os_cloud_node/points_decim_1,Draco 6,14,0.202119,48891,24151,6,1.21271,
/os_cloud_node/points_decim_1,Draco 6,15,0.19687,48548,23847,6,1.18122,
/os_cloud_node/points_decim_1,Draco 6,16,0.19092,47453,23250,6,1.14552,
/os_cloud_node/points_decim_1,Draco 6,17,0.186479,47584,22945,6,1.11887,
/os_cloud_node/points_decim_1,Draco 6,18,0.183596,47522,22983,6,1.10158,
/os_cloud_node/points_decim_1,Draco 6,19,0.182694,47415,22826,6,1.09616,
/os_cloud_node/points_decim_1,Draco 6,20,0.181971,48049,23088,6,1.09183,
/os_cloud_node/points_decim_1,Draco 6,21,0.182081,47374,22925,6,1.09249,
/os_cloud_node/points_decim_1,Draco 6,22,0.182082,47320,22956,6,1.09249,
/os_cloud_node/points_decim_1,Draco 6,23,0.182543,47361,23201,6,1.09526,
/os_cloud_node/points_decim_1,Draco 6,24,0.182746,46772,22701,6,1.09648,
/os_cloud_node/points_decim_1,Draco 6,25,0.183929,47098,23045,6,1.10357,
/os_cloud_node/points_decim_1,Draco 6,26,0.184741,47297,23017,6,1.10844,
/os_cloud_node/points_decim_1,Draco 6,27,0.186184,47432,23430,6,1.1171,
/os_cloud_node/points_decim_1,Draco 6,28,0.186799,47000,23052,6,1.1208,
/os_cloud_node/points_decim_1,Draco 6,29,0.187345,47377,23035,6,1.12407,
/os_cloud_node/points_decim_1,Draco 6,30,0.187108,47387,23025,6,1.12265,
/os_cloud_node/points_decim_1,Draco 6,31,0.186067,48427,23996,6,1.1164,
/os_cloud_node/points_decim_1,Draco 6,32,0.180707,46926,22752,6,1.08424,
/os_cloud_node/points_decim_1,Draco 6,33,0.172853,46954,22711,6,1.03712,
/os_cloud_node/points_decim_1,Draco 6,34,0.171701,46357,22347,6,1.03021,
/os_cloud_node/points_decim_1,Draco 6,35,0.173007,48323,22638,6,1.03804,
/os_cloud_node/points_decim_1,Draco 6,36,0.175479,46811,22592,6,1.05287,
/os_cloud_node/points_decim_1,Draco 6,37,0.177447,45983,22168,6,1.06468,
/os_cloud_node/points_decim_1,Draco 6,38,0.178231,45859,22324,6,1.06938,
/os_cloud_node/points_decim_1,Draco 6,39,0.177985,46302,23218,6,1.06791,
/os_cloud_node/points_decim_1,Draco 6,40,0.177379,47905,22609,6,1.06428,
/os_cloud_node/points_decim_1,Draco 6,41,0.176036,45969,22068,6,1.05622,
/os_cloud_node/points_decim_1,Draco 6,42,0.174495,45852,22067,6,1.04697,
/os_cloud_node/points_decim_1,Draco 6,43,0.174225,46398,22243,6,1.04535,
/os_cloud_node/points_decim_1,Draco 6,44,0.173881,46449,22434,6,1.04329,
/os_cloud_node/points_decim_1,Draco 6,45,0.174325,47497,22622,6,1.04595,
/os_cloud_node/points_decim_1,Draco 6,46,0.173666,46775,22241,6,1.042,
/os_cloud_node/points_decim_1,Draco 6,47,0.17316,47351,22241,6,1.03896,
/os_cloud_node/points_decim_1,Draco 6,48,0.174255,46611,22491,6,1.04553,
/os_cloud_node/points_decim_1,Draco 6,49,0.173373,46602,23194,6,1.04024,
/os_cloud_node/points_decim_1,Draco 6,50,0.169908,46398,22586,6,1.01945,
/os_cloud_node/points_decim_1,Draco 6,51,0.170378,46308,22399,6,1.02227,
/os_cloud_node/points_decim_1,Draco 6,52,0.168714,46864,22616,6,1.01229,
/os_cloud_node/points_decim_1,Draco 6,53,0.165561,45948,22087,6,0.993365,
/os_cloud_node/points_decim_1,Draco 6,54,0.165959,46019,22535,6,0.995753,
/os_cloud_node/points_decim_1,Draco 6,55,0.166184,46500,21957,6,0.997104,
/os_cloud_node/points_decim_1,Draco 6,56,0.166138,45964,22456,6,0.996829,
/os_cloud_node/points_decim_1,Draco 6,57,0.166301,45352,21408,6,0.997806,
/os_cloud_node/points_decim_1,Draco 6,58,0.167367,45998,21907,6,1.0042,
/os_cloud_node/points_decim_1,Draco 6,59,0.169269,45997,22291,6,1.01562,
/os_cloud_node/points_decim_1,Draco 6,60,0.168677,46577,22737,6,1.01206,
/os_cloud_node/points_decim_1,Draco 6,61,0.169252,47271,22328,6,1.01551,
/os_cloud_node/points_decim_1,Draco 6,62,0.170416,46331,22180,6,1.0225,
/os_cloud_node/points_decim_1,Draco 6,63,0.170039,47176,22725,6,1.02024,
/os_cloud_node/points_decim_1,Draco 6,64,0.168917,46630,22814,6,1.0135,
/os_cloud_node/points_decim_1,Draco 6,65,0.168153,46483,22464,6,1.00892,
/os_cloud_node/points_decim_1,Draco 6,66,0.165019,47647,23400,6,0.990111,
/os_cloud_node/points_decim_1,Draco 6,67,0.162903,46558,21919,6,0.97742,
/os_cloud_node/points_decim_1,Draco 6,68,0.161036,47006,21903,6,0.966216,
/os_cloud_node/points_decim_1,Draco 6,69,0.158176,46010,21770,6,0.949058,
/os_cloud_node/points_decim_1,Draco 6,70,0.159729,46091,21681,6,0.958377,
/os_cloud_node/points_decim_1,Draco 6,71,0.159475,47254,22209,6,0.956851,
/os_cloud_node/points_decim_1,Draco 6,72,0.159602,47523,22903,6,0.957614,
/os_cloud_node/points_decim_1,Draco 6,73,0.161677,46004,21676,6,0.970061,
/os_cloud_node/points_decim_1,Draco 6,74,0.163542,46567,21985,6,0.98125,
/os_cloud_node/points_decim_1,Draco 6,75,0.163193,46353,22237,6,0.979159,
/os_cloud_node/points_decim_1,Draco 6,76,0.164328,47821,22826,6,0.985969,
/os_cloud_node/points_decim_1,Draco 6,77,0.168023,46612,21910,6,1.00814,
/os_cloud_node/points_decim_1,Draco 6,78,0.166368,46147,21888,6,0.99821,
/os_cloud_node/points_decim_1,Draco 6,79,0.166667,45973,21813,6,1,
/os_cloud_node/points_decim_1,Draco 6,80,0.169601,46220,21791,6,1.01761,
/os_cloud_node/points_decim_1,Draco 6,81,0.16933,48377,21878,6,1.01598,
/os_cloud_node/points_decim_1,Draco 6,82,0.169102,48915,22448,6,1.01461,
/os_cloud_node/points_decim_1,Draco 6,83,0.171101,46283,21902,6,1.02661,
/os_cloud_node/points_decim_1,Draco 6,84,0.170606,47065,22450,6,1.02364,
/os_cloud_node/points_decim_1,Draco 6,85,0.17102,45640,21835,6,1.02612,
/os_cloud_node/points_decim_1,Draco 6,86,0.168959,45898,22073,6,1.01375,
/os_cloud_node/points_decim_1,Draco 6,87,0.168566,45771,21973,6,1.0114,
/os_cloud_node/points_decim_1,Draco 6,88,0.168746,46317,21980,6,1.01247,
/os_cloud_node/points_decim_1,Draco 6,89,0.169582,47321,22585,6,1.01749,
/os_cloud_node/points_decim_1,Draco 6,90,0.168756,45813,22243,6,1.01253,
/os_cloud_node/points_decim_1,Draco 6,91,0.169324,45374,21643,6,1.01594,
/os_cloud_node/points_decim_1,Draco 6,92,0.169951,45733,21896,6,1.01971,
/os_cloud_node/points_decim_1,Draco 6,93,0.169332,45827,21929,6,1.01599,
/os_cloud_node/points_decim_1,Draco 6,94,0.169456,46671,21901,6,1.01674,
/os_cloud_node/points_decim_1,Draco 6,95,0.17111,45694,21920,6,1.02666,
/os_cloud_node/points_decim_1,Draco 6,96,0.169757,46184,22079,6,1.01854,
/os_cloud_node/points_decim_1,Draco 6,97,0.169604,45563,21897,6,1.01763,
/os_cloud_node/points_decim_1,Draco 6,98,0.170235,46280,22125,6,1.02141,
/os_cloud_node/points_decim_1,Draco 6,99,0.168587,47350,22858,6,1.01152,
/os_cloud_node/points_decim_1,Draco 6,100,0.170006,46110,22605,6,1.02003,
/os_cloud_node/points_decim_1,Draco 6,101,0.168852,46236,22761,6,1.01311,
/os_cloud_node/points_decim_1,Draco 6,102,0.166525,45914,21914,6,0.999148,
/os_cloud_node/points_decim_1,Draco 6,103,0.171163,46320,21868,6,1.02698,
/os_cloud_node/points_decim_1,Draco 6,104,0.17266,47238,22321,6,1.03596,
/os_cloud_node/points_decim_1,Draco 6,105,0.171566,46438,22199,6,1.0294,
/os_cloud_node/points_decim_1,Draco 6,106,0.171856,46156,22196,6,1.03113,
/os_cloud_node/points_decim_1,Draco 6,107,0.170699,45362,21742,6,1.02419,
/os_cloud_node/points_decim_1,Draco 6,108,0.169914,46216,21693,6,1.01948,
/os_cloud_node/points_decim_1,Draco 6,109,0.169264,46166,22345,6,1.01559,
/os_cloud_node/points_decim_1,Draco 6,110,0.170421,45510,21811,6,1.02252,
/os_cloud_node/points_decim_1,Draco 6,111,0.173206,46200,22154,6,1.03924,
/os_cloud_node/points_decim_1,Draco 6,112,0.174509,46797,22681,6,1.04705,
/os_cloud_node/points_decim_1,Draco 6,113,0.172391,46628,22661,6,1.03435,
/os_cloud_node/points_decim_1,Draco 6,114,0.172339,46471,22171,6,1.03403,
/os_cloud_node/points_decim_1,Draco 6,115,0.171935,45951,22207,6,1.03161,
/os_cloud_node/points_decim_1,Draco 6,116,0.170774,46091,21988,6,1.02465,
/os_cloud_node/points_decim_1,Draco 6,117,0.17077,46391,22582,6,1.02462,
/os_cloud_node/points_decim_1,Draco 6,118,0.172027,46889,22885,6,1.03216,
/os_cloud_node/points_decim_1,Draco 6,119,0.17053,46275,21887,6,1.02318,
/os_cloud_node/points_decim_1,Draco 6,120,0.170037,46134,21672,6,1.02022,
/os_cloud_node/points_decim_1,Draco 6,121,0.170939,45839,21978,6,1.02563,
/os_cloud_node/points_decim_1,Draco 6,122,0.169874,46918,22347,6,1.01924,
/os_cloud_node/points_decim_1,Draco 6,123,0.169954,47220,22135,6,1.01972,
/os_cloud_node/points_decim_1,Draco 6,124,0.169895,45737,21540,6,1.01937,
/os_cloud_node/points_decim_1,Draco 6,125,0.170011,45851,21895,6,1.02006,
/os_cloud_node/points_decim_1,Draco 6,126,0.167897,45699,21766,6,1.00738,
/os_cloud_node/points_decim_1,Draco 6,127,0.169803,45721,21650,6,1.01882,
/os_cloud_node/points_decim_1,Draco 6,128,0.169279,46774,22447,6,1.01567,
/os_cloud_node/points_decim_1,Draco 6,129,0.169465,46218,21618,6,1.01679,
/os_cloud_node/points_decim_1,Draco 6,130,0.168693,46031,21997,6,1.01216,
/os_cloud_node/points_decim_1,Draco 6,131,0.168686,45950,21776,6,1.01212,
/os_cloud_node/points_decim_1,Draco 6,132,0.16841,46368,22089,6,1.01046,
/os_cloud_node/points_decim_1,Draco 6,133,0.170283,45951,21734,6,1.0217,
/os_cloud_node/points_decim_1,Draco 6,134,0.170931,45555,21700,6,1.02558,
/os_cloud_node/points_decim_1,Draco 6,135,0.171571,45755,21492,6,1.02943,
/os_cloud_node/points_decim_1,Draco 6,136,0.17241,45813,21933,6,1.03446,
/os_cloud_node/points_decim_1,Draco 6,137,0.173721,47651,22402,6,1.04233,
/os_cloud_node/points_decim_1,Draco 6,138,0.173756,46531,22486,6,1.04254,
/os_cloud_node/points_decim_1,Draco 6,139,0.175269,46509,22515,6,1.05162,
/os_cloud_node/points_decim_1,Draco 6,140,0.175581,47161,22370,6,1.05348,
/os_cloud_node/points_decim_1,Draco 6,141,0.173514,47111,22436,6,1.04108,
/os_cloud_node/points_decim_1,Draco 6,142,0.173083,48188,23160,6,1.0385,
/os_cloud_node/points_decim_1,Draco 6,143,0.170873,47043,22294,6,1.02524,
/os_cloud_node/points_decim_1,Draco 6,144,0.172782,46745,22709,6,1.03669,
/os_cloud_node/points_decim_1,Draco 6,145,0.173799,46703,22217,6,1.0428,
/os_cloud_node/points_decim_1,Draco 6,146,0.174793,46923,22557,6,1.04876,
/os_cloud_node/points_decim_1,Draco 6,147,0.174876,46778,22746,6,1.04926,
/os_cloud_node/points_decim_1,Draco 6,148,0.172078,46233,22083,6,1.03247,
/os_cloud_node/points_decim_1,Draco 6,149,0.171365,46323,21648,6,1.02819,
/os_cloud_node/points_decim_1,Draco 6,150,0.170345,45377,21892,6,1.02207,
/os_cloud_node/points_decim_1,Draco 6,151,0.171422,47491,23281,6,1.02853,
/os_cloud_node/points_decim_1,Draco 6,152,0.173301,46986,22023,6,1.03981,
/os_cloud_node/points_decim_1,Draco 6,153,0.175269,46989,22597,6,1.05162,
/os_cloud_node/points_decim_1,Draco 6,154,0.177175,46493,22753,6,1.06305,
/os_cloud_node/points_decim_1,Draco 6,155,0.176213,46885,23002,6,1.05728,
/os_cloud_node/points_decim_1,Draco 6,156,0.17457,48059,23433,6,1.04742,
/os_cloud_node/points_decim_1,Draco 6,157,0.172147,46437,22315,6,1.03288,
/os_cloud_node/points_decim_1,Draco 6,158,0.172261,46418,22424,6,1.03356,
/os_cloud_node/points_decim_1,Draco 6,159,0.171671,46130,22155,6,1.03002,
/os_cloud_node/points_decim_1,Draco 6,160,0.17172,46591,22979,6,1.03032,
/os_cloud_node/points_decim_1,Draco 6,161,0.171567,47855,23035,6,1.0294,
/os_cloud_node/points_decim_1,Draco 6,162,0.169827,46691,22937,6,1.01896,
/os_cloud_node/points_decim_1,Draco 6,163,0.169959,46394,22494,6,1.01975,
/os_cloud_node/points_decim_1,Draco 6,164,0.168553,45703,21730,6,1.01132,
/os_cloud_node/points_decim_1,Draco 6,165,0.169067,45989,22061,6,1.0144,
/os_cloud_node/points_decim_1,Draco 6,166,0.168002,46007,21966,6,1.00801,
/os_cloud_node/points_decim_1,Draco 6,167,0.16863,47067,21856,6,1.01178,
/os_cloud_node/points_decim_1,Draco 6,168,0.169262,46291,22119,6,1.01557,
/os_cloud_node/points_decim_1,Draco 6,169,0.169746,46597,22388,6,1.01848,
/os_cloud_node/points_decim_1,Draco 6,170,0.170059,46049,22205,6,1.02035,
/os_cloud_node/points_decim_1,Draco 6,171,0.170463,46063,22276,6,1.02278,
/os_cloud_node/points_decim_1,Draco 6,172,0.171162,46145,22070,6,1.02697,
/os_cloud_node/points_decim_1,Draco 6,173,0.171987,46756,22639,6,1.03192,
/os_cloud_node/points_decim_1,Draco 6,174,0.172532,46071,22083,6,1.03519,
/os_cloud_node/points_decim_1,Draco 6,175,0.172721,46397,21896,6,1.03633,
/os_cloud_node/points_decim_1,Draco 6,176,0.173765,45863,22015,6,1.04259,
/os_cloud_node/points_decim_1,Draco 6,177,0.173385,46013,21864,6,1.04031,
/os_cloud_node/points_decim_1,Draco 6,178,0.173209,47137,22661,6,1.03925,
/os_cloud_node/points_decim_1,Draco 6,179,0.171715,46592,21800,6,1.03029,
/os_cloud_node/points_decim_1,Draco 6,180,0.171945,46654,22395,6,1.03167,
/os_cloud_node/points_decim_1,Draco 6,181,0.167338,46654,22164,6,1.00403,
/os_cloud_node/points_decim_1,Draco 6,182,0.164732,46721,22010,6,0.988395,
/os_cloud_node/points_decim_1,Draco 6,183,0.163931,47460,23025,6,0.983584,
/os_cloud_node/points_decim_1,Draco 6,184,0.16175,46290,21829,6,0.9705,
/os_cloud_node/points_decim_1,Draco 6,185,0.164464,46703,22354,6,0.986785,
/os_cloud_node/points_decim_1,Draco 6,186,0.163578,46564,22217,6,0.981467,
/os_cloud_node/points_decim_1,Draco 6,187,0.161888,45969,21701,6,0.971328,
/os_cloud_node/points_decim_1,Draco 6,188,0.165419,47447,22525,6,0.992515,
/os_cloud_node/points_decim_1,Draco 6,189,0.167753,46620,22519,6,1.00652,
/os_cloud_node/points_decim_1,Draco 6,190,0.169367,47295,22746,6,1.0162,
/os_cloud_node/points_decim_1,Draco 6,191,0.172574,47391,23005,6,1.03544,
/os_cloud_node/points_decim_1,Draco 6,192,0.17432,47600,23177,6,1.04592,
/os_cloud_node/points_decim_1,Draco 6,193,0.172424,47211,22746,6,1.03454,
/os_cloud_node/points_decim_1,Draco 6,194,0.169674,46764,22539,6,1.01804,
/os_cloud_node/points_decim_1,Draco 6,195,0.167351,46278,22509,6,1.0041,
/os_cloud_node/points_decim_1,Draco 6,196,0.167613,47038,22751,6,1.00568,
/os_cloud_node/points_decim_1,Draco 6,197,0.169362,47503,22638,6,1.01617,
/os_cloud_node/points_decim_1,Draco 6,198,0.17026,46681,22732,6,1.02156,
/os_cloud_node/points_decim_1,Draco 6,199,0.168669,46445,22697,6,1.01201,
/os_cloud_node/points_decim_1,Draco 6,200,0.167531,46699,22258,6,1.00518,
/os_cloud_node/points_decim_1,Draco 6,201,0.166647,46748,22507,6,0.999885,
/os_cloud_node/points_decim_1,Draco 6,202,0.169104,46965,23421,6,1.01462,
/os_cloud_node/points_decim_1,Draco 6,203,0.170684,46237,21921,6,1.0241,
/os_cloud_node/points_decim_1,Draco 6,204,0.171137,46365,22320,6,1.02682,
/os_cloud_node/points_decim_1,Draco 6,205,0.172661,46240,22265,6,1.03596,
/os_cloud_node/points_decim_1,Draco 6,206,0.174835,46535,23081,6,1.04901,
/os_cloud_node/points_decim_1,Draco 6,207,0.17693,47285,24189,6,1.06158,
/os_cloud_node/points_decim_1,Draco 6,208,0.176256,47157,22602,6,1.05754,
/os_cloud_node/points_decim_1,Draco 6,209,0.17622,46338,22941,6,1.05732,
/os_cloud_node/points_decim_1,Draco 6,210,0.175068,46460,22463,6,1.05041,
/os_cloud_node/points_decim_1,Draco 6,211,0.175223,46544,22204,6,1.05134,
/os_cloud_node/points_decim_1,Draco 6,212,0.175484,47666,22944,6,1.0529,
/os_cloud_node/points_decim_1,Draco 6,213,0.176355,46352,22150,6,1.05813,
/os_cloud_node/points_decim_1,Draco 6,214,0.176672,46627,22121,6,1.06003,
/os_cloud_node/points_decim_1,Draco 6,215,0.179017,46637,22205,6,1.0741,
/os_cloud_node/points_decim_1,Draco 6,216,0.178767,46774,22641,6,1.0726,
/os_cloud_node/points_decim_1,Draco 6,217,0.179325,47665,22798,6,1.07595,
/os_cloud_node/points_decim_1,Draco 6,218,0.179859,47142,22807,6,1.07915,
/os_cloud_node/points_decim_1,Draco 6,219,0.177929,46832,22778,6,1.06758,
/os_cloud_node/points_decim_1,Draco 6,220,0.174827,47048,23173,6,1.04896,
/os_cloud_node/points_decim_1,Draco 6,221,0.176938,47673,23448,6,1.06163,
/os_cloud_node/points_decim_1,Draco 6,222,0.183796,47426,23380,6,1.10277,
/os_cloud_node/points_decim_1,Draco 6,223,0.186753,47531,23123,6,1.12052,
/os_cloud_node/points_decim_1,Draco 6,224,0.189524,47490,23317,6,1.13714,
/os_cloud_node/points_decim_1,Draco 6,225,0.196875,48035,23793,6,1.18125,
/os_cloud_node/points_decim_1,Draco 6,226,0.202766,50064,26392,6,1.21659,
/os_cloud_node/points_decim_1,Draco 6,227,0.2081,49569,24505,6,1.2486,
/os_cloud_node/points_decim_1,Draco 6,228,0.211021,49847,25655,6,1.26612,
/os_cloud_node/points_decim_1,Draco 6,229,0.212821,50288,25743,6,1.27693,
/os_cloud_node/points_decim_1,Draco 6,230,0.214262,51213,25576,6,1.28557,
/os_cloud_node/points_decim_1,Draco 6,231,0.215122,51514,26019,6,1.29073,
/os_cloud_node/points_decim_1,Draco 6,232,0.215962,50114,25117,6,1.29577,
/os_cloud_node/points_decim_1,Draco 6,233,0.216704,50549,25594,6,1.30022,
/os_cloud_node/points_decim_1,Draco 6,234,0.215497,49991,25118,6,1.29298,
/os_cloud_node/points_decim_1,Draco 6,235,0.214826,50469,25373,6,1.28896,
/os_cloud_node/points_decim_1,Draco 6,236,0.21365,50837,25182,6,1.2819,
/os_cloud_node/points_decim_1,Draco 6,237,0.213156,50334,25557,6,1.27894,
/os_cloud_node/points_decim_1,Draco 6 + ZSTD,0,0.179272,56544,26608,6,1.07563,
/os_cloud_node/points_decim_1,Draco 6 + ZSTD,1,0.179126,55987,26051,6,1.07475,
/os_cloud_node/points_decim_1,Draco 6 + ZSTD,2,0.17926,58693,26268,6,1.07556,
/os_cloud_node/points_decim_1,Draco 6 + ZSTD,3,0.179689,56896,26203,6,1.07813,
/os_cloud_node/points_decim_1,Draco 6 + ZSTD,4,0.178963,59257,26611,6,1.07378,
/os_cloud_node/points_decim_1,Draco 6 + ZSTD,5,0.180541,57574,26068,6,1.08324,
/os_cloud_node/points_decim_1,Draco 6 + ZSTD,6,0.183981,56397,26283,6,1.10389,
/os_cloud_node/points_decim_1,Draco 6 + ZSTD,7,0.184541,56411,26419,6,1.10724,
/os_cloud_node/points_decim_1,Draco 6 + ZSTD,8,0.184671,56043,26030,6,1.10802,
/os_cloud_node/points_decim_1,Draco 6 + ZSTD,9,0.186911,55349,26068,6,1.12147,
/os_cloud_node/points_decim_1,Draco 6 + ZSTD,10,0.184845,55938,26130,6,1.10907,
/os_cloud_node/points_decim_1,Draco 6 + ZSTD,11,0.185818,56450,26954,6,1.11491,
/os_cloud_node/points_decim_1,Draco 6 + ZSTD,12,0.184432,54353,26349,6,1.10659,
/os_cloud_node/points_decim_1,Draco 6 + ZSTD,13,0.182312,55124,25848,6,1.09387,
/os_cloud_node/points_decim_1,Draco 6 + ZSTD,14,0.178811,54049,25188,6,1.07287,
/os_cloud_node/points_decim_1,Draco 6 + ZSTD,15,0.17271,54146,24831,6,1.03626,
/os_cloud_node/points_decim_1,Draco 6 + ZSTD,16,0.165981,53307,24193,6,0.995884,
/os_cloud_node/points_decim_1,Draco 6 + ZSTD,17,0.158372,54002,23907,6,0.950232,
/os_cloud_node/points_decim_1,Draco 6 + ZSTD,18,0.155311,54001,23970,6,0.931868,
/os_cloud_node/points_decim_1,Draco 6 + ZSTD,19,0.153637,53781,23790,6,0.921821,
/os_cloud_node/points_decim_1,Draco 6 + ZSTD,20,0.153958,53949,24034,6,0.923747,
/os_cloud_node/points_decim_1,Draco 6 + ZSTD,21,0.153225,53500,23860,6,0.91935,
/os_cloud_node/points_decim_1,Draco 6 + ZSTD,22,0.155168,53188,23883,6,0.931005,
/os_cloud_node/points_decim_1,Draco 6 + ZSTD,23,0.155248,53364,24132,6,0.931486,
/os_cloud_node/points_decim_1,Draco 6 + ZSTD,24,0.155714,52866,23617,6,0.934284,
/os_cloud_node/points_decim_1,Draco 6 + ZSTD,25,0.157058,52935,23963,6,0.94235,
/os_cloud_node/points_decim_1,Draco 6 + ZSTD,26,0.157823,52822,23927,6,0.946937,
/os_cloud_node/points_decim_1,Draco 6 + ZSTD,27,0.157006,53308,24414,6,0.942035,
/os_cloud_node/points_decim_1,Draco 6 + ZSTD,28,0.156872,53545,24023,6,0.94123,
/os_cloud_node/points_decim_1,Draco 6 + ZSTD,29,0.157541,54109,24036,6,0.945247,
/os_cloud_node/points_decim_1,Draco 6 + ZSTD,30,0.157068,53530,24001,6,0.942409,
/os_cloud_node/points_decim_1,Draco 6 + ZSTD,31,0.159883,54128,24910,6,0.959298,
/os_cloud_node/points_decim_1,Draco 6 + ZSTD,32,0.158426,51705,23625,6,0.950557,
/os_cloud_node/points_decim_1,Draco 6 + ZSTD,33,0.152177,51229,23545,6,0.913059,
/os_cloud_node/points_decim_1,Draco 6 + ZSTD,34,0.152055,50332,23152,6,0.91233,
/os_cloud_node/points_decim_1,Draco 6 + ZSTD,35,0.152345,52192,23479,6,0.914073,
/os_cloud_node/points_decim_1,Draco 6 + ZSTD,36,0.154625,50996,23419,6,0.927752,
/os_cloud_node/points_decim_1,Draco 6 + ZSTD,37,0.156229,50258,23053,6,0.937376,
/os_cloud_node/points_decim_1,Draco 6 + ZSTD,38,0.157096,49922,23132,6,0.942578,
/os_cloud_node/points_decim_1,Draco 6 + ZSTD,39,0.15324,53312,24184,6,0.919437,
/os_cloud_node/points_decim_1,Draco 6 + ZSTD,40,0.156434,52209,23478,6,0.938601,
/os_cloud_node/points_decim_1,Draco 6 + ZSTD,41,0.155319,50386,22915,6,0.931915,
/os_cloud_node/points_decim_1,Draco 6 + ZSTD,42,0.153996,50481,22932,6,0.923974,
/os_cloud_node/points_decim_1,Draco 6 + ZSTD,43,0.154646,50730,23018,6,0.927876,
/os_cloud_node/points_decim_1,Draco 6 + ZSTD,44,0.155304,50758,23205,6,0.931827,
/os_cloud_node/points_decim_1,Draco 6 + ZSTD,45,0.154749,51712,23421,6,0.928496,
/os_cloud_node/points_decim_1,Draco 6 + ZSTD,46,0.153939,51255,23066,6,0.923633,
/os_cloud_node/points_decim_1,Draco 6 + ZSTD,47,0.153052,51454,23060,6,0.918314,
/os_cloud_node/points_decim_1,Draco 6 + ZSTD,48,0.15397,50794,23313,6,0.923819,
/os_cloud_node/points_decim_1,Draco 6 + ZSTD,49,0.151747,51099,24048,6,0.91048,
/os_cloud_node/points_decim_1,Draco 6 + ZSTD,50,0.149316,50637,23395,6,0.895893,
/os_cloud_node/points_decim_1,Draco 6 + ZSTD,51,0.148404,50551,23196,6,0.890427,
/os_cloud_node/points_decim_1,Draco 6 + ZSTD,52,0.148262,51006,23425,6,0.889573,
/os_cloud_node/points_decim_1,Draco 6 + ZSTD,53,0.143579,49930,22881,6,0.861474,
/os_cloud_node/points_decim_1,Draco 6 + ZSTD,54,0.145284,49860,23349,6,0.871706,
/os_cloud_node/points_decim_1,Draco 6 + ZSTD,55,0.145941,50799,22760,6,0.875644,
/os_cloud_node/points_decim_1,Draco 6 + ZSTD,56,0.146157,49942,23246,6,0.876945,
/os_cloud_node/points_decim_1,Draco 6 + ZSTD,57,0.145827,49027,22188,6,0.874963,
/os_cloud_node/points_decim_1,Draco 6 + ZSTD,58,0.148782,49824,22665,6,0.892694,
/os_cloud_node/points_decim_1,Draco 6 + ZSTD,59,0.150064,50591,23079,6,0.900384,
/os_cloud_node/points_decim_1,Draco 6 + ZSTD,60,0.14959,51200,23518,6,0.897541,
/os_cloud_node/points_decim_1,Draco 6 + ZSTD,61,0.150186,52726,23126,6,0.901118,
/os_cloud_node/points_decim_1,Draco 6 + ZSTD,62,0.149403,52163,23031,6,0.896419,
/os_cloud_node/points_decim_1,Draco 6 + ZSTD,63,0.152159,51356,23506,6,0.912953,
/os_cloud_node/points_decim_1,Draco 6 + ZSTD,64,0.151942,50908,23596,6,0.91165,
/os_cloud_node/points_decim_1,Draco 6 + ZSTD,65,0.150621,50578,23222,6,0.903728,
/os_cloud_node/points_decim_1,Draco 6 + ZSTD,66,0.148563,51489,24088,6,0.891378,
/os_cloud_node/points_decim_1,Draco 6 + ZSTD,67,0.145514,50298,22686,6,0.873082,
/os_cloud_node/points_decim_1,Draco 6 + ZSTD,68,0.143275,50330,22634,6,0.859648,
/os_cloud_node/points_decim_1,Draco 6 + ZSTD,69,0.140785,49626,22484,6,0.844709,
/os_cloud_node/points_decim_1,Draco 6 + ZSTD,70,0.142572,49204,22307,6,0.855433,
/os_cloud_node/points_decim_1,Draco 6 + ZSTD,71,0.141413,51089,22953,6,0.848476,
/os_cloud_node/points_decim_1,Draco 6 + ZSTD,72,0.141972,51736,23663,6,0.851834,
/os_cloud_node/points_decim_1,Draco 6 + ZSTD,73,0.143241,49893,22400,6,0.859447,
/os_cloud_node/points_decim_1,Draco 6 + ZSTD,74,0.144839,50606,22730,6,0.869037,
/os_cloud_node/points_decim_1,Draco 6 + ZSTD,75,0.143772,50680,22999,6,0.862631,
/os_cloud_node/points_decim_1,Draco 6 + ZSTD,76,0.144421,52481,23693,6,0.866528,
/os_cloud_node/points_decim_1,Draco 6 + ZSTD,77,0.148372,50910,22700,6,0.89023,
/os_cloud_node/points_decim_1,Draco 6 + ZSTD,78,0.148303,50166,22588,6,0.889819,
/os_cloud_node/points_decim_1,Draco 6 + ZSTD,79,0.146656,49985,22592,6,0.879933,
/os_cloud_node/points_decim_1,Draco 6 + ZSTD,80,0.15082,50052,22581,6,0.904921,
/os_cloud_node/points_decim_1,Draco 6 + ZSTD,81,0.150028,52389,22648,6,0.900167,
/os_cloud_node/points_decim_1,Draco 6 + ZSTD,82,0.149212,53169,23249,6,0.895272,
/os_cloud_node/points_decim_1,Draco 6 + ZSTD,83,0.151381,50343,22729,6,0.908283,
/os_cloud_node/points_decim_1,Draco 6 + ZSTD,84,0.15113,51456,23245,6,0.90678,
/os_cloud_node/points_decim_1,Draco 6 + ZSTD,85,0.150876,49721,22643,6,0.905257,
/os_cloud_node/points_decim_1,Draco 6 + ZSTD,86,0.149986,49951,22846,6,0.899916,
/os_cloud_node/points_decim_1,Draco 6 + ZSTD,87,0.149591,49921,22733,6,0.897549,
/os_cloud_node/points_decim_1,Draco 6 + ZSTD,88,0.148875,50458,22769,6,0.89325,
/os_cloud_node/points_decim_1,Draco 6 + ZSTD,89,0.150531,51331,23373,6,0.903188,
/os_cloud_node/points_decim_1,Draco 6 + ZSTD,90,0.150267,49740,23006,6,0.901602,
/os_cloud_node/points_decim_1,Draco 6 + ZSTD,91,0.149498,49576,22507,6,0.89699,
/os_cloud_node/points_decim_1,Draco 6 + ZSTD,92,0.150803,49772,22663,6,0.904819,
/os_cloud_node/points_decim_1,Draco 6 + ZSTD,93,0.149964,49675,22720,6,0.899784,
/os_cloud_node/points_decim_1,Draco 6 + ZSTD,94,0.15196,50542,22649,6,0.911761,
/os_cloud_node/points_decim_1,Draco 6 + ZSTD,95,0.152982,49642,22629,6,0.917892,
/os_cloud_node/points_decim_1,Draco 6 + ZSTD,96,0.151229,50208,22856,6,0.907373,
/os_cloud_node/points_decim_1,Draco 6 + ZSTD,97,0.15149,49466,22684,6,0.908942,
/os_cloud_node/points_decim_1,Draco 6 + ZSTD,98,0.152442,50386,22862,6,0.914652,
/os_cloud_node/points_decim_1,Draco 6 + ZSTD,99,0.149492,51571,23636,6,0.896951,
/os_cloud_node/points_decim_1,Draco 6 + ZSTD,100,0.150857,50429,23389,6,0.905145,
/os_cloud_node/points_decim_1,Draco 6 + ZSTD,101,0.149914,50393,23524,6,0.899486,
/os_cloud_node/points_decim_1,Draco 6 + ZSTD,102,0.147972,50136,22687,6,0.887834,
/os_cloud_node/points_decim_1,Draco 6 + ZSTD,103,0.151971,50836,22690,6,0.911823,
/os_cloud_node/points_decim_1,Draco 6 + ZSTD,104,0.15405,51664,23103,6,0.924298,
/os_cloud_node/points_decim_1,Draco 6 + ZSTD,105,0.153776,50794,22981,6,0.922659,
/os_cloud_node/points_decim_1,Draco 6 + ZSTD,106,0.152716,50447,23005,6,0.916293,
/os_cloud_node/points_decim_1,Draco 6 + ZSTD,107,0.151982,49392,22518,6,0.911891,
/os_cloud_node/points_decim_1,Draco 6 + ZSTD,108,0.151865,50065,22462,6,0.911192,
/os_cloud_node/points_decim_1,Draco 6 + ZSTD,109,0.151292,50369,23165,6,0.907755,
/os_cloud_node/points_decim_1,Draco 6 + ZSTD,110,0.149453,49807,22637,6,0.89672,
/os_cloud_node/points_decim_1,Draco 6 + ZSTD,111,0.152301,50729,22991,6,0.913808,
/os_cloud_node/points_decim_1,Draco 6 + ZSTD,112,0.154465,51212,23486,6,0.92679,
/os_cloud_node/points_decim_1,Draco 6 + ZSTD,113,0.151977,50925,23507,6,0.91186,
/os_cloud_node/points_decim_1,Draco 6 + ZSTD,114,0.153177,50577,23036,6,0.919061,
/os_cloud_node/points_decim_1,Draco 6 + ZSTD,115,0.152816,50032,22995,6,0.916897,
/os_cloud_node/points_decim_1,Draco 6 + ZSTD,116,0.152189,49991,22705,6,0.913132,
/os_cloud_node/points_decim_1,Draco 6 + ZSTD,117,0.151915,50629,23357,6,0.911492,
/os_cloud_node/points_decim_1,Draco 6 + ZSTD,118,0.151975,51168,23695,6,0.911849,
/os_cloud_node/points_decim_1,Draco 6 + ZSTD,119,0.150693,50428,22670,6,0.90416,
/os_cloud_node/points_decim_1,Draco 6 + ZSTD,120,0.150922,50159,22443,6,0.90553,
/os_cloud_node/points_decim_1,Draco 6 + ZSTD,121,0.15201,49774,22771,6,0.912058,
/os_cloud_node/points_decim_1,Draco 6 + ZSTD,122,0.151684,51366,23283,6,0.910102,
/os_cloud_node/points_decim_1,Draco 6 + ZSTD,123,0.150718,51277,22945,6,0.904306,
/os_cloud_node/points_decim_1,Draco 6 + ZSTD,124,0.151943,49682,22301,6,0.911656,
/os_cloud_node/points_decim_1,Draco 6 + ZSTD,125,0.151677,49941,22665,6,0.910064,
/os_cloud_node/points_decim_1,Draco 6 + ZSTD,126,0.15049,49662,22500,6,0.90294,
/os_cloud_node/points_decim_1,Draco 6 + ZSTD,127,0.14942,49855,22423,6,0.89652,
/os_cloud_node/points_decim_1,Draco 6 + ZSTD,128,0.148843,50914,23244,6,0.893058,
/os_cloud_node/points_decim_1,Draco 6 + ZSTD,129,0.147964,50201,22395,6,0.887787,
/os_cloud_node/points_decim_1,Draco 6 + ZSTD,130,0.148924,50088,22784,6,0.893546,
/os_cloud_node/points_decim_1,Draco 6 + ZSTD,131,0.149415,49917,22551,6,0.89649,
/os_cloud_node/points_decim_1,Draco 6 + ZSTD,132,0.150182,50215,22852,6,0.901093,
/os_cloud_node/points_decim_1,Draco 6 + ZSTD,133,0.150373,49963,22518,6,0.902237,
/os_cloud_node/points_decim_1,Draco 6 + ZSTD,134,0.150889,49813,22510,6,0.905336,
/os_cloud_node/points_decim_1,Draco 6 + ZSTD,135,0.150936,50157,22305,6,0.905617,
/os_cloud_node/points_decim_1,Draco 6 + ZSTD,136,0.151512,50183,22752,6,0.909072,
/os_cloud_node/points_decim_1,Draco 6 + ZSTD,137,0.153253,51938,23239,6,0.919518,
/os_cloud_node/points_decim_1,Draco 6 + ZSTD,138,0.153008,51045,23321,6,0.918048,
/os_cloud_node/points_decim_1,Draco 6 + ZSTD,139,0.154864,50887,23381,6,0.929184,
/os_cloud_node/points_decim_1,Draco 6 + ZSTD,140,0.156648,51181,23206,6,0.939891,
/os_cloud_node/points_decim_1,Draco 6 + ZSTD,141,0.15481,50952,23252,6,0.928859,
/os_cloud_node/points_decim_1,Draco 6 + ZSTD,142,0.154445,52341,24024,6,0.926668,
/os_cloud_node/points_decim_1,Draco 6 + ZSTD,143,0.146909,51124,23097,6,0.881454,
/os_cloud_node/points_decim_1,Draco 6 + ZSTD,144,0.154209,50908,23553,6,0.925257,
/os_cloud_node/points_decim_1,Draco 6 + ZSTD,145,0.15309,50929,23031,6,0.918542,
/os_cloud_node/points_decim_1,Draco 6 + ZSTD,146,0.154865,51339,23490,6,0.929191,
/os_cloud_node/points_decim_1,Draco 6 + ZSTD,147,0.155509,51205,23568,6,0.933056,
/os_cloud_node/points_decim_1,Draco 6 + ZSTD,148,0.152927,50607,22901,6,0.917562,
/os_cloud_node/points_decim_1,Draco 6 + ZSTD,149,0.151184,50699,22458,6,0.907105,
/os_cloud_node/points_decim_1,Draco 6 + ZSTD,150,0.151112,49834,22680,6,0.906672,
/os_cloud_node/points_decim_1,Draco 6 + ZSTD,151,0.151692,51816,24081,6,0.910154,
/os_cloud_node/points_decim_1,Draco 6 + ZSTD,152,0.152871,51463,22850,6,0.917229,
/os_cloud_node/points_decim_1,Draco 6 + ZSTD,153,0.154365,51475,23442,6,0.926191,
/os_cloud_node/points_decim_1,Draco 6 + ZSTD,154,0.157755,50753,23659,6,0.946531,
/os_cloud_node/points_decim_1,Draco 6 + ZSTD,155,0.155782,51418,23837,6,0.93469,
/os_cloud_node/points_decim_1,Draco 6 + ZSTD,156,0.154724,52363,24267,6,0.928342,
/os_cloud_node/points_decim_1,Draco 6 + ZSTD,157,0.152392,50522,23117,6,0.914354,
/os_cloud_node/points_decim_1,Draco 6 + ZSTD,158,0.152997,50826,23226,6,0.917984,
/os_cloud_node/points_decim_1,Draco 6 + ZSTD,159,0.151919,50224,22966,6,0.911514,
/os_cloud_node/points_decim_1,Draco 6 + ZSTD,160,0.153654,50610,23783,6,0.921925,
/os_cloud_node/points_decim_1,Draco 6 + ZSTD,161,0.153189,52038,23816,6,0.919134,
/os_cloud_node/points_decim_1,Draco 6 + ZSTD,162,0.150481,51187,23746,6,0.902885,
/os_cloud_node/points_decim_1,Draco 6 + ZSTD,163,0.150379,50595,23286,6,0.902274,
/os_cloud_node/points_decim_1,Draco 6 + ZSTD,164,0.149826,50005,22566,6,0.898957,
/os_cloud_node/points_decim_1,Draco 6 + ZSTD,165,0.150917,50244,22883,6,0.905499,
/os_cloud_node/points_decim_1,Draco 6 + ZSTD,166,0.149437,50233,22783,6,0.89662,
/os_cloud_node/points_decim_1,Draco 6 + ZSTD,167,0.148736,51522,22687,6,0.892415,
/os_cloud_node/points_decim_1,Draco 6 + ZSTD,168,0.149648,50408,22912,6,0.897885,
/os_cloud_node/points_decim_1,Draco 6 + ZSTD,169,0.150567,50640,23203,6,0.903402,
/os_cloud_node/points_decim_1,Draco 6 + ZSTD,170,0.149499,50144,22999,6,0.896995,
/os_cloud_node/points_decim_1,Draco 6 + ZSTD,171,0.149341,50377,23084,6,0.896044,
/os_cloud_node/points_decim_1,Draco 6 + ZSTD,172,0.149941,50187,22876,6,0.899649,
/os_cloud_node/points_decim_1,Draco 6 + ZSTD,173,0.151176,51037,23452,6,0.907056,
/os_cloud_node/points_decim_1,Draco 6 + ZSTD,174,0.151863,50265,22887,6,0.911178,
/os_cloud_node/points_decim_1,Draco 6 + ZSTD,175,0.152161,50676,22708,6,0.912968,
/os_cloud_node/points_decim_1,Draco 6 + ZSTD,176,0.152141,50266,22832,6,0.912847,
/os_cloud_node/points_decim_1,Draco 6 + ZSTD,177,0.151423,50521,22688,6,0.90854,
/os_cloud_node/points_decim_1,Draco 6 + ZSTD,178,0.151142,51765,23502,6,0.906854,
/os_cloud_node/points_decim_1,Draco 6 + ZSTD,179,0.148871,51114,22620,6,0.893224,
/os_cloud_node/points_decim_1,Draco 6 + ZSTD,180,0.150073,51321,23289,6,0.900438,
/os_cloud_node/points_decim_1,Draco 6 + ZSTD,181,0.147288,50623,22958,6,0.883727,
/os_cloud_node/points_decim_1,Draco 6 + ZSTD,182,0.144098,50844,22796,6,0.864589,
/os_cloud_node/points_decim_1,Draco 6 + ZSTD,183,0.145149,51986,23785,6,0.870892,
/os_cloud_node/points_decim_1,Draco 6 + ZSTD,184,0.14275,50316,22602,6,0.856501,
/os_cloud_node/points_decim_1,Draco 6 + ZSTD,185,0.141959,51414,23176,6,0.851752,
/os_cloud_node/points_decim_1,Draco 6 + ZSTD,186,0.144702,50487,22968,6,0.868214,
/os_cloud_node/points_decim_1,Draco 6 + ZSTD,187,0.144248,49512,22383,6,0.865488,
/os_cloud_node/points_decim_1,Draco 6 + ZSTD,188,0.146957,51594,23278,6,0.881742,
/os_cloud_node/points_decim_1,Draco 6 + ZSTD,189,0.146661,51333,23364,6,0.879966,
/os_cloud_node/points_decim_1,Draco 6 + ZSTD,190,0.149155,51900,23588,6,0.894933,
/os_cloud_node/points_decim_1,Draco 6 + ZSTD,191,0.147825,52827,23884,6,0.886948,
/os_cloud_node/points_decim_1,Draco 6 + ZSTD,192,0.145888,53216,24104,6,0.875331,
/os_cloud_node/points_decim_1,Draco 6 + ZSTD,193,0.145877,53452,23635,6,0.87526,
/os_cloud_node/points_decim_1,Draco 6 + ZSTD,194,0.147283,51082,23376,6,0.883698,
/os_cloud_node/points_decim_1,Draco 6 + ZSTD,195,0.145633,50497,23324,6,0.873796,
/os_cloud_node/points_decim_1,Draco 6 + ZSTD,196,0.147585,50396,23542,6,0.885508,
/os_cloud_node/points_decim_1,Draco 6 + ZSTD,197,0.148494,51977,23455,6,0.890966,
/os_cloud_node/points_decim_1,Draco 6 + ZSTD,198,0.147896,51590,23579,6,0.887377,
/os_cloud_node/points_decim_1,Draco 6 + ZSTD,199,0.151058,50405,23465,6,0.90635,
/os_cloud_node/points_decim_1,Draco 6 + ZSTD,200,0.147663,50912,23028,6,0.885981,
/os_cloud_node/points_decim_1,Draco 6 + ZSTD,201,0.149679,50777,23284,6,0.898075,
/os_cloud_node/points_decim_1,Draco 6 + ZSTD,202,0.150599,50150,24196,6,0.903596,
/os_cloud_node/points_decim_1,Draco 6 + ZSTD,203,0.151961,50360,22743,6,0.911763,
/os_cloud_node/points_decim_1,Draco 6 + ZSTD,204,0.151272,50653,23123,6,0.907631,
/os_cloud_node/points_decim_1,Draco 6 + ZSTD,205,0.15326,50733,23125,6,0.919562,
/os_cloud_node/points_decim_1,Draco 6 + ZSTD,206,0.155923,50813,23931,6,0.935539,
/os_cloud_node/points_decim_1,Draco 6 + ZSTD,207,0.158326,51807,25033,6,0.949958,
/os_cloud_node/points_decim_1,Draco 6 + ZSTD,208,0.156869,51554,23463,6,0.941215,
/os_cloud_node/points_decim_1,Draco 6 + ZSTD,209,0.157801,50654,23771,6,0.946803,
/os_cloud_node/points_decim_1,Draco 6 + ZSTD,210,0.156232,50851,23283,6,0.937394,
/os_cloud_node/points_decim_1,Draco 6 + ZSTD,211,0.156544,50881,23017,6,0.939262,
/os_cloud_node/points_decim_1,Draco 6 + ZSTD,212,0.157803,52343,23738,6,0.946817,
/os_cloud_node/points_decim_1,Draco 6 + ZSTD,213,0.158058,50893,22980,6,0.94835,
/os_cloud_node/points_decim_1,Draco 6 + ZSTD,214,0.158668,51021,22921,6,0.952008,
/os_cloud_node/points_decim_1,Draco 6 + ZSTD,215,0.159516,50776,23041,6,0.957096,
/os_cloud_node/points_decim_1,Draco 6 + ZSTD,216,0.157262,51597,23496,6,0.943573,
/os_cloud_node/points_decim_1,Draco 6 + ZSTD,217,0.155841,52853,23682,6,0.935048,
/os_cloud_node/points_decim_1,Draco 6 + ZSTD,218,0.158656,51855,23672,6,0.951937,
/os_cloud_node/points_decim_1,Draco 6 + ZSTD,219,0.15691,51019,23617,6,0.941462,
/os_cloud_node/points_decim_1,Draco 6 + ZSTD,220,0.153376,50940,24004,6,0.920258,
/os_cloud_node/points_decim_1,Draco 6 + ZSTD,221,0.155152,51849,24301,6,0.930915,
/os_cloud_node/points_decim_1,Draco 6 + ZSTD,222,0.150519,53129,24293,6,0.903113,
/os_cloud_node/points_decim_1,Draco 6 + ZSTD,223,0.15263,53712,24072,6,0.915781,
/os_cloud_node/points_decim_1,Draco 6 + ZSTD,224,0.153303,53834,24286,6,0.919821,
/os_cloud_node/points_decim_1,Draco 6 + ZSTD,225,0.159334,54910,24797,6,0.956003,
/os_cloud_node/points_decim_1,Draco 6 + ZSTD,226,0.167329,55666,27415,6,1.00397,
/os_cloud_node/points_decim_1,Draco 6 + ZSTD,227,0.171381,54801,25559,6,1.02829,
/os_cloud_node/points_decim_1,Draco 6 + ZSTD,228,0.179254,55152,26649,6,1.07552,
/os_cloud_node/points_decim_1,Draco 6 + ZSTD,229,0.18643,56328,26770,6,1.11858,
/os_cloud_node/points_decim_1,Draco 6 + ZSTD,230,0.182973,56518,26638,6,1.09784,
/os_cloud_node/points_decim_1,Draco 6 + ZSTD,231,0.177394,57706,27086,6,1.06436,
/os_cloud_node/points_decim_1,Draco 6 + ZSTD,232,0.181399,55271,26152,6,1.08839,
/os_cloud_node/points_decim_1,Draco 6 + ZSTD,233,0.181675,55891,26630,6,1.09005,
/os_cloud_node/points_decim_1,Draco 6 + ZSTD,234,0.180671,55694,26152,6,1.08403,
/os_cloud_node/points_decim_1,Draco 6 + ZSTD,235,0.183014,55850,26454,6,1.09808,
/os_cloud_node/points_decim_1,Draco 6 + ZSTD,236,0.179138,56319,26286,6,1.07483,
/os_cloud_node/points_decim_1,Draco 6 + ZSTD,237,0.178942,55720,26641,6,1.07365,
/os_cloud_node/points_decim_1,Draco sequential default quantization,0,0.427112,24963,11417,6,2.56267,
/os_cloud_node/points_decim_1,Draco sequential default quantization,1,0.427118,24832,11341,6,2.56271,
/os_cloud_node/points_decim_1,Draco sequential default quantization,2,0.427131,24693,11299,6,2.56279,
/os_cloud_node/points_decim_1,Draco sequential default quantization,3,0.42738,22251,12722,6,2.56428,
/os_cloud_node/points_decim_1,Draco sequential default quantization,4,0.427477,22112,12528,6,2.56486,
/os_cloud_node/points_decim_1,Draco sequential default quantization,5,0.427445,26655,11460,6,2.56467,
/os_cloud_node/points_decim_1,Draco sequential default quantization,6,0.427727,23730,11167,6,2.56636,
/os_cloud_node/points_decim_1,Draco sequential default quantization,7,0.428257,24743,11340,6,2.56954,
/os_cloud_node/points_decim_1,Draco sequential default quantization,8,0.42846,24797,11286,6,2.57076,
/os_cloud_node/points_decim_1,Draco sequential default quantization,9,0.428537,23804,11259,6,2.57122,
/os_cloud_node/points_decim_1,Draco sequential default quantization,10,0.427999,23837,11256,6,2.56799,
/os_cloud_node/points_decim_1,Draco sequential default quantization,11,0.42744,24924,11354,6,2.56464,
/os_cloud_node/points_decim_1,Draco sequential default quantization,12,0.426444,23379,11193,6,2.55866,
/os_cloud_node/points_decim_1,Draco sequential default quantization,13,0.424838,24107,11235,6,2.54903,
/os_cloud_node/points_decim_1,Draco sequential default quantization,14,0.423637,23713,10925,6,2.54182,
/os_cloud_node/points_decim_1,Draco sequential default quantization,15,0.422279,24227,10959,6,2.53367,
/os_cloud_node/points_decim_1,Draco sequential default quantization,16,0.420013,23420,11008,6,2.52008,
/os_cloud_node/points_decim_1,Draco sequential default quantization,17,0.417913,23794,10962,6,2.50748,
/os_cloud_node/points_decim_1,Draco sequential default quantization,18,0.416022,23754,11119,6,2.49613,
/os_cloud_node/points_decim_1,Draco sequential default quantization,19,0.415369,24428,11352,6,2.49221,
/os_cloud_node/points_decim_1,Draco sequential default quantization,20,0.414541,24202,11191,6,2.48725,
/os_cloud_node/points_decim_1,Draco sequential default quantization,21,0.414224,23866,11352,6,2.48534,
/os_cloud_node/points_decim_1,Draco sequential default quantization,22,0.414235,23924,11064,6,2.48541,
/os_cloud_node/points_decim_1,Draco sequential default quantization,23,0.414253,23488,11016,6,2.48552,
/os_cloud_node/points_decim_1,Draco sequential default quantization,24,0.414498,23586,10939,6,2.48699,
/os_cloud_node/points_decim_1,Draco sequential default quantization,25,0.415072,23568,11032,6,2.49043,
/os_cloud_node/points_decim_1,Draco sequential default quantization,26,0.41546,23568,10911,6,2.49276,
/os_cloud_node/points_decim_1,Draco sequential default quantization,27,0.416161,24462,11107,6,2.49697,
/os_cloud_node/points_decim_1,Draco sequential default quantization,28,0.416329,24557,11161,6,2.49797,
/os_cloud_node/points_decim_1,Draco sequential default quantization,29,0.416701,24526,11239,6,2.5002,
/os_cloud_node/points_decim_1,Draco sequential default quantization,30,0.416293,23906,11084,6,2.49776,
/os_cloud_node/points_decim_1,Draco sequential default quantization,31,0.415715,24446,11406,6,2.49429,
/os_cloud_node/points_decim_1,Draco sequential default quantization,32,0.412326,23194,11143,6,2.47396,
/os_cloud_node/points_decim_1,Draco sequential default quantization,33,0.408334,23256,11017,6,2.45001,
/os_cloud_node/points_decim_1,Draco sequential default quantization,34,0.407833,22763,11306,6,2.447,
/os_cloud_node/points_decim_1,Draco sequential default quantization,35,0.409319,22849,11807,6,2.45591,
/os_cloud_node/points_decim_1,Draco sequential default quantization,36,0.41056,22776,10928,6,2.46336,
/os_cloud_node/points_decim_1,Draco sequential default quantization,37,0.411626,22763,10825,6,2.46976,
/os_cloud_node/points_decim_1,Draco sequential default quantization,38,0.412186,22605,10549,6,2.47311,
/os_cloud_node/points_decim_1,Draco sequential default quantization,39,0.412453,23561,10725,6,2.47472,
/os_cloud_node/points_decim_1,Draco sequential default quantization,40,0.411892,23432,10663,6,2.47135,
/os_cloud_node/points_decim_1,Draco sequential default quantization,41,0.411311,22509,10013,6,2.46786,
/os_cloud_node/points_decim_1,Draco sequential default quantization,42,0.410387,22440,9975,6,2.46232,
/os_cloud_node/points_decim_1,Draco sequential default quantization,43,0.410078,21614,10025,6,2.46047,
/os_cloud_node/points_decim_1,Draco sequential default quantization,44,0.409965,21802,10173,6,2.45979,
/os_cloud_node/points_decim_1,Draco sequential default quantization,45,0.410273,21857,10204,6,2.46164,
/os_cloud_node/points_decim_1,Draco sequential default quantization,46,0.409565,21397,10171,6,2.45739,
/os_cloud_node/points_decim_1,Draco sequential default quantization,47,0.409109,21994,9991,6,2.45465,
/os_cloud_node/points_decim_1,Draco sequential default quantization,48,0.409461,21638,10393,6,2.45677,
/os_cloud_node/points_decim_1,Draco sequential default quantization,49,0.408471,21913,10214,6,2.45082,
/os_cloud_node/points_decim_1,Draco sequential default quantization,50,0.40544,21919,10319,6,2.43264,
/os_cloud_node/points_decim_1,Draco sequential default quantization,51,0.405627,22158,10173,6,2.43376,
/os_cloud_node/points_decim_1,Draco sequential default quantization,52,0.404626,22218,10015,6,2.42776,
/os_cloud_node/points_decim_1,Draco sequential default quantization,53,0.404405,22343,10518,6,2.42643,
/os_cloud_node/points_decim_1,Draco sequential default quantization,54,0.404946,21982,10111,6,2.42968,
/os_cloud_node/points_decim_1,Draco sequential default quantization,55,0.405914,22295,10102,6,2.43549,
/os_cloud_node/points_decim_1,Draco sequential default quantization,56,0.406727,22415,10079,6,2.44036,
/os_cloud_node/points_decim_1,Draco sequential default quantization,57,0.406583,22447,10416,6,2.4395,
/os_cloud_node/points_decim_1,Draco sequential default quantization,58,0.406885,22798,10491,6,2.44131,
/os_cloud_node/points_decim_1,Draco sequential default quantization,59,0.406708,23009,10475,6,2.44025,
/os_cloud_node/points_decim_1,Draco sequential default quantization,60,0.405993,22848,10589,6,2.43596,
/os_cloud_node/points_decim_1,Draco sequential default quantization,61,0.404582,22814,10393,6,2.42749,
/os_cloud_node/points_decim_1,Draco sequential default quantization,62,0.405918,22440,10200,6,2.43551,
/os_cloud_node/points_decim_1,Draco sequential default quantization,63,0.406627,22324,10205,6,2.43976,
/os_cloud_node/points_decim_1,Draco sequential default quantization,64,0.405705,22425,10165,6,2.43423,
/os_cloud_node/points_decim_1,Draco sequential default quantization,65,0.40509,22321,10081,6,2.43054,
/os_cloud_node/points_decim_1,Draco sequential default quantization,66,0.403241,22491,10297,6,2.41945,
/os_cloud_node/points_decim_1,Draco sequential default quantization,67,0.401965,21849,9865,6,2.41179,
/os_cloud_node/points_decim_1,Draco sequential default quantization,68,0.399665,22313,10180,6,2.39799,
/os_cloud_node/points_decim_1,Draco sequential default quantization,69,0.398588,21896,10016,6,2.39153,
/os_cloud_node/points_decim_1,Draco sequential default quantization,70,0.398857,21649,10147,6,2.39314,
/os_cloud_node/points_decim_1,Draco sequential default quantization,71,0.399298,21764,10110,6,2.39579,
/os_cloud_node/points_decim_1,Draco sequential default quantization,72,0.400252,22267,10089,6,2.40151,
/os_cloud_node/points_decim_1,Draco sequential default quantization,73,0.400937,21356,10091,6,2.40562,
/os_cloud_node/points_decim_1,Draco sequential default quantization,74,0.401769,21656,9967,6,2.41061,
/os_cloud_node/points_decim_1,Draco sequential default quantization,75,0.402227,23760,10565,6,2.41336,
/os_cloud_node/points_decim_1,Draco sequential default quantization,76,0.403023,22357,10319,6,2.41814,
/os_cloud_node/points_decim_1,Draco sequential default quantization,77,0.40496,21837,10161,6,2.42976,
/os_cloud_node/points_decim_1,Draco sequential default quantization,78,0.404799,21770,10415,6,2.4288,
/os_cloud_node/points_decim_1,Draco sequential default quantization,79,0.405862,21827,10156,6,2.43517,
/os_cloud_node/points_decim_1,Draco sequential default quantization,80,0.407497,21925,10025,6,2.44498,
/os_cloud_node/points_decim_1,Draco sequential default quantization,81,0.407882,22090,9964,6,2.44729,
/os_cloud_node/points_decim_1,Draco sequential default quantization,82,0.408207,22863,10298,6,2.44924,
/os_cloud_node/points_decim_1,Draco sequential default quantization,83,0.40969,22585,10182,6,2.45814,
/os_cloud_node/points_decim_1,Draco sequential default quantization,84,0.410283,23748,10378,6,2.4617,
/os_cloud_node/points_decim_1,Draco sequential default quantization,85,0.409691,22969,10280,6,2.45815,
/os_cloud_node/points_decim_1,Draco sequential default quantization,86,0.408087,22194,10210,6,2.44852,
/os_cloud_node/points_decim_1,Draco sequential default quantization,87,0.407989,22272,10018,6,2.44794,
/os_cloud_node/points_decim_1,Draco sequential default quantization,88,0.408208,22367,10125,6,2.44925,
/os_cloud_node/points_decim_1,Draco sequential default quantization,89,0.408241,22751,10139,6,2.44945,
/os_cloud_node/points_decim_1,Draco sequential default quantization,90,0.408383,21781,9963,6,2.4503,
/os_cloud_node/points_decim_1,Draco sequential default quantization,91,0.408561,21840,10025,6,2.45136,
/os_cloud_node/points_decim_1,Draco sequential default quantization,92,0.408667,23097,10332,6,2.452,
/os_cloud_node/points_decim_1,Draco sequential default quantization,93,0.408302,22232,10129,6,2.44981,
/os_cloud_node/points_decim_1,Draco sequential default quantization,94,0.407982,22069,10158,6,2.44789,
/os_cloud_node/points_decim_1,Draco sequential default quantization,95,0.408129,21686,9940,6,2.44877,
/os_cloud_node/points_decim_1,Draco sequential default quantization,96,0.407523,22059,9895,6,2.44514,
/os_cloud_node/points_decim_1,Draco sequential default quantization,97,0.406981,21832,9989,6,2.44188,
/os_cloud_node/points_decim_1,Draco sequential default quantization,98,0.406053,21481,10265,6,2.43632,
/os_cloud_node/points_decim_1,Draco sequential default quantization,99,0.404384,22050,10098,6,2.4263,
/os_cloud_node/points_decim_1,Draco sequential default quantization,100,0.404754,21743,10092,6,2.42852,
/os_cloud_node/points_decim_1,Draco sequential default quantization,101,0.404923,21906,10217,6,2.42954,
/os_cloud_node/points_decim_1,Draco sequential default quantization,102,0.403857,21791,10097,6,2.42314,
/os_cloud_node/points_decim_1,Draco sequential default quantization,103,0.405799,22046,10298,6,2.43479,
/os_cloud_node/points_decim_1,Draco sequential default quantization,104,0.406729,22763,10144,6,2.44037,
/os_cloud_node/points_decim_1,Draco sequential default quantization,105,0.407153,21742,10028,6,2.44292,
/os_cloud_node/points_decim_1,Draco sequential default quantization,106,0.408424,22337,10009,6,2.45055,
/os_cloud_node/points_decim_1,Draco sequential default quantization,107,0.408601,22289,10095,6,2.4516,
/os_cloud_node/points_decim_1,Draco sequential default quantization,108,0.407959,22094,10009,6,2.44775,
/os_cloud_node/points_decim_1,Draco sequential default quantization,109,0.408294,23172,10191,6,2.44976,
/os_cloud_node/points_decim_1,Draco sequential default quantization,110,0.408377,23022,10111,6,2.45026,
/os_cloud_node/points_decim_1,Draco sequential default quantization,111,0.409385,23009,10140,6,2.45631,
/os_cloud_node/points_decim_1,Draco sequential default quantization,112,0.409689,22381,10055,6,2.45813,
/os_cloud_node/points_decim_1,Draco sequential default quantization,113,0.408952,22801,10167,6,2.45371,
/os_cloud_node/points_decim_1,Draco sequential default quantization,114,0.409053,22067,10188,6,2.45432,
/os_cloud_node/points_decim_1,Draco sequential default quantization,115,0.409023,21714,10136,6,2.45414,
/os_cloud_node/points_decim_1,Draco sequential default quantization,116,0.408112,21736,9932,6,2.44867,
/os_cloud_node/points_decim_1,Draco sequential default quantization,117,0.407809,21752,10109,6,2.44685,
/os_cloud_node/points_decim_1,Draco sequential default quantization,118,0.407891,23098,10311,6,2.44735,
/os_cloud_node/points_decim_1,Draco sequential default quantization,119,0.406739,23379,10228,6,2.44044,
/os_cloud_node/points_decim_1,Draco sequential default quantization,120,0.406468,23147,10098,6,2.43881,
/os_cloud_node/points_decim_1,Draco sequential default quantization,121,0.406793,22038,10216,6,2.44076,
/os_cloud_node/points_decim_1,Draco sequential default quantization,122,0.40679,22316,10194,6,2.44074,
/os_cloud_node/points_decim_1,Draco sequential default quantization,123,0.40802,24440,10342,6,2.44812,
/os_cloud_node/points_decim_1,Draco sequential default quantization,124,0.408159,22167,10064,6,2.44895,
/os_cloud_node/points_decim_1,Draco sequential default quantization,125,0.408605,22387,9919,6,2.45163,
/os_cloud_node/points_decim_1,Draco sequential default quantization,126,0.408074,22603,10078,6,2.44844,
/os_cloud_node/points_decim_1,Draco sequential default quantization,127,0.409108,24461,10653,6,2.45465,
/os_cloud_node/points_decim_1,Draco sequential default quantization,128,0.408849,24229,11004,6,2.45309,
/os_cloud_node/points_decim_1,Draco sequential default quantization,129,0.40849,23508,10804,6,2.45094,
/os_cloud_node/points_decim_1,Draco sequential default quantization,130,0.40811,22941,10402,6,2.44866,
/os_cloud_node/points_decim_1,Draco sequential default quantization,131,0.408216,22538,10263,6,2.4493,
/os_cloud_node/points_decim_1,Draco sequential default quantization,132,0.408103,22761,10489,6,2.44862,
/os_cloud_node/points_decim_1,Draco sequential default quantization,133,0.409271,24340,10974,6,2.45563,
/os_cloud_node/points_decim_1,Draco sequential default quantization,134,0.409465,23901,10914,6,2.45679,
/os_cloud_node/points_decim_1,Draco sequential default quantization,135,0.409579,23352,10626,6,2.45747,
/os_cloud_node/points_decim_1,Draco sequential default quantization,136,0.409513,22912,10567,6,2.45708,
/os_cloud_node/points_decim_1,Draco sequential default quantization,137,0.40942,24299,10411,6,2.45652,
/os_cloud_node/points_decim_1,Draco sequential default quantization,138,0.407589,22797,10281,6,2.44554,
/os_cloud_node/points_decim_1,Draco sequential default quantization,139,0.407259,22224,10376,6,2.44355,
/os_cloud_node/points_decim_1,Draco sequential default quantization,140,0.407152,21864,9958,6,2.44291,
/os_cloud_node/points_decim_1,Draco sequential default quantization,141,0.406818,21665,10087,6,2.44091,
/os_cloud_node/points_decim_1,Draco sequential default quantization,142,0.407096,22189,10461,6,2.44257,
/os_cloud_node/points_decim_1,Draco sequential default quantization,143,0.406727,21830,10140,6,2.44036,
/os_cloud_node/points_decim_1,Draco sequential default quantization,144,0.407996,22089,10234,6,2.44798,
/os_cloud_node/points_decim_1,Draco sequential default quantization,145,0.408639,22396,10071,6,2.45183,
/os_cloud_node/points_decim_1,Draco sequential default quantization,146,0.4094,22442,10303,6,2.4564,
/os_cloud_node/points_decim_1,Draco sequential default quantization,147,0.409812,23371,10349,6,2.45887,
/os_cloud_node/points_decim_1,Draco sequential default quantization,148,0.409211,22386,10241,6,2.45527,
/os_cloud_node/points_decim_1,Draco sequential default quantization,149,0.408939,22916,10187,6,2.45363,
/os_cloud_node/points_decim_1,Draco sequential default quantization,150,0.408824,23381,10192,6,2.45295,
/os_cloud_node/points_decim_1,Draco sequential default quantization,151,0.408213,22480,10802,6,2.44928,
/os_cloud_node/points_decim_1,Draco sequential default quantization,152,0.409136,22218,10208,6,2.45482,
/os_cloud_node/points_decim_1,Draco sequential default quantization,153,0.409378,22130,10229,6,2.45627,
/os_cloud_node/points_decim_1,Draco sequential default quantization,154,0.409562,22109,10184,6,2.45737,
/os_cloud_node/points_decim_1,Draco sequential default quantization,155,0.409069,22421,10094,6,2.45442,
/os_cloud_node/points_decim_1,Draco sequential default quantization,156,0.40816,22711,10564,6,2.44896,
/os_cloud_node/points_decim_1,Draco sequential default quantization,157,0.406503,21672,10172,6,2.43902,
/os_cloud_node/points_decim_1,Draco sequential default quantization,158,0.405916,21715,10125,6,2.43549,
/os_cloud_node/points_decim_1,Draco sequential default quantization,159,0.405719,21704,10175,6,2.43431,
/os_cloud_node/points_decim_1,Draco sequential default quantization,160,0.405458,21578,10237,6,2.43275,
/os_cloud_node/points_decim_1,Draco sequential default quantization,161,0.406372,21711,10094,6,2.43823,
/os_cloud_node/points_decim_1,Draco sequential default quantization,162,0.40691,21918,10052,6,2.44146,
/os_cloud_node/points_decim_1,Draco sequential default quantization,163,0.407746,22049,10079,6,2.44648,
/os_cloud_node/points_decim_1,Draco sequential default quantization,164,0.407707,22110,10346,6,2.44624,
/os_cloud_node/points_decim_1,Draco sequential default quantization,165,0.407907,22327,10195,6,2.44744,
/os_cloud_node/points_decim_1,Draco sequential default quantization,166,0.407442,21816,10155,6,2.44465,
/os_cloud_node/points_decim_1,Draco sequential default quantization,167,0.407739,24405,10313,6,2.44643,
/os_cloud_node/points_decim_1,Draco sequential default quantization,168,0.408187,23772,10353,6,2.44912,
/os_cloud_node/points_decim_1,Draco sequential default quantization,169,0.408582,22289,10255,6,2.45149,
/os_cloud_node/points_decim_1,Draco sequential default quantization,170,0.40867,22332,10309,6,2.45202,
/os_cloud_node/points_decim_1,Draco sequential default quantization,171,0.408927,22475,10252,6,2.45356,
/os_cloud_node/points_decim_1,Draco sequential default quantization,172,0.409354,23017,10243,6,2.45612,
/os_cloud_node/points_decim_1,Draco sequential default quantization,173,0.409373,23198,10336,6,2.45624,
/os_cloud_node/points_decim_1,Draco sequential default quantization,174,0.409262,22664,10080,6,2.45557,
/os_cloud_node/points_decim_1,Draco sequential default quantization,175,0.4089,22213,10025,6,2.4534,
/os_cloud_node/points_decim_1,Draco sequential default quantization,176,0.408747,22267,10040,6,2.45248,
/os_cloud_node/points_decim_1,Draco sequential default quantization,177,0.407961,22272,10117,6,2.44776,
/os_cloud_node/points_decim_1,Draco sequential default quantization,178,0.407535,23189,10258,6,2.44521,
/os_cloud_node/points_decim_1,Draco sequential default quantization,179,0.406527,22083,10243,6,2.43916,
/os_cloud_node/points_decim_1,Draco sequential default quantization,180,0.40593,21862,10329,6,2.43558,
/os_cloud_node/points_decim_1,Draco sequential default quantization,181,0.404218,21553,10220,6,2.42531,
/os_cloud_node/points_decim_1,Draco sequential default quantization,182,0.402615,21514,9972,6,2.41569,
/os_cloud_node/points_decim_1,Draco sequential default quantization,183,0.402079,22052,10303,6,2.41247,
/os_cloud_node/points_decim_1,Draco sequential default quantization,184,0.400211,21994,10175,6,2.40127,
/os_cloud_node/points_decim_1,Draco sequential default quantization,185,0.400849,22950,10317,6,2.40509,
/os_cloud_node/points_decim_1,Draco sequential default quantization,186,0.400187,22515,10117,6,2.40112,
/os_cloud_node/points_decim_1,Draco sequential default quantization,187,0.398847,21543,10036,6,2.39308,
/os_cloud_node/points_decim_1,Draco sequential default quantization,188,0.400569,21819,10216,6,2.40341,
/os_cloud_node/points_decim_1,Draco sequential default quantization,189,0.400876,21824,10087,6,2.40526,
/os_cloud_node/points_decim_1,Draco sequential default quantization,190,0.403072,21761,10107,6,2.41843,
/os_cloud_node/points_decim_1,Draco sequential default quantization,191,0.403594,22059,10109,6,2.42157,
/os_cloud_node/points_decim_1,Draco sequential default quantization,192,0.4037,21940,10137,6,2.4222,
/os_cloud_node/points_decim_1,Draco sequential default quantization,193,0.404321,21958,10172,6,2.42593,
/os_cloud_node/points_decim_1,Draco sequential default quantization,194,0.405336,22321,10253,6,2.43202,
/os_cloud_node/points_decim_1,Draco sequential default quantization,195,0.405063,22715,10189,6,2.43038,
/os_cloud_node/points_decim_1,Draco sequential default quantization,196,0.405651,22867,11313,6,2.43391,
/os_cloud_node/points_decim_1,Draco sequential default quantization,197,0.406538,23090,10777,6,2.43923,
/os_cloud_node/points_decim_1,Draco sequential default quantization,198,0.40677,22770,11078,6,2.44062,
/os_cloud_node/points_decim_1,Draco sequential default quantization,199,0.406373,22689,11003,6,2.43824,
/os_cloud_node/points_decim_1,Draco sequential default quantization,200,0.405069,22992,10110,6,2.43042,
/os_cloud_node/points_decim_1,Draco sequential default quantization,201,0.405361,22366,10454,6,2.43217,
/os_cloud_node/points_decim_1,Draco sequential default quantization,202,0.405407,23185,10218,6,2.43244,
/os_cloud_node/points_decim_1,Draco sequential default quantization,203,0.405872,22057,11071,6,2.43523,
/os_cloud_node/points_decim_1,Draco sequential default quantization,204,0.405992,22237,10877,6,2.43595,
/os_cloud_node/points_decim_1,Draco sequential default quantization,205,0.406577,22050,10878,6,2.43946,
/os_cloud_node/points_decim_1,Draco sequential default quantization,206,0.407333,21668,10227,6,2.444,
/os_cloud_node/points_decim_1,Draco sequential default quantization,207,0.409352,21593,10260,6,2.45611,
/os_cloud_node/points_decim_1,Draco sequential default quantization,208,0.410244,21747,10259,6,2.46147,
/os_cloud_node/points_decim_1,Draco sequential default quantization,209,0.410595,21988,10158,6,2.46357,
/os_cloud_node/points_decim_1,Draco sequential default quantization,210,0.410214,21411,10038,6,2.46128,
/os_cloud_node/points_decim_1,Draco sequential default quantization,211,0.410164,21801,10081,6,2.46098,
/os_cloud_node/points_decim_1,Draco sequential default quantization,212,0.410494,22193,10240,6,2.46296,
/os_cloud_node/points_decim_1,Draco sequential default quantization,213,0.411547,22567,10341,6,2.46928,
/os_cloud_node/points_decim_1,Draco sequential default quantization,214,0.411514,22657,10853,6,2.46908,
/os_cloud_node/points_decim_1,Draco sequential default quantization,215,0.412296,22601,10601,6,2.47378,
/os_cloud_node/points_decim_1,Draco sequential default quantization,216,0.411829,22605,10719,6,2.47098,
/os_cloud_node/points_decim_1,Draco sequential default quantization,217,0.412101,22706,10899,6,2.47261,
/os_cloud_node/points_decim_1,Draco sequential default quantization,218,0.411906,22633,10953,6,2.47144,
/os_cloud_node/points_decim_1,Draco sequential default quantization,219,0.410812,22621,10824,6,2.46487,
/os_cloud_node/points_decim_1,Draco sequential default quantization,220,0.409283,22701,10882,6,2.4557,
/os_cloud_node/points_decim_1,Draco sequential default quantization,221,0.410937,22877,11414,6,2.46562,
/os_cloud_node/points_decim_1,Draco sequential default quantization,222,0.414397,23096,11050,6,2.48638,
/os_cloud_node/points_decim_1,Draco sequential default quantization,223,0.416791,23360,11186,6,2.50075,
/os_cloud_node/points_decim_1,Draco sequential default quantization,224,0.41909,23686,11086,6,2.51454,
/os_cloud_node/points_decim_1,Draco sequential default quantization,225,0.422369,24260,11071,6,2.53421,
/os_cloud_node/points_decim_1,Draco sequential default quantization,226,0.424051,24725,11229,6,2.5443,
/os_cloud_node/points_decim_1,Draco sequential default quantization,227,0.425294,23389,11050,6,2.55176,
/os_cloud_node/points_decim_1,Draco sequential default quantization,228,0.426331,22926,11255,6,2.55799,
/os_cloud_node/points_decim_1,Draco sequential default quantization,229,0.427021,23786,11240,6,2.56213,
/os_cloud_node/points_decim_1,Draco sequential default quantization,230,0.427485,23873,11201,6,2.56491,
/os_cloud_node/points_decim_1,Draco sequential default quantization,231,0.428045,24739,11787,6,2.56827,
/os_cloud_node/points_decim_1,Draco sequential default quantization,232,0.428209,23806,11402,6,2.56925,
/os_cloud_node/points_decim_1,Draco sequential default quantization,233,0.428304,23455,11219,6,2.56983,
/os_cloud_node/points_decim_1,Draco sequential default quantization,234,0.427825,23820,11173,6,2.56695,
/os_cloud_node/points_decim_1,Draco sequential default quantization,235,0.427219,23352,11168,6,2.56331,
/os_cloud_node/points_decim_1,Draco sequential default quantization,236,0.42663,23444,11159,6,2.55978,
/os_cloud_node/points_decim_1,Draco sequential default quantization,237,0.426456,24140,11109,6,2.55873,
/os_cloud_node/points_decim_1,voxel 0.010000,0,0.690674,6220,0,3.625,2.50369,
/os_cloud_node/points_decim_1,voxel 0.010000,1,0.630821,5985,0,3.625,2.28673,
/os_cloud_node/points_decim_1,voxel 0.010000,2,0.595314,6134,0,3.625,2.15801,
/os_cloud_node/points_decim_1,voxel 0.010000,3,0.61908,6155,0,3.625,2.24416,
/os_cloud_node/points_decim_1,voxel 0.010000,4,0.664108,6144,0,3.625,2.40739,
/os_cloud_node/points_decim_1,voxel 0.010000,5,0.703224,6161,0,3.625,2.54919,
/os_cloud_node/points_decim_1,voxel 0.010000,6,0.749985,6061,0,3.625,2.71869,
/os_cloud_node/points_decim_1,voxel 0.010000,7,0.789825,6352,0,3.625,2.86312,
/os_cloud_node/points_decim_1,voxel 0.010000,8,0.788773,6652,0,3.625,2.8593,
/os_cloud_node/points_decim_1,voxel 0.010000,9,0.771294,6178,0,3.625,2.79594,
/os_cloud_node/points_decim_1,voxel 0.010000,10,0.758568,6220,0,3.625,2.74981,
/os_cloud_node/points_decim_1,voxel 0.010000,11,0.732109,5981,0,3.625,2.6539,
/os_cloud_node/points_decim_1,voxel 0.010000,12,0.733871,6059,0,3.625,2.66028,
/os_cloud_node/points_decim_1,voxel 0.010000,13,0.723869,6081,0,3.625,2.62403,
/os_cloud_node/points_decim_1,voxel 0.010000,14,0.697075,5985,0,3.625,2.5269,
/os_cloud_node/points_decim_1,voxel 0.010000,15,0.705429,6049,0,3.625,2.55718,
/os_cloud_node/points_decim_1,voxel 0.010000,16,0.699677,5882,0,3.625,2.53633,
/os_cloud_node/points_decim_1,voxel 0.010000,17,0.646629,5915,0,3.625,2.34403,
/os_cloud_node/points_decim_1,voxel 0.010000,18,0.576149,5976,0,3.625,2.08854,
/os_cloud_node/points_decim_1,voxel 0.010000,19,0.592979,6012,0,3.625,2.14955,
/os_cloud_node/points_decim_1,voxel 0.010000,20,0.598549,6056,0,3.625,2.16974,
/os_cloud_node/points_decim_1,voxel 0.010000,21,0.613419,6134,0,3.625,2.22364,
/os_cloud_node/points_decim_1,voxel 0.010000,22,0.639603,6213,0,3.625,2.31856,
/os_cloud_node/points_decim_1,voxel 0.010000,23,0.668152,6200,0,3.625,2.42205,
/os_cloud_node/points_decim_1,voxel 0.010000,24,0.722031,6372,0,3.625,2.61736,
/os_cloud_node/points_decim_1,voxel 0.010000,25,0.717758,6507,0,3.625,2.60187,
/os_cloud_node/points_decim_1,voxel 0.010000,26,0.692352,6209,0,3.625,2.50978,
/os_cloud_node/points_decim_1,voxel 0.010000,27,0.647469,6103,0,3.625,2.34707,
/os_cloud_node/points_decim_1,voxel 0.010000,28,0.584679,6178,0,3.625,2.11946,
/os_cloud_node/points_decim_1,voxel 0.010000,29,0.544487,6127,0,3.625,1.97377,
/os_cloud_node/points_decim_1,voxel 0.010000,30,0.55867,5818,0,3.625,2.02518,
/os_cloud_node/points_decim_1,voxel 0.010000,31,0.58802,5970,0,3.625,2.13157,
/os_cloud_node/points_decim_1,voxel 0.010000,32,0.582306,6125,0,3.625,2.11086,
/os_cloud_node/points_decim_1,voxel 0.010000,33,0.57383,6140,0,3.625,2.08013,
/os_cloud_node/points_decim_1,voxel 0.010000,34,0.544579,6062,0,3.625,1.9741,
/os_cloud_node/points_decim_1,voxel 0.010000,35,0.515686,5992,0,3.625,1.86936,
/os_cloud_node/points_decim_1,voxel 0.010000,36,0.473045,6030,0,3.625,1.71479,
/os_cloud_node/points_decim_1,voxel 0.010000,37,0.459358,6076,0,3.625,1.66517,
/os_cloud_node/points_decim_1,voxel 0.010000,38,0.4786,6188,0,3.625,1.73492,
/os_cloud_node/points_decim_1,voxel 0.010000,39,0.486,6287,0,3.625,1.76175,
/os_cloud_node/points_decim_1,voxel 0.010000,40,0.490723,6010,0,3.625,1.77887,
/os_cloud_node/points_decim_1,voxel 0.010000,41,0.501892,5844,0,3.625,1.81936,
/os_cloud_node/points_decim_1,voxel 0.010000,42,0.503822,5680,0,3.625,1.82636,
/os_cloud_node/points_decim_1,voxel 0.010000,43,0.506561,5599,0,3.625,1.83628,
/os_cloud_node/points_decim_1,voxel 0.010000,44,0.535759,6026,0,3.625,1.94213,
/os_cloud_node/points_decim_1,voxel 0.010000,45,0.580063,5944,0,3.625,2.10273,
/os_cloud_node/points_decim_1,voxel 0.010000,46,0.605339,6061,0,3.625,2.19435,
/os_cloud_node/points_decim_1,voxel 0.010000,47,0.624557,5908,0,3.625,2.26402,
/os_cloud_node/points_decim_1,voxel 0.010000,48,0.655739,5978,0,3.625,2.37705,
/os_cloud_node/points_decim_1,voxel 0.010000,49,0.687302,5832,0,3.625,2.49147,
/os_cloud_node/points_decim_1,voxel 0.010000,50,0.717171,6103,0,3.625,2.59974,
/os_cloud_node/points_decim_1,voxel 0.010000,51,0.734207,6161,0,3.625,2.6615,
/os_cloud_node/points_decim_1,voxel 0.010000,52,0.730461,6076,0,3.625,2.64792,
/os_cloud_node/points_decim_1,voxel 0.010000,53,0.716797,6097,0,3.625,2.59839,
/os_cloud_node/points_decim_1,voxel 0.010000,54,0.700104,6134,0,3.625,2.53788,
/os_cloud_node/points_decim_1,voxel 0.010000,55,0.680489,6107,0,3.625,2.46677,
/os_cloud_node/points_decim_1,voxel 0.010000,56,0.690651,6202,0,3.625,2.50361,
/os_cloud_node/points_decim_1,voxel 0.010000,57,0.688118,5912,0,3.625,2.49443,
/os_cloud_node/points_decim_1,voxel 0.010000,58,0.710815,5908,0,3.625,2.57671,
/os_cloud_node/points_decim_1,voxel 0.010000,59,0.724701,6164,0,3.625,2.62704,
/os_cloud_node/points_decim_1,voxel 0.010000,60,0.70507,5868,0,3.625,2.55588,
/os_cloud_node/points_decim_1,voxel 0.010000,61,0.707153,5763,0,3.625,2.56343,
/os_cloud_node/points_decim_1,voxel 0.010000,62,0.704109,6000,0,3.625,2.5524,
/os_cloud_node/points_decim_1,voxel 0.010000,63,0.683937,5777,0,3.625,2.47927,
/os_cloud_node/points_decim_1,voxel 0.010000,64,0.683334,6066,0,3.625,2.47709,
/os_cloud_node/points_decim_1,voxel 0.010000,65,0.681732,6249,0,3.625,2.47128,
/os_cloud_node/points_decim_1,voxel 0.010000,66,0.625908,5927,0,3.625,2.26892,
/os_cloud_node/points_decim_1,voxel 0.010000,67,0.561287,6101,0,3.625,2.03467,
/os_cloud_node/points_decim_1,voxel 0.010000,68,0.569328,6129,0,3.625,2.06382,
/os_cloud_node/points_decim_1,voxel 0.010000,69,0.578232,5921,0,3.625,2.09609,
/os_cloud_node/points_decim_1,voxel 0.010000,70,0.56366,6002,0,3.625,2.04327,
/os_cloud_node/points_decim_1,voxel 0.010000,71,0.597763,5995,0,3.625,2.16689,
/os_cloud_node/points_decim_1,voxel 0.010000,72,0.630203,6303,0,3.625,2.28449,
/os_cloud_node/points_decim_1,voxel 0.010000,73,0.673424,5995,0,3.625,2.44116,
/os_cloud_node/points_decim_1,voxel 0.010000,74,0.702415,6191,0,3.625,2.54626,
/os_cloud_node/points_decim_1,voxel 0.010000,75,0.729797,6085,0,3.625,2.64552,
/os_cloud_node/points_decim_1,voxel 0.010000,76,0.752106,6086,0,3.625,2.72638,
/os_cloud_node/points_decim_1,voxel 0.010000,77,0.744598,6347,0,3.625,2.69917,
/os_cloud_node/points_decim_1,voxel 0.010000,78,0.714096,6046,0,3.625,2.5886,
/os_cloud_node/points_decim_1,voxel 0.010000,79,0.686356,6005,0,3.625,2.48804,
/os_cloud_node/points_decim_1,voxel 0.010000,80,0.688301,5930,0,3.625,2.49509,
/os_cloud_node/points_decim_1,voxel 0.010000,81,0.673706,6005,0,3.625,2.44218,
/os_cloud_node/points_decim_1,voxel 0.010000,82,0.70829,6370,0,3.625,2.56755,
/os_cloud_node/points_decim_1,voxel 0.010000,83,0.709259,6137,0,3.625,2.57106,
/os_cloud_node/points_decim_1,voxel 0.010000,84,0.69268,6094,0,3.625,2.51097,
/os_cloud_node/points_decim_1,voxel 0.010000,85,0.68824,6102,0,3.625,2.49487,
/os_cloud_node/points_decim_1,voxel 0.010000,86,0.630249,5946,0,3.625,2.28465,
/os_cloud_node/points_decim_1,voxel 0.010000,87,0.587936,5830,0,3.625,2.13127,
/os_cloud_node/points_decim_1,voxel 0.010000,88,0.608437,6103,0,3.625,2.20558,
/os_cloud_node/points_decim_1,voxel 0.010000,89,0.647293,5986,0,3.625,2.34644,
/os_cloud_node/points_decim_1,voxel 0.010000,90,0.659904,6935,0,3.625,2.39215,
/os_cloud_node/points_decim_1,voxel 0.010000,91,0.708542,6215,0,3.625,2.56846,
/os_cloud_node/points_decim_1,voxel 0.010000,92,0.723206,6038,0,3.625,2.62162,
/os_cloud_node/points_decim_1,voxel 0.010000,93,0.72197,5782,0,3.625,2.61714,
/os_cloud_node/points_decim_1,voxel 0.010000,94,0.71994,5960,0,3.625,2.60978,
/os_cloud_node/points_decim_1,voxel 0.010000,95,0.71756,6099,0,3.625,2.60115,
/os_cloud_node/points_decim_1,voxel 0.010000,96,0.712288,6185,0,3.625,2.58204,
/os_cloud_node/points_decim_1,voxel 0.010000,97,0.700562,6143,0,3.625,2.53954,
/os_cloud_node/points_decim_1,voxel 0.010000,98,0.692787,5880,0,3.625,2.51135,
/os_cloud_node/points_decim_1,voxel 0.010000,99,0.716942,6243,0,3.625,2.59891,
/os_cloud_node/points_decim_1,voxel 0.010000,100,0.741844,6119,0,3.625,2.68919,
/os_cloud_node/points_decim_1,voxel 0.010000,101,0.737221,6411,0,3.625,2.67243,
/os_cloud_node/points_decim_1,voxel 0.010000,102,0.727859,6092,0,3.625,2.63849,
/os_cloud_node/points_decim_1,voxel 0.010000,103,0.736214,6027,0,3.625,2.66877,
/os_cloud_node/points_decim_1,voxel 0.010000,104,0.724815,6020,0,3.625,2.62746,
/os_cloud_node/points_decim_1,voxel 0.010000,105,0.699989,6034,0,3.625,2.53746,
/os_cloud_node/points_decim_1,voxel 0.010000,106,0.629768,5957,0,3.625,2.28291,
/os_cloud_node/points_decim_1,voxel 0.010000,107,0.584198,6158,0,3.625,2.11772,
/os_cloud_node/points_decim_1,voxel 0.010000,108,0.590034,5940,0,3.625,2.13888,
/os_cloud_node/points_decim_1,voxel 0.010000,109,0.589081,5721,0,3.625,2.13542,
/os_cloud_node/points_decim_1,voxel 0.010000,110,0.602486,5850,0,3.625,2.18401,
/os_cloud_node/points_decim_1,voxel 0.010000,111,0.607857,6197,0,3.625,2.20348,
/os_cloud_node/points_decim_1,voxel 0.010000,112,0.619415,6029,0,3.625,2.24538,
/os_cloud_node/points_decim_1,voxel 0.010000,113,0.635414,5845,0,3.625,2.30338,
/os_cloud_node/points_decim_1,voxel 0.010000,114,0.656685,6028,0,3.625,2.38048,
/os_cloud_node/points_decim_1,voxel 0.010000,115,0.678886,5901,0,3.625,2.46096,
/os_cloud_node/points_decim_1,voxel 0.010000,116,0.692963,6100,0,3.625,2.51199,
/os_cloud_node/points_decim_1,voxel 0.010000,117,0.719635,6114,0,3.625,2.60868,
/os_cloud_node/points_decim_1,voxel 0.010000,118,0.746689,6089,0,3.625,2.70675,
/os_cloud_node/points_decim_1,voxel 0.010000,119,0.744446,6303,0,3.625,2.69862,
/os_cloud_node/points_decim_1,voxel 0.010000,120,0.724686,6198,0,3.625,2.62699,
/os_cloud_node/points_decim_1,voxel 0.010000,121,0.699913,5970,0,3.625,2.53718,
/os_cloud_node/points_decim_1,voxel 0.010000,122,0.676582,5764,0,3.625,2.45261,
/os_cloud_node/points_decim_1,voxel 0.010000,123,0.641846,5988,0,3.625,2.32669,
/os_cloud_node/points_decim_1,voxel 0.010000,124,0.62545,5902,0,3.625,2.26726,
/os_cloud_node/points_decim_1,voxel 0.010000,125,0.594772,6025,0,3.625,2.15605,
/os_cloud_node/points_decim_1,voxel 0.010000,126,0.580811,5865,0,3.625,2.10544,
/os_cloud_node/points_decim_1,voxel 0.010000,127,0.578796,5933,0,3.625,2.09814,
/os_cloud_node/points_decim_1,voxel 0.010000,128,0.568268,5950,0,3.625,2.05997,
/os_cloud_node/points_decim_1,voxel 0.010000,129,0.592041,6050,0,3.625,2.14615,
/os_cloud_node/points_decim_1,voxel 0.010000,130,0.648575,6014,0,3.625,2.35108,
/os_cloud_node/points_decim_1,voxel 0.010000,131,0.676117,5777,0,3.625,2.45092,
/os_cloud_node/points_decim_1,voxel 0.010000,132,0.690193,5947,0,3.625,2.50195,
/os_cloud_node/points_decim_1,voxel 0.010000,133,0.691933,5975,0,3.625,2.50826,
/os_cloud_node/points_decim_1,voxel 0.010000,134,0.68615,6105,0,3.625,2.48729,
/os_cloud_node/points_decim_1,voxel 0.010000,135,0.671852,6174,0,3.625,2.43546,
/os_cloud_node/points_decim_1,voxel 0.010000,136,0.677223,6283,0,3.625,2.45493,
/os_cloud_node/points_decim_1,voxel 0.010000,137,0.67897,6085,0,3.625,2.46127,
/os_cloud_node/points_decim_1,voxel 0.010000,138,0.675583,6127,0,3.625,2.44899,
/os_cloud_node/points_decim_1,voxel 0.010000,139,0.684082,6229,0,3.625,2.4798,
/os_cloud_node/points_decim_1,voxel 0.010000,140,0.693153,6151,0,3.625,2.51268,
/os_cloud_node/points_decim_1,voxel 0.010000,141,0.711685,6110,0,3.625,2.57986,
/os_cloud_node/points_decim_1,voxel 0.010000,142,0.706474,6082,0,3.625,2.56097,
/os_cloud_node/points_decim_1,voxel 0.010000,143,0.674713,6014,0,3.625,2.44584,
/os_cloud_node/points_decim_1,voxel 0.010000,144,0.669952,6114,0,3.625,2.42858,
/os_cloud_node/points_decim_1,voxel 0.010000,145,0.64576,6135,0,3.625,2.34088,
/os_cloud_node/points_decim_1,voxel 0.010000,146,0.623772,5932,0,3.625,2.26117,
/os_cloud_node/points_decim_1,voxel 0.010000,147,0.599167,5926,0,3.625,2.17198,
/os_cloud_node/points_decim_1,voxel 0.010000,148,0.562653,6025,0,3.625,2.03962,
/os_cloud_node/points_decim_1,voxel 0.010000,149,0.533356,5884,0,3.625,1.93341,
/os_cloud_node/points_decim_1,voxel 0.010000,150,0.498047,5614,0,3.625,1.80542,
/os_cloud_node/points_decim_1,voxel 0.010000,151,0.486176,5647,0,3.625,1.76239,
/os_cloud_node/points_decim_1,voxel 0.010000,152,0.454559,5858,0,3.625,1.64778,
/os_cloud_node/points_decim_1,voxel 0.010000,153,0.419945,5424,0,3.625,1.5223,
/os_cloud_node/points_decim_1,voxel 0.010000,154,0.411308,5839,0,3.625,1.49099,
/os_cloud_node/points_decim_1,voxel 0.010000,155,0.422325,5882,0,3.625,1.53093,
/os_cloud_node/points_decim_1,voxel 0.010000,156,0.425682,5474,0,3.625,1.5431,
/os_cloud_node/points_decim_1,voxel 0.010000,157,0.419136,5617,0,3.625,1.51937,
/os_cloud_node/points_decim_1,voxel 0.010000,158,0.459602,5884,0,3.625,1.66606,
/os_cloud_node/points_decim_1,voxel 0.010000,159,0.453781,5720,0,3.625,1.64496,
/os_cloud_node/points_decim_1,voxel 0.010000,160,0.477142,5218,0,3.625,1.72964,
/os_cloud_node/points_decim_1,voxel 0.010000,161,0.504692,5405,0,3.625,1.82951,
/os_cloud_node/points_decim_1,voxel 0.010000,162,0.543144,5995,0,3.625,1.9689,
/os_cloud_node/points_decim_1,voxel 0.010000,163,0.566673,6153,0,3.625,2.05419,
/os_cloud_node/points_decim_1,voxel 0.010000,164,0.621033,6371,0,3.625,2.25124,
/os_cloud_node/points_decim_1,voxel 0.010000,165,0.621773,6235,0,3.625,2.25393,
/os_cloud_node/points_decim_1,voxel 0.010000,166,0.612228,5766,0,3.625,2.21933,
/os_cloud_node/points_decim_1,voxel 0.010000,167,0.601852,6224,0,3.625,2.18172,
/os_cloud_node/points_decim_1,voxel 0.010000,168,0.581635,5708,0,3.625,2.10843,
/os_cloud_node/points_decim_1,voxel 0.010000,169,0.606857,6140,0,3.625,2.19986,
/os_cloud_node/points_decim_1,voxel 0.010000,170,0.596825,5977,0,3.625,2.16349,
/os_cloud_node/points_decim_1,voxel 0.010000,171,0.59977,5820,0,3.625,2.17416,
/os_cloud_node/points_decim_1,voxel 0.010000,172,0.584412,6204,0,3.625,2.11849,
/os_cloud_node/points_decim_1,voxel 0.010000,173,0.587502,5917,0,3.625,2.12969,
/os_cloud_node/points_decim_1,voxel 0.010000,174,0.596146,5833,0,3.625,2.16103,
/os_cloud_node/points_decim_1,voxel 0.010000,175,0.637733,5930,0,3.625,2.31178,
/os_cloud_node/points_decim_1,voxel 0.010000,176,0.683128,6063,0,3.625,2.47634,
/os_cloud_node/points_decim_1,voxel 0.010000,177,0.697296,6151,0,3.625,2.5277,
/os_cloud_node/points_decim_1,voxel 0.010000,178,0.706383,5979,0,3.625,2.56064,
/os_cloud_node/points_decim_1,voxel 0.010000,179,0.711761,5954,0,3.625,2.58014,
/os_cloud_node/points_decim_1,voxel 0.010000,180,0.719162,5855,0,3.625,2.60696,
/os_cloud_node/points_decim_1,voxel 0.010000,181,0.759819,6123,0,3.625,2.75434,
/os_cloud_node/points_decim_1,voxel 0.010000,182,0.777077,6253,0,3.625,2.8169,
/os_cloud_node/points_decim_1,voxel 0.010000,183,0.791939,6203,0,3.625,2.87078,
/os_cloud_node/points_decim_1,voxel 0.010000,184,0.764442,6230,0,3.625,2.7711,
/os_cloud_node/points_decim_1,voxel 0.010000,185,0.729317,6110,0,3.625,2.64377,
/os_cloud_node/points_decim_1,voxel 0.010000,186,0.707207,6219,0,3.625,2.56362,
/os_cloud_node/points_decim_1,voxel 0.010000,187,0.665878,6295,0,3.625,2.41381,
/os_cloud_node/points_decim_1,voxel 0.010000,188,0.628532,6057,0,3.625,2.27843,
/os_cloud_node/points_decim_1,voxel 0.010000,189,0.632095,6290,0,3.625,2.29135,
/os_cloud_node/points_decim_1,voxel 0.020000,0,0.522552,5973,0,3.625,1.89425,
/os_cloud_node/points_decim_1,voxel 0.020000,1,0.499245,5905,0,3.625,1.80976,
/os_cloud_node/points_decim_1,voxel 0.020000,2,0.490227,5943,0,3.625,1.77707,
/os_cloud_node/points_decim_1,voxel 0.020000,3,0.50106,5677,0,3.625,1.81634,
/os_cloud_node/points_decim_1,voxel 0.020000,4,0.508949,5873,0,3.625,1.84494,
/os_cloud_node/points_decim_1,voxel 0.020000,5,0.510323,5950,0,3.625,1.84992,
/os_cloud_node/points_decim_1,voxel 0.020000,6,0.5215,5898,0,3.625,1.89044,
/os_cloud_node/points_decim_1,voxel 0.020000,7,0.518188,5847,0,3.625,1.87843,
/os_cloud_node/points_decim_1,voxel 0.020000,8,0.519539,5982,0,3.625,1.88333,
/os_cloud_node/points_decim_1,voxel 0.020000,9,0.516167,5821,0,3.625,1.8711,
/os_cloud_node/points_decim_1,voxel 0.020000,10,0.499168,5700,0,3.625,1.80949,
/os_cloud_node/points_decim_1,voxel 0.020000,11,0.4217,5418,0,3.625,1.52866,
/os_cloud_node/points_decim_1,voxel 0.020000,12,0.341972,5130,0,3.625,1.23965,
/os_cloud_node/points_decim_1,voxel 0.020000,13,0.342438,5496,0,3.625,1.24134,
/os_cloud_node/points_decim_1,voxel 0.020000,14,0.383713,5577,0,3.625,1.39096,
/os_cloud_node/points_decim_1,voxel 0.020000,15,0.430183,5599,0,3.625,1.55941,
/os_cloud_node/points_decim_1,voxel 0.020000,16,0.480896,5666,0,3.625,1.74325,
/os_cloud_node/points_decim_1,voxel 0.020000,17,0.513489,5911,0,3.625,1.8614,
/os_cloud_node/points_decim_1,voxel 0.020000,18,0.516701,5661,0,3.625,1.87304,
/os_cloud_node/points_decim_1,voxel 0.020000,19,0.50399,5848,0,3.625,1.82696,
/os_cloud_node/points_decim_1,voxel 0.020000,20,0.487511,5816,0,3.625,1.76723,
/os_cloud_node/points_decim_1,voxel 0.020000,21,0.458,5546,0,3.625,1.66025,
/os_cloud_node/points_decim_1,voxel 0.020000,22,0.455078,5599,0,3.625,1.64966,
/os_cloud_node/points_decim_1,voxel 0.020000,23,0.452583,5650,0,3.625,1.64061,
/os_cloud_node/points_decim_1,voxel 0.020000,24,0.431526,5533,0,3.625,1.56428,
/os_cloud_node/points_decim_1,voxel 0.020000,25,0.429794,5521,0,3.625,1.558,
/os_cloud_node/points_decim_1,voxel 0.020000,26,0.429428,5363,0,3.625,1.55668,
/os_cloud_node/points_decim_1,voxel 0.020000,27,0.393158,5375,0,3.625,1.4252,
/os_cloud_node/points_decim_1,voxel 0.020000,28,0.335594,5276,0,3.625,1.21653,
/os_cloud_node/points_decim_1,voxel 0.020000,29,0.350716,5356,0,3.625,1.27134,
/os_cloud_node/points_decim_1,voxel 0.020000,30,0.342499,5433,0,3.625,1.24156,
/os_cloud_node/points_decim_1,voxel 0.020000,31,0.34584,5511,0,3.625,1.25367,
/os_cloud_node/points_decim_1,voxel 0.020000,32,0.366013,5656,0,3.625,1.3268,
/os_cloud_node/points_decim_1,voxel 0.020000,33,0.380974,5698,0,3.625,1.38103,
/os_cloud_node/points_decim_1,voxel 0.020000,34,0.410873,5951,0,3.625,1.48942,
/os_cloud_node/points_decim_1,voxel 0.020000,35,0.399956,5918,0,3.625,1.44984,
/os_cloud_node/points_decim_1,voxel 0.020000,36,0.382515,5673,0,3.625,1.38662,
/os_cloud_node/points_decim_1,voxel 0.020000,37,0.36216,5275,0,3.625,1.31283,
/os_cloud_node/points_decim_1,voxel 0.020000,38,0.323189,5394,0,3.625,1.17156,
/os_cloud_node/points_decim_1,voxel 0.020000,39,0.297203,5186,0,3.625,1.07736,
/os_cloud_node/points_decim_1,voxel 0.020000,40,0.320465,5285,0,3.625,1.16169,
/os_cloud_node/points_decim_1,voxel 0.020000,41,0.348549,5448,0,3.625,1.26349,
/os_cloud_node/points_decim_1,voxel 0.020000,42,0.342209,5508,0,3.625,1.24051,
/os_cloud_node/points_decim_1,voxel 0.020000,43,0.328217,5428,0,3.625,1.18979,
/os_cloud_node/points_decim_1,voxel 0.020000,44,0.293335,5502,0,3.625,1.06334,
/os_cloud_node/points_decim_1,voxel 0.020000,45,0.268776,5069,0,3.625,0.974313,
/os_cloud_node/points_decim_1,voxel 0.020000,46,0.231041,5101,0,3.625,0.837523,
/os_cloud_node/points_decim_1,voxel 0.020000,47,0.214188,4959,0,3.625,0.77643,
/os_cloud_node/points_decim_1,voxel 0.020000,48,0.227066,5007,0,3.625,0.823114,
/os_cloud_node/points_decim_1,voxel 0.020000,49,0.231148,5193,0,3.625,0.837911,
/os_cloud_node/points_decim_1,voxel 0.020000,50,0.241409,5044,0,3.625,0.875109,
/os_cloud_node/points_decim_1,voxel 0.020000,51,0.255333,4788,0,3.625,0.925582,
/os_cloud_node/points_decim_1,voxel 0.020000,52,0.264648,4828,0,3.625,0.959351,
/os_cloud_node/points_decim_1,voxel 0.020000,53,0.266548,4736,0,3.625,0.966237,
/os_cloud_node/points_decim_1,voxel 0.020000,54,0.288475,5108,0,3.625,1.04572,
/os_cloud_node/points_decim_1,voxel 0.020000,55,0.321663,5226,0,3.625,1.16603,
/os_cloud_node/points_decim_1,voxel 0.020000,56,0.333397,5181,0,3.625,1.20856,
/os_cloud_node/points_decim_1,voxel 0.020000,57,0.351639,5217,0,3.625,1.27469,
/os_cloud_node/points_decim_1,voxel 0.020000,58,0.374695,5166,0,3.625,1.35827,
/os_cloud_node/points_decim_1,voxel 0.020000,59,0.39077,5263,0,3.625,1.41654,
/os_cloud_node/points_decim_1,voxel 0.020000,60,0.404793,5458,0,3.625,1.46737,
/os_cloud_node/points_decim_1,voxel 0.020000,61,0.422264,6229,0,3.625,1.53071,
/os_cloud_node/points_decim_1,voxel 0.020000,62,0.422646,5615,0,3.625,1.53209,
/os_cloud_node/points_decim_1,voxel 0.020000,63,0.41581,5701,0,3.625,1.50731,
/os_cloud_node/points_decim_1,voxel 0.020000,64,0.404259,5664,0,3.625,1.46544,
/os_cloud_node/points_decim_1,voxel 0.020000,65,0.388702,5596,0,3.625,1.40905,
/os_cloud_node/points_decim_1,voxel 0.020000,66,0.403336,5698,0,3.625,1.46209,
/os_cloud_node/points_decim_1,voxel 0.020000,67,0.410927,5452,0,3.625,1.48961,
/os_cloud_node/points_decim_1,voxel 0.020000,68,0.419228,5404,0,3.625,1.5197,
/os_cloud_node/points_decim_1,voxel 0.020000,69,0.426651,5427,0,3.625,1.54661,
/os_cloud_node/points_decim_1,voxel 0.020000,70,0.419846,5268,0,3.625,1.52194,
/os_cloud_node/points_decim_1,voxel 0.020000,71,0.417618,5289,0,3.625,1.51386,
/os_cloud_node/points_decim_1,voxel 0.020000,72,0.418106,5321,0,3.625,1.51563,
/os_cloud_node/points_decim_1,voxel 0.020000,73,0.412323,5163,0,3.625,1.49467,
/os_cloud_node/points_decim_1,voxel 0.020000,74,0.401787,5477,0,3.625,1.45648,
/os_cloud_node/points_decim_1,voxel 0.020000,75,0.399292,5660,0,3.625,1.44743,
/os_cloud_node/points_decim_1,voxel 0.020000,76,0.362427,5329,0,3.625,1.3138,
/os_cloud_node/points_decim_1,voxel 0.020000,77,0.316406,5296,0,3.625,1.14697,
/os_cloud_node/points_decim_1,voxel 0.020000,78,0.320747,5325,0,3.625,1.16271,
/os_cloud_node/points_decim_1,voxel 0.020000,79,0.320839,5193,0,3.625,1.16304,
/os_cloud_node/points_decim_1,voxel 0.020000,80,0.31398,5209,0,3.625,1.13818,
/os_cloud_node/points_decim_1,voxel 0.020000,81,0.348526,5168,0,3.625,1.26341,
/os_cloud_node/points_decim_1,voxel 0.020000,82,0.368896,5254,0,3.625,1.33725,
/os_cloud_node/points_decim_1,voxel 0.020000,83,0.388641,5393,0,3.625,1.40882,
/os_cloud_node/points_decim_1,voxel 0.020000,84,0.39769,5435,0,3.625,1.44163,
/os_cloud_node/points_decim_1,voxel 0.020000,85,0.411781,5630,0,3.625,1.49271,
/os_cloud_node/points_decim_1,voxel 0.020000,86,0.42923,5666,0,3.625,1.55596,
/os_cloud_node/points_decim_1,voxel 0.020000,87,0.432419,5615,0,3.625,1.56752,
/os_cloud_node/points_decim_1,voxel 0.020000,88,0.407578,5588,0,3.625,1.47747,
/os_cloud_node/points_decim_1,voxel 0.020000,89,0.418114,5547,0,3.625,1.51566,
/os_cloud_node/points_decim_1,voxel 0.020000,90,0.4328,5409,0,3.625,1.5689,
/os_cloud_node/points_decim_1,voxel 0.020000,91,0.41629,5370,0,3.625,1.50905,
/os_cloud_node/points_decim_1,voxel 0.020000,92,0.42305,5622,0,3.625,1.53356,
/os_cloud_node/points_decim_1,voxel 0.020000,93,0.419556,5523,0,3.625,1.52089,
/os_cloud_node/points_decim_1,voxel 0.020000,94,0.402557,5479,0,3.625,1.45927,
/os_cloud_node/points_decim_1,voxel 0.020000,95,0.400658,5566,0,3.625,1.45238,
/os_cloud_node/points_decim_1,voxel 0.020000,96,0.368958,5454,0,3.625,1.33747,
/os_cloud_node/points_decim_1,voxel 0.020000,97,0.341797,5148,0,3.625,1.23901,
/os_cloud_node/points_decim_1,voxel 0.020000,98,0.354073,5343,0,3.625,1.28351,
/os_cloud_node/points_decim_1,voxel 0.020000,99,0.376762,5394,0,3.625,1.36576,
/os_cloud_node/points_decim_1,voxel 0.020000,100,0.381241,5268,0,3.625,1.382,
/os_cloud_node/points_decim_1,voxel 0.020000,101,0.410706,5533,0,3.625,1.48881,
/os_cloud_node/points_decim_1,voxel 0.020000,102,0.410408,5602,0,3.625,1.48773,
/os_cloud_node/points_decim_1,voxel 0.020000,103,0.4114,5336,0,3.625,1.49132,
/os_cloud_node/points_decim_1,voxel 0.020000,104,0.403458,5233,0,3.625,1.46253,
/os_cloud_node/points_decim_1,voxel 0.020000,105,0.42189,5639,0,3.625,1.52935,
/os_cloud_node/points_decim_1,voxel 0.020000,106,0.409142,5702,0,3.625,1.48314,
/os_cloud_node/points_decim_1,voxel 0.020000,107,0.394493,5472,0,3.625,1.43004,
/os_cloud_node/points_decim_1,voxel 0.020000,108,0.395477,5369,0,3.625,1.43361,
/os_cloud_node/points_decim_1,voxel 0.020000,109,0.407951,5570,0,3.625,1.47882,
/os_cloud_node/points_decim_1,voxel 0.020000,110,0.416405,5712,0,3.625,1.50947,
/os_cloud_node/points_decim_1,voxel 0.020000,111,0.422981,5677,0,3.625,1.53331,
/os_cloud_node/points_decim_1,voxel 0.020000,112,0.426788,5611,0,3.625,1.54711,
/os_cloud_node/points_decim_1,voxel 0.020000,113,0.432487,5530,0,3.625,1.56777,
/os_cloud_node/points_decim_1,voxel 0.020000,114,0.430954,5265,0,3.625,1.56221,
/os_cloud_node/points_decim_1,voxel 0.020000,115,0.422661,5466,0,3.625,1.53215,
/os_cloud_node/points_decim_1,voxel 0.020000,116,0.385483,5331,0,3.625,1.39738,
/os_cloud_node/points_decim_1,voxel 0.020000,117,0.363136,5217,0,3.625,1.31637,
/os_cloud_node/points_decim_1,voxel 0.020000,118,0.35833,5224,0,3.625,1.29895,
/os_cloud_node/points_decim_1,voxel 0.020000,119,0.347969,5082,0,3.625,1.26139,
/os_cloud_node/points_decim_1,voxel 0.020000,120,0.350731,5242,0,3.625,1.2714,
/os_cloud_node/points_decim_1,voxel 0.020000,121,0.347115,5218,0,3.625,1.25829,
/os_cloud_node/points_decim_1,voxel 0.020000,122,0.36808,5364,0,3.625,1.33429,
/os_cloud_node/points_decim_1,voxel 0.020000,123,0.388596,5283,0,3.625,1.40866,
/os_cloud_node/points_decim_1,voxel 0.020000,124,0.409996,5480,0,3.625,1.48624,
/os_cloud_node/points_decim_1,voxel 0.020000,125,0.419266,5277,0,3.625,1.51984,
/os_cloud_node/points_decim_1,voxel 0.020000,126,0.410454,5521,0,3.625,1.4879,
/os_cloud_node/points_decim_1,voxel 0.020000,127,0.417603,5411,0,3.625,1.51381,
/os_cloud_node/points_decim_1,voxel 0.020000,128,0.434052,5602,0,3.625,1.57344,
/os_cloud_node/points_decim_1,voxel 0.020000,129,0.421585,5601,0,3.625,1.52825,
/os_cloud_node/points_decim_1,voxel 0.020000,130,0.418968,5456,0,3.625,1.51876,
/os_cloud_node/points_decim_1,voxel 0.020000,131,0.422356,5637,0,3.625,1.53104,
/os_cloud_node/points_decim_1,voxel 0.020000,132,0.422043,5326,0,3.625,1.52991,
/os_cloud_node/points_decim_1,voxel 0.020000,133,0.397224,5311,0,3.625,1.43994,
/os_cloud_node/points_decim_1,voxel 0.020000,134,0.375694,5250,0,3.625,1.36189,
/os_cloud_node/points_decim_1,voxel 0.020000,135,0.349312,5350,0,3.625,1.26626,
/os_cloud_node/points_decim_1,voxel 0.020000,136,0.338425,5182,0,3.625,1.22679,
/os_cloud_node/points_decim_1,voxel 0.020000,137,0.332939,5209,0,3.625,1.2069,
/os_cloud_node/points_decim_1,voxel 0.020000,138,0.327545,5163,0,3.625,1.18735,
/os_cloud_node/points_decim_1,voxel 0.020000,139,0.348022,5066,0,3.625,1.26158,
/os_cloud_node/points_decim_1,voxel 0.020000,140,0.382721,5387,0,3.625,1.38736,
/os_cloud_node/points_decim_1,voxel 0.020000,141,0.405449,5405,0,3.625,1.46975,
/os_cloud_node/points_decim_1,voxel 0.020000,142,0.404449,5391,0,3.625,1.46613,
/os_cloud_node/points_decim_1,voxel 0.020000,143,0.403053,5451,0,3.625,1.46107,
/os_cloud_node/points_decim_1,voxel 0.020000,144,0.390945,5578,0,3.625,1.41718,
/os_cloud_node/points_decim_1,voxel 0.020000,145,0.380707,5723,0,3.625,1.38006,
/os_cloud_node/points_decim_1,voxel 0.020000,146,0.38446,5729,0,3.625,1.39367,
/os_cloud_node/points_decim_1,voxel 0.020000,147,0.389816,5440,0,3.625,1.41308,
/os_cloud_node/points_decim_1,voxel 0.020000,148,0.400261,5544,0,3.625,1.45095,
/os_cloud_node/points_decim_1,voxel 0.020000,149,0.399132,5391,0,3.625,1.44685,
/os_cloud_node/points_decim_1,voxel 0.020000,150,0.400887,5718,0,3.625,1.45321,
/os_cloud_node/points_decim_1,voxel 0.020000,151,0.416298,5716,0,3.625,1.50908,
/os_cloud_node/points_decim_1,voxel 0.020000,152,0.422066,5405,0,3.625,1.52999,
/os_cloud_node/points_decim_1,voxel 0.020000,153,0.403236,5597,0,3.625,1.46173,
/os_cloud_node/points_decim_1,voxel 0.020000,154,0.401108,5373,0,3.625,1.45402,
/os_cloud_node/points_decim_1,voxel 0.020000,155,0.384865,5400,0,3.625,1.39513,
/os_cloud_node/points_decim_1,voxel 0.020000,156,0.373268,5407,0,3.625,1.3531,
/os_cloud_node/points_decim_1,voxel 0.020000,157,0.357773,5330,0,3.625,1.29693,
/os_cloud_node/points_decim_1,voxel 0.020000,158,0.330009,5226,0,3.625,1.19628,
/os_cloud_node/points_decim_1,voxel 0.020000,159,0.291092,5248,0,3.625,1.05521,
/os_cloud_node/points_decim_1,voxel 0.020000,160,0.25618,4829,0,3.625,0.928652,
/os_cloud_node/points_decim_1,voxel 0.020000,161,0.245415,4795,0,3.625,0.889628,
/os_cloud_node/points_decim_1,voxel 0.020000,162,0.213936,4880,0,3.625,0.775517,
/os_cloud_node/points_decim_1,voxel 0.020000,163,0.194344,4578,0,3.625,0.704495,
/os_cloud_node/points_decim_1,voxel 0.020000,164,0.188622,4786,0,3.625,0.683753,
/os_cloud_node/points_decim_1,voxel 0.020000,165,0.196579,4849,0,3.625,0.712599,
/os_cloud_node/points_decim_1,voxel 0.020000,166,0.208656,4630,0,3.625,0.756379,
/os_cloud_node/points_decim_1,voxel 0.020000,167,0.210732,4796,0,3.625,0.763902,
/os_cloud_node/points_decim_1,voxel 0.020000,168,0.242378,4871,0,3.625,0.878621,
/os_cloud_node/points_decim_1,voxel 0.020000,169,0.249794,4765,0,3.625,0.905503,
/os_cloud_node/points_decim_1,voxel 0.020000,170,0.270309,4815,0,3.625,0.979872,
/os_cloud_node/points_decim_1,voxel 0.020000,171,0.282303,4844,0,3.625,1.02335,
/os_cloud_node/points_decim_1,voxel 0.020000,172,0.305145,5183,0,3.625,1.10615,
/os_cloud_node/points_decim_1,voxel 0.020000,173,0.301697,5361,0,3.625,1.09365,
/os_cloud_node/points_decim_1,voxel 0.020000,174,0.335449,5572,0,3.625,1.216,
/os_cloud_node/points_decim_1,voxel 0.020000,175,0.346741,5441,0,3.625,1.25694,
/os_cloud_node/points_decim_1,voxel 0.020000,176,0.349014,5418,0,3.625,1.26518,
/os_cloud_node/points_decim_1,voxel 0.020000,177,0.350685,5287,0,3.625,1.27123,
/os_cloud_node/points_decim_1,voxel 0.020000,178,0.333801,5155,0,3.625,1.21003,
/os_cloud_node/points_decim_1,voxel 0.020000,179,0.347382,5469,0,3.625,1.25926,
/os_cloud_node/points_decim_1,voxel 0.020000,180,0.347931,5268,0,3.625,1.26125,
/os_cloud_node/points_decim_1,voxel 0.020000,181,0.355415,5092,0,3.625,1.28838,
/os_cloud_node/points_decim_1,voxel 0.020000,182,0.349487,5277,0,3.625,1.26689,
/os_cloud_node/points_decim_1,voxel 0.020000,183,0.357277,5251,0,3.625,1.29513,
/os_cloud_node/points_decim_1,voxel 0.020000,184,0.366486,5189,0,3.625,1.32851,
/os_cloud_node/points_decim_1,voxel 0.020000,185,0.399872,5073,0,3.625,1.44954,
/os_cloud_node/points_decim_1,voxel 0.020000,186,0.424408,5451,0,3.625,1.53848,
/os_cloud_node/points_decim_1,voxel 0.020000,187,0.434052,5498,0,3.625,1.57344,
/os_cloud_node/points_decim_1,voxel 0.020000,188,0.43425,5520,0,3.625,1.57416,
/os_cloud_node/points_decim_1,voxel 0.020000,189,0.441437,5247,0,3.625,1.60021,
/os_cloud_node/points_decim_1,voxel 0.020000,190,0.44783,5433,0,3.625,1.62338,
/os_cloud_node/points_decim_1,voxel 0.020000,191,0.483368,5568,0,3.625,1.75221,
/os_cloud_node/points_decim_1,voxel 0.020000,192,0.496742,5857,0,3.625,1.80069,
/os_cloud_node/points_decim_1,voxel 0.020000,193,0.509903,6035,0,3.625,1.8484,
/os_cloud_node/points_decim_1,voxel 0.020000,194,0.491821,5724,0,3.625,1.78285,
/os_cloud_node/points_decim_1,voxel 0.020000,195,0.46933,5629,0,3.625,1.70132,
/os_cloud_node/points_decim_1,voxel 0.020000,196,0.439156,5600,0,3.625,1.59194,
/os_cloud_node/points_decim_1,voxel 0.020000,197,0.394516,5459,0,3.625,1.43012,
/os_cloud_node/points_decim_1,voxel 0.020000,198,0.359932,5461,0,3.625,1.30475,
/os_cloud_node/points_decim_1,voxel 0.020000,199,0.390038,5447,0,3.625,1.41389,
/os_cloud_node/points_decim_1,voxel 0.050000,0,0.345665,5688,0,3.625,1.25304,
/os_cloud_node/points_decim_1,voxel 0.050000,1,0.345367,5822,0,3.625,1.25196,
/os_cloud_node/points_decim_1,voxel 0.050000,2,0.344612,5857,0,3.625,1.24922,
/os_cloud_node/points_decim_1,voxel 0.050000,3,0.353317,5883,0,3.625,1.28078,
/os_cloud_node/points_decim_1,voxel 0.050000,4,0.360741,6004,0,3.625,1.30768,
/os_cloud_node/points_decim_1,voxel 0.050000,5,0.368721,5915,0,3.625,1.33661,
/os_cloud_node/points_decim_1,voxel 0.050000,6,0.368713,5914,0,3.625,1.33659,
/os_cloud_node/points_decim_1,voxel 0.050000,7,0.37133,5870,0,3.625,1.34607,
/os_cloud_node/points_decim_1,voxel 0.050000,8,0.356155,5617,0,3.625,1.29106,
/os_cloud_node/points_decim_1,voxel 0.050000,9,0.339851,6204,0,3.625,1.23196,
/os_cloud_node/points_decim_1,voxel 0.050000,10,0.325218,5900,0,3.625,1.17892,
/os_cloud_node/points_decim_1,voxel 0.050000,11,0.307457,5688,0,3.625,1.11453,
/os_cloud_node/points_decim_1,voxel 0.050000,12,0.299881,5663,0,3.625,1.08707,
/os_cloud_node/points_decim_1,voxel 0.050000,13,0.289833,5686,0,3.625,1.05064,
/os_cloud_node/points_decim_1,voxel 0.050000,14,0.27076,5511,0,3.625,0.981503,
/os_cloud_node/points_decim_1,voxel 0.050000,15,0.252899,5431,0,3.625,0.916759,
/os_cloud_node/points_decim_1,voxel 0.050000,16,0.237381,5138,0,3.625,0.860506,
/os_cloud_node/points_decim_1,voxel 0.050000,17,0.232964,4945,0,3.625,0.844493,
/os_cloud_node/points_decim_1,voxel 0.050000,18,0.229034,4924,0,3.625,0.83025,
/os_cloud_node/points_decim_1,voxel 0.050000,19,0.229309,5023,0,3.625,0.831245,
/os_cloud_node/points_decim_1,voxel 0.050000,20,0.228943,4904,0,3.625,0.829918,
/os_cloud_node/points_decim_1,voxel 0.050000,21,0.231979,5014,0,3.625,0.840925,
/os_cloud_node/points_decim_1,voxel 0.050000,22,0.231461,4749,0,3.625,0.839045,
/os_cloud_node/points_decim_1,voxel 0.050000,23,0.235588,4980,0,3.625,0.854007,
/os_cloud_node/points_decim_1,voxel 0.050000,24,0.239029,5012,0,3.625,0.86648,
/os_cloud_node/points_decim_1,voxel 0.050000,25,0.243904,4988,0,3.625,0.884152,
/os_cloud_node/points_decim_1,voxel 0.050000,26,0.242607,4811,0,3.625,0.879451,
/os_cloud_node/points_decim_1,voxel 0.050000,27,0.243782,5049,0,3.625,0.88371,
/os_cloud_node/points_decim_1,voxel 0.050000,28,0.240829,4779,0,3.625,0.873007,
/os_cloud_node/points_decim_1,voxel 0.050000,29,0.23082,4772,0,3.625,0.836721,
/os_cloud_node/points_decim_1,voxel 0.050000,30,0.180473,4259,0,3.625,0.654216,
/os_cloud_node/points_decim_1,voxel 0.050000,31,0.120277,3921,0,3.625,0.436006,
/os_cloud_node/points_decim_1,voxel 0.050000,32,0.111427,4054,0,3.625,0.403924,
/os_cloud_node/points_decim_1,voxel 0.050000,33,0.124893,4146,0,3.625,0.452738,
/os_cloud_node/points_decim_1,voxel 0.050000,34,0.143745,4306,0,3.625,0.521077,
/os_cloud_node/points_decim_1,voxel 0.050000,35,0.161972,4381,0,3.625,0.587149,
/os_cloud_node/points_decim_1,voxel 0.050000,36,0.167122,4424,0,3.625,0.605817,
/os_cloud_node/points_decim_1,voxel 0.050000,37,0.161247,4468,0,3.625,0.584521,
/os_cloud_node/points_decim_1,voxel 0.050000,38,0.153664,4728,0,3.625,0.557031,
/os_cloud_node/points_decim_1,voxel 0.050000,39,0.143074,4667,0,3.625,0.518643,
/os_cloud_node/points_decim_1,voxel 0.050000,40,0.130295,4154,0,3.625,0.472319,
/os_cloud_node/points_decim_1,voxel 0.050000,41,0.129768,4424,0,3.625,0.47041,
/os_cloud_node/points_decim_1,voxel 0.050000,42,0.132187,4437,0,3.625,0.479177,
/os_cloud_node/points_decim_1,voxel 0.050000,43,0.127258,4171,0,3.625,0.461311,
/os_cloud_node/points_decim_1,voxel 0.050000,44,0.123192,4333,0,3.625,0.44657,
/os_cloud_node/points_decim_1,voxel 0.050000,45,0.128304,4132,0,3.625,0.4651,
/os_cloud_node/points_decim_1,voxel 0.050000,46,0.120262,4156,0,3.625,0.43595,
/os_cloud_node/points_decim_1,voxel 0.050000,47,0.101761,4054,0,3.625,0.368883,
/os_cloud_node/points_decim_1,voxel 0.050000,48,0.110168,4154,0,3.625,0.399361,
/os_cloud_node/points_decim_1,voxel 0.050000,49,0.103287,4053,0,3.625,0.374414,
/os_cloud_node/points_decim_1,voxel 0.050000,50,0.099205,4305,0,3.625,0.359618,
/os_cloud_node/points_decim_1,voxel 0.050000,51,0.104561,4443,0,3.625,0.379033,
/os_cloud_node/points_decim_1,voxel 0.050000,52,0.10865,4362,0,3.625,0.393857,
/os_cloud_node/points_decim_1,voxel 0.050000,53,0.117973,4628,0,3.625,0.427653,
/os_cloud_node/points_decim_1,voxel 0.050000,54,0.117332,4523,0,3.625,0.42533,
/os_cloud_node/points_decim_1,voxel 0.050000,55,0.119057,4154,0,3.625,0.431581,
/os_cloud_node/points_decim_1,voxel 0.050000,56,0.118805,3848,0,3.625,0.430668,
/os_cloud_node/points_decim_1,voxel 0.050000,57,0.109604,3993,0,3.625,0.397314,
/os_cloud_node/points_decim_1,voxel 0.050000,58,0.093956,3913,0,3.625,0.34059,
/os_cloud_node/points_decim_1,voxel 0.050000,59,0.109543,4051,0,3.625,0.397093,
/os_cloud_node/points_decim_1,voxel 0.050000,60,0.119408,4154,0,3.625,0.432853,
/os_cloud_node/points_decim_1,voxel 0.050000,61,0.111229,4082,0,3.625,0.403205,
/os_cloud_node/points_decim_1,voxel 0.050000,62,0.102791,4064,0,3.625,0.372617,
/os_cloud_node/points_decim_1,voxel 0.050000,63,0.0865021,3984,0,3.625,0.31357,
/os_cloud_node/points_decim_1,voxel 0.050000,64,0.0782166,3721,0,3.625,0.283535,
/os_cloud_node/points_decim_1,voxel 0.050000,65,0.0647888,3780,0,3.625,0.234859,
/os_cloud_node/points_decim_1,voxel 0.050000,66,0.0569611,3655,0,3.625,0.206484,
/os_cloud_node/points_decim_1,voxel 0.050000,67,0.0603485,3535,0,3.625,0.218763,
/os_cloud_node/points_decim_1,voxel 0.050000,68,0.0595932,3638,0,3.625,0.216025,
/os_cloud_node/points_decim_1,voxel 0.050000,69,0.0656433,3600,0,3.625,0.237957,
/os_cloud_node/points_decim_1,voxel 0.050000,70,0.0739365,3402,0,3.625,0.26802,
/os_cloud_node/points_decim_1,voxel 0.050000,71,0.0787735,3434,0,3.625,0.285554,
/os_cloud_node/points_decim_1,voxel 0.050000,72,0.0793152,3426,0,3.625,0.287518,
/os_cloud_node/points_decim_1,voxel 0.050000,73,0.0838013,3729,0,3.625,0.30378,
/os_cloud_node/points_decim_1,voxel 0.050000,74,0.0935135,3915,0,3.625,0.338986,
/os_cloud_node/points_decim_1,voxel 0.050000,75,0.0918045,3729,0,3.625,0.332791,
/os_cloud_node/points_decim_1,voxel 0.050000,76,0.0982742,3732,0,3.625,0.356244,
/os_cloud_node/points_decim_1,voxel 0.050000,77,0.104675,3867,0,3.625,0.379448,
/os_cloud_node/points_decim_1,voxel 0.050000,78,0.105621,3922,0,3.625,0.382877,
/os_cloud_node/points_decim_1,voxel 0.050000,79,0.107712,3928,0,3.625,0.390455,
/os_cloud_node/points_decim_1,voxel 0.050000,80,0.119255,4149,0,3.625,0.4323,
/os_cloud_node/points_decim_1,voxel 0.050000,81,0.122993,4160,0,3.625,0.445851,
/os_cloud_node/points_decim_1,voxel 0.050000,82,0.124496,4300,0,3.625,0.4513,
/os_cloud_node/points_decim_1,voxel 0.050000,83,0.121124,4374,0,3.625,0.439075,
/os_cloud_node/points_decim_1,voxel 0.050000,84,0.117569,4260,0,3.625,0.426188,
/os_cloud_node/points_decim_1,voxel 0.050000,85,0.119942,4321,0,3.625,0.434789,
/os_cloud_node/points_decim_1,voxel 0.050000,86,0.120293,4107,0,3.625,0.436061,
/os_cloud_node/points_decim_1,voxel 0.050000,87,0.115036,4040,0,3.625,0.417006,
/os_cloud_node/points_decim_1,voxel 0.050000,88,0.116089,4070,0,3.625,0.420822,
/os_cloud_node/points_decim_1,voxel 0.050000,89,0.114922,4000,0,3.625,0.416591,
/os_cloud_node/points_decim_1,voxel 0.050000,90,0.109283,3956,0,3.625,0.396152,
/os_cloud_node/points_decim_1,voxel 0.050000,91,0.113121,4111,0,3.625,0.410064,
/os_cloud_node/points_decim_1,voxel 0.050000,92,0.112305,3911,0,3.625,0.407104,
/os_cloud_node/points_decim_1,voxel 0.050000,93,0.107872,4201,0,3.625,0.391036,
/os_cloud_node/points_decim_1,voxel 0.050000,94,0.108734,4200,0,3.625,0.394161,
/os_cloud_node/points_decim_1,voxel 0.050000,95,0.102356,3917,0,3.625,0.37104,
/os_cloud_node/points_decim_1,voxel 0.050000,96,0.0909195,3942,0,3.625,0.329583,
/os_cloud_node/points_decim_1,voxel 0.050000,97,0.0956039,3897,0,3.625,0.346564,
/os_cloud_node/points_decim_1,voxel 0.050000,98,0.0976334,3918,0,3.625,0.353921,
/os_cloud_node/points_decim_1,voxel 0.050000,99,0.0892639,3906,0,3.625,0.323582,
/os_cloud_node/points_decim_1,voxel 0.050000,100,0.102821,3945,0,3.625,0.372727,
/os_cloud_node/points_decim_1,voxel 0.050000,101,0.104103,3994,0,3.625,0.377374,
/os_cloud_node/points_decim_1,voxel 0.050000,102,0.104866,4164,0,3.625,0.380139,
/os_cloud_node/points_decim_1,voxel 0.050000,103,0.109932,4186,0,3.625,0.398503,
/os_cloud_node/points_decim_1,voxel 0.050000,104,0.11425,4396,0,3.625,0.414157,
/os_cloud_node/points_decim_1,voxel 0.050000,105,0.116829,4362,0,3.625,0.423505,
/os_cloud_node/points_decim_1,voxel 0.050000,106,0.123337,4393,0,3.625,0.447096,
/os_cloud_node/points_decim_1,voxel 0.050000,107,0.118446,4235,0,3.625,0.429368,
/os_cloud_node/points_decim_1,voxel 0.050000,108,0.130196,4332,0,3.625,0.471959,
/os_cloud_node/points_decim_1,voxel 0.050000,109,0.128983,4259,0,3.625,0.467562,
/os_cloud_node/points_decim_1,voxel 0.050000,110,0.122368,4135,0,3.625,0.443583,
/os_cloud_node/points_decim_1,voxel 0.050000,111,0.121544,4320,0,3.625,0.440597,
/os_cloud_node/points_decim_1,voxel 0.050000,112,0.119766,4335,0,3.625,0.434153,
/os_cloud_node/points_decim_1,voxel 0.050000,113,0.114235,4150,0,3.625,0.414102,
/os_cloud_node/points_decim_1,voxel 0.050000,114,0.115501,4250,0,3.625,0.418693,
/os_cloud_node/points_decim_1,voxel 0.050000,115,0.112,4049,0,3.625,0.405998,
/os_cloud_node/points_decim_1,voxel 0.050000,116,0.102631,4000,0,3.625,0.372036,
/os_cloud_node/points_decim_1,voxel 0.050000,117,0.104469,4063,0,3.625,0.378701,
/os_cloud_node/points_decim_1,voxel 0.050000,118,0.112411,4129,0,3.625,0.407492,
/os_cloud_node/points_decim_1,voxel 0.050000,119,0.109505,3975,0,3.625,0.396955,
/os_cloud_node/points_decim_1,voxel 0.050000,120,0.113472,4233,0,3.625,0.411336,
/os_cloud_node/points_decim_1,voxel 0.050000,121,0.112442,4222,0,3.625,0.407602,
/os_cloud_node/points_decim_1,voxel 0.050000,122,0.11409,4000,0,3.625,0.413576,
/os_cloud_node/points_decim_1,voxel 0.050000,123,0.110794,3991,0,3.625,0.401628,
/os_cloud_node/points_decim_1,voxel 0.050000,124,0.13002,4306,0,3.625,0.471323,
/os_cloud_node/points_decim_1,voxel 0.050000,125,0.126907,4142,0,3.625,0.460039,
/os_cloud_node/points_decim_1,voxel 0.050000,126,0.121277,4237,0,3.625,0.439629,
/os_cloud_node/points_decim_1,voxel 0.050000,127,0.124756,4036,0,3.625,0.45224,
/os_cloud_node/points_decim_1,voxel 0.050000,128,0.123878,4356,0,3.625,0.449059,
/os_cloud_node/points_decim_1,voxel 0.050000,129,0.119278,4099,0,3.625,0.432383,
/os_cloud_node/points_decim_1,voxel 0.050000,130,0.129761,4442,0,3.625,0.470383,
/os_cloud_node/points_decim_1,voxel 0.050000,131,0.130348,4341,0,3.625,0.472512,
/os_cloud_node/points_decim_1,voxel 0.050000,132,0.129211,4309,0,3.625,0.468391,
/os_cloud_node/points_decim_1,voxel 0.050000,133,0.127686,4125,0,3.625,0.46286,
/os_cloud_node/points_decim_1,voxel 0.050000,134,0.13028,4239,0,3.625,0.472263,
/os_cloud_node/points_decim_1,voxel 0.050000,135,0.122398,4080,0,3.625,0.443694,
/os_cloud_node/points_decim_1,voxel 0.050000,136,0.122826,3862,0,3.625,0.445243,
/os_cloud_node/points_decim_1,voxel 0.050000,137,0.121506,4185,0,3.625,0.440458,
/os_cloud_node/points_decim_1,voxel 0.050000,138,0.11396,3714,0,3.625,0.413106,
/os_cloud_node/points_decim_1,voxel 0.050000,139,0.11454,3930,0,3.625,0.415208,
/os_cloud_node/points_decim_1,voxel 0.050000,140,0.108292,4159,0,3.625,0.392557,
/os_cloud_node/points_decim_1,voxel 0.050000,141,0.114014,4055,0,3.625,0.4133,
/os_cloud_node/points_decim_1,voxel 0.050000,142,0.117332,3853,0,3.625,0.42533,
/os_cloud_node/points_decim_1,voxel 0.050000,143,0.121521,4079,0,3.625,0.440514,
/os_cloud_node/points_decim_1,voxel 0.050000,144,0.125618,4040,0,3.625,0.455365,
/os_cloud_node/points_decim_1,voxel 0.050000,145,0.122139,4299,0,3.625,0.442754,
/os_cloud_node/points_decim_1,voxel 0.050000,146,0.122681,4156,0,3.625,0.444717,
/os_cloud_node/points_decim_1,voxel 0.050000,147,0.123558,4179,0,3.625,0.447898,
/os_cloud_node/points_decim_1,voxel 0.050000,148,0.116417,4331,0,3.625,0.422011,
/os_cloud_node/points_decim_1,voxel 0.050000,149,0.124023,4141,0,3.625,0.449585,
/os_cloud_node/points_decim_1,voxel 0.050000,150,0.126663,4284,0,3.625,0.459154,
/os_cloud_node/points_decim_1,voxel 0.050000,151,0.126595,4177,0,3.625,0.458905,
/os_cloud_node/points_decim_1,voxel 0.050000,152,0.120842,4096,0,3.625,0.438052,
/os_cloud_node/points_decim_1,voxel 0.050000,153,0.116005,3976,0,3.625,0.420518,
/os_cloud_node/points_decim_1,voxel 0.050000,154,0.108009,4010,0,3.625,0.391534,
/os_cloud_node/points_decim_1,voxel 0.050000,155,0.10585,3911,0,3.625,0.383707,
/os_cloud_node/points_decim_1,voxel 0.050000,156,0.104004,3781,0,3.625,0.377014,
/os_cloud_node/points_decim_1,voxel 0.050000,157,0.0987854,3945,0,3.625,0.358097,
/os_cloud_node/points_decim_1,voxel 0.050000,158,0.104996,3697,0,3.625,0.38061,
/os_cloud_node/points_decim_1,voxel 0.050000,159,0.11216,3872,0,3.625,0.406579,
/os_cloud_node/points_decim_1,voxel 0.050000,160,0.116852,3912,0,3.625,0.423588,
/os_cloud_node/points_decim_1,voxel 0.050000,161,0.11087,4090,0,3.625,0.401905,
/os_cloud_node/points_decim_1,voxel 0.050000,162,0.111839,4167,0,3.625,0.405417,
/os_cloud_node/points_decim_1,voxel 0.050000,163,0.107201,4119,0,3.625,0.388602,
/os_cloud_node/points_decim_1,voxel 0.050000,164,0.108597,4161,0,3.625,0.393663,
/os_cloud_node/points_decim_1,voxel 0.050000,165,0.115677,4276,0,3.625,0.419329,
/os_cloud_node/points_decim_1,voxel 0.050000,166,0.120544,4046,0,3.625,0.436974,
/os_cloud_node/points_decim_1,voxel 0.050000,167,0.125015,4177,0,3.625,0.45318,
/os_cloud_node/points_decim_1,voxel 0.050000,168,0.12149,3900,0,3.625,0.440403,
/os_cloud_node/points_decim_1,voxel 0.050000,169,0.123001,4224,0,3.625,0.445879,
/os_cloud_node/points_decim_1,voxel 0.050000,170,0.122818,4433,0,3.625,0.445215,
/os_cloud_node/points_decim_1,voxel 0.050000,171,0.122635,4143,0,3.625,0.444551,
/os_cloud_node/points_decim_1,voxel 0.050000,172,0.115349,4118,0,3.625,0.418139,
/os_cloud_node/points_decim_1,voxel 0.050000,173,0.114967,4312,0,3.625,0.416757,
/os_cloud_node/points_decim_1,voxel 0.050000,174,0.11203,4069,0,3.625,0.406109,
/os_cloud_node/points_decim_1,voxel 0.050000,175,0.111458,4078,0,3.625,0.404035,
/os_cloud_node/points_decim_1,voxel 0.050000,176,0.10981,4028,0,3.625,0.398061,
/os_cloud_node/points_decim_1,voxel 0.050000,177,0.105156,4085,0,3.625,0.38119,
/os_cloud_node/points_decim_1,voxel 0.050000,178,0.0905457,3663,0,3.625,0.328228,
/os_cloud_node/points_decim_1,voxel 0.050000,179,0.0792236,3549,0,3.625,0.287186,
/os_cloud_node/points_decim_1,voxel 0.050000,180,0.0763474,3416,0,3.625,0.276759,
/os_cloud_node/points_decim_1,voxel 0.050000,181,0.0640488,3479,0,3.625,0.232177,
/os_cloud_node/points_decim_1,voxel 0.050000,182,0.0557327,3239,0,3.625,0.202031,
/os_cloud_node/points_decim_1,voxel 0.050000,183,0.0535736,3386,0,3.625,0.194204,
/os_cloud_node/points_decim_1,voxel 0.050000,184,0.0554581,3457,0,3.625,0.201035,
/os_cloud_node/points_decim_1,voxel 0.050000,185,0.0639496,3302,0,3.625,0.231817,
/os_cloud_node/points_decim_1,voxel 0.050000,186,0.0632935,3470,0,3.625,0.229439,
/os_cloud_node/points_decim_1,voxel 0.050000,187,0.0781784,3994,0,3.625,0.283397,
/os_cloud_node/points_decim_1,voxel 0.050000,188,0.0835419,3506,0,3.625,0.302839,
/os_cloud_node/points_decim_1,voxel 0.050000,189,0.0879898,3668,0,3.625,0.318963,
/os_cloud_node/points_decim_1,voxel 0.050000,190,0.0889053,3770,0,3.625,0.322282,
/os_cloud_node/points_decim_1,voxel 0.050000,191,0.0974884,3925,0,3.625,0.353395,
/os_cloud_node/points_decim_1,voxel 0.050000,192,0.0945282,3981,0,3.625,0.342665,
/os_cloud_node/points_decim_1,voxel 0.050000,193,0.109581,4126,0,3.625,0.397231,
/os_cloud_node/points_decim_1,voxel 0.050000,194,0.118469,4004,0,3.625,0.429451,
/os_cloud_node/points_decim_1,voxel 0.050000,195,0.123108,3942,0,3.625,0.446266,
/os_cloud_node/points_decim_1,voxel 0.050000,196,0.121262,3890,0,3.625,0.439573,
/os_cloud_node/points_decim_1,voxel 0.050000,197,0.103424,3912,0,3.625,0.374912,
/os_cloud_node/points_decim_1,voxel 0.050000,198,0.10408,4148,0,3.625,0.377291,
/os_cloud_node/points_decim_1,voxel 0.050000,199,0.105026,3920,0,3.625,0.38072,
/os_cloud_node/points_decim_1,voxel 0.050000,200,0.112946,3851,0,3.625,0.409428,
/os_cloud_node/points_decim_1,voxel 0.050000,201,0.112717,4058,0,3.625,0.408598,
/os_cloud_node/points_decim_1,voxel 0.050000,202,0.114807,3915,0,3.625,0.416176,
/os_cloud_node/points_decim_1,voxel 0.050000,203,0.113899,4063,0,3.625,0.412885,
/os_cloud_node/points_decim_1,voxel 0.050000,204,0.122978,4087,0,3.625,0.445796,
/os_cloud_node/points_decim_1,voxel 0.050000,205,0.12468,4105,0,3.625,0.451963,
/os_cloud_node/points_decim_1,voxel 0.050000,206,0.125793,4299,0,3.625,0.456001,
/os_cloud_node/points_decim_1,voxel 0.050000,207,0.121628,4267,0,3.625,0.440901,
/os_cloud_node/points_decim_1,voxel 0.050000,208,0.124184,4104,0,3.625,0.450166,
/os_cloud_node/points_decim_1,voxel 0.050000,209,0.129974,4174,0,3.625,0.471157,
/os_cloud_node/points_decim_1,voxel 0.050000,210,0.148994,4384,0,3.625,0.540105,
/os_cloud_node/points_decim_1,voxel 0.050000,211,0.154327,4698,0,3.625,0.559437,
/os_cloud_node/points_decim_1,voxel 0.050000,212,0.162292,4598,0,3.625,0.58831,
/os_cloud_node/points_decim_1,voxel 0.050000,213,0.16346,4636,0,3.625,0.592542,
/os_cloud_node/points_decim_1,voxel 0.050000,214,0.162453,4641,0,3.625,0.588891,
/os_cloud_node/points_decim_1,voxel 0.050000,215,0.148857,4388,0,3.625,0.539607,
/os_cloud_node/points_decim_1,voxel 0.050000,216,0.136215,4124,0,3.625,0.49378,
/os_cloud_node/points_decim_1,voxel 0.050000,217,0.131905,4037,0,3.625,0.478154,
/os_cloud_node/points_decim_1,voxel 0.050000,218,0.163345,4094,0,3.625,0.592127,
/os_cloud_node/points_decim_1,voxel 0.050000,219,0.228119,4909,0,3.625,0.826931,
/os_cloud_node/points_decim_1,voxel 0.050000,220,0.258911,5268,0,3.625,0.938553,
/os_cloud_node/points_decim_1,voxel 0.050000,221,0.269447,5579,0,3.625,0.976747,
/os_cloud_node/points_decim_1,voxel 0.050000,222,0.301193,5595,0,3.625,1.09183,
/os_cloud_node/points_decim_1,voxel 0.050000,223,0.315903,5681,0,3.625,1.14515,
/os_cloud_node/points_decim_1,voxel 0.050000,224,0.319969,5442,0,3.625,1.15989,
/os_cloud_node/points_decim_1,voxel 0.050000,225,0.330528,5773,0,3.625,1.19816,
/os_cloud_node/points_decim_1,voxel 0.050000,226,0.341156,5840,0,3.625,1.23669,
/os_cloud_node/points_decim_1,voxel 0.050000,227,0.354927,5841,0,3.625,1.28661,
/os_cloud_node/points_decim_1,voxel 0.050000,228,0.366409,5555,0,3.625,1.32823,
/os_cloud_node/points_decim_1,voxel 0.050000,229,0.373627,5905,0,3.625,1.3544,
/os_cloud_node/points_decim_1,voxel 0.050000,230,0.377731,5867,0,3.625,1.36928,
/os_cloud_node/points_decim_1,voxel 0.050000,231,0.369774,5859,0,3.625,1.34043,
/os_cloud_node/points_decim_1,voxel 0.050000,232,0.366989,5765,0,3.625,1.33034,
/os_cloud_node/points_decim_1,voxel 0.050000,233,0.351753,6180,0,3.625,1.27511,
/os_cloud_node/points_decim_1,voxel 0.050000,234,0.346725,5822,0,3.625,1.25688,
/os_cloud_node/points_decim_1,voxel 0.100000,0,0.132744,4639,0,3.625,0.481196,
/os_cloud_node/points_decim_1,voxel 0.100000,1,0.132156,4768,0,3.625,0.479067,
/os_cloud_node/points_decim_1,voxel 0.100000,2,0.130524,4818,0,3.625,0.473148,
/os_cloud_node/points_decim_1,voxel 0.100000,3,0.131393,4742,0,3.625,0.476301,
/os_cloud_node/points_decim_1,voxel 0.100000,4,0.132149,4719,0,3.625,0.479039,
/os_cloud_node/points_decim_1,voxel 0.100000,5,0.130081,4849,0,3.625,0.471544,
/os_cloud_node/points_decim_1,voxel 0.100000,6,0.131172,4850,0,3.625,0.475499,
/os_cloud_node/points_decim_1,voxel 0.100000,7,0.129929,4827,0,3.625,0.470991,
/os_cloud_node/points_decim_1,voxel 0.100000,8,0.126198,4827,0,3.625,0.457467,
/os_cloud_node/points_decim_1,voxel 0.100000,9,0.120377,4564,0,3.625,0.436365,
/os_cloud_node/points_decim_1,voxel 0.100000,10,0.114883,4632,0,3.625,0.416452,
/os_cloud_node/points_decim_1,voxel 0.100000,11,0.113182,4669,0,3.625,0.410285,
/os_cloud_node/points_decim_1,voxel 0.100000,12,0.110878,4603,0,3.625,0.401933,
/os_cloud_node/points_decim_1,voxel 0.100000,13,0.112534,4569,0,3.625,0.407934,
/os_cloud_node/points_decim_1,voxel 0.100000,14,0.110092,4532,0,3.625,0.399084,
/os_cloud_node/points_decim_1,voxel 0.100000,15,0.104279,4449,0,3.625,0.37801,
/os_cloud_node/points_decim_1,voxel 0.100000,16,0.0981522,4389,0,3.625,0.355802,
/os_cloud_node/points_decim_1,voxel 0.100000,17,0.0938644,4271,0,3.625,0.340259,
/os_cloud_node/points_decim_1,voxel 0.100000,18,0.0931473,4189,0,3.625,0.337659,
/os_cloud_node/points_decim_1,voxel 0.100000,19,0.0920868,4130,0,3.625,0.333815,
/os_cloud_node/points_decim_1,voxel 0.100000,20,0.0925827,4211,0,3.625,0.335612,
/os_cloud_node/points_decim_1,voxel 0.100000,21,0.0925598,4177,0,3.625,0.335529,
/os_cloud_node/points_decim_1,voxel 0.100000,22,0.0936203,4263,0,3.625,0.339374,
/os_cloud_node/points_decim_1,voxel 0.100000,23,0.0932083,3930,0,3.625,0.33788,
/os_cloud_node/points_decim_1,voxel 0.100000,24,0.0947342,4169,0,3.625,0.343411,
/os_cloud_node/points_decim_1,voxel 0.100000,25,0.0974655,4062,0,3.625,0.353312,
/os_cloud_node/points_decim_1,voxel 0.100000,26,0.0982895,4144,0,3.625,0.356299,
/os_cloud_node/points_decim_1,voxel 0.100000,27,0.0965118,3922,0,3.625,0.349855,
/os_cloud_node/points_decim_1,voxel 0.100000,28,0.0981674,4195,0,3.625,0.355857,
/os_cloud_node/points_decim_1,voxel 0.100000,29,0.0960541,3832,0,3.625,0.348196,
/os_cloud_node/points_decim_1,voxel 0.100000,30,0.0905457,3890,0,3.625,0.328228,
/os_cloud_node/points_decim_1,voxel 0.100000,31,0.0654831,3679,0,3.625,0.237376,
/os_cloud_node/points_decim_1,voxel 0.100000,32,0.0387573,3194,0,3.625,0.140495,
/os_cloud_node/points_decim_1,voxel 0.100000,33,0.0343018,3360,0,3.625,0.124344,
/os_cloud_node/points_decim_1,voxel 0.100000,34,0.0387802,3430,0,3.625,0.140578,
/os_cloud_node/points_decim_1,voxel 0.100000,35,0.0469589,3520,0,3.625,0.170226,
/os_cloud_node/points_decim_1,voxel 0.100000,36,0.0538635,3317,0,3.625,0.195255,
/os_cloud_node/points_decim_1,voxel 0.100000,37,0.0546265,3537,0,3.625,0.198021,
/os_cloud_node/points_decim_1,voxel 0.100000,38,0.0538788,4234,0,3.625,0.195311,
/os_cloud_node/points_decim_1,voxel 0.100000,39,0.0520859,3570,0,3.625,0.188811,
/os_cloud_node/points_decim_1,voxel 0.100000,40,0.0469055,3636,0,3.625,0.170033,
/os_cloud_node/points_decim_1,voxel 0.100000,41,0.0424042,3665,0,3.625,0.153715,
/os_cloud_node/points_decim_1,voxel 0.100000,42,0.0363312,3334,0,3.625,0.131701,
/os_cloud_node/points_decim_1,voxel 0.100000,43,0.0369644,3403,0,3.625,0.133996,
/os_cloud_node/points_decim_1,voxel 0.100000,44,0.0377502,3565,0,3.625,0.136845,
/os_cloud_node/points_decim_1,voxel 0.100000,45,0.0361176,3373,0,3.625,0.130926,
/os_cloud_node/points_decim_1,voxel 0.100000,46,0.0358353,3513,0,3.625,0.129903,
/os_cloud_node/points_decim_1,voxel 0.100000,47,0.0366821,3330,0,3.625,0.132973,
/os_cloud_node/points_decim_1,voxel 0.100000,48,0.0345383,3503,0,3.625,0.125201,
/os_cloud_node/points_decim_1,voxel 0.100000,49,0.0309143,3454,0,3.625,0.112064,
/os_cloud_node/points_decim_1,voxel 0.100000,50,0.0335922,3466,0,3.625,0.121772,
/os_cloud_node/points_decim_1,voxel 0.100000,51,0.0327682,3243,0,3.625,0.118785,
/os_cloud_node/points_decim_1,voxel 0.100000,52,0.0313797,3400,0,3.625,0.113751,
/os_cloud_node/points_decim_1,voxel 0.100000,53,0.0329819,3488,0,3.625,0.119559,
/os_cloud_node/points_decim_1,voxel 0.100000,54,0.0366821,3503,0,3.625,0.132973,
/os_cloud_node/points_decim_1,voxel 0.100000,55,0.0410919,3419,0,3.625,0.148958,
/os_cloud_node/points_decim_1,voxel 0.100000,56,0.0420761,3450,0,3.625,0.152526,
/os_cloud_node/points_decim_1,voxel 0.100000,57,0.0432053,3490,0,3.625,0.156619,
/os_cloud_node/points_decim_1,voxel 0.100000,58,0.0441132,3297,0,3.625,0.15991,
/os_cloud_node/points_decim_1,voxel 0.100000,59,0.0403824,3424,0,3.625,0.146386,
/os_cloud_node/points_decim_1,voxel 0.100000,60,0.0318527,3368,0,3.625,0.115466,
/os_cloud_node/points_decim_1,voxel 0.100000,61,0.0396423,3479,0,3.625,0.143703,
/os_cloud_node/points_decim_1,voxel 0.100000,62,0.0437088,3526,0,3.625,0.158444,
/os_cloud_node/points_decim_1,voxel 0.100000,63,0.0390091,3511,0,3.625,0.141408,
/os_cloud_node/points_decim_1,voxel 0.100000,64,0.0357819,3453,0,3.625,0.129709,
/os_cloud_node/points_decim_1,voxel 0.100000,65,0.0290298,3375,0,3.625,0.105233,
/os_cloud_node/points_decim_1,voxel 0.100000,66,0.0250244,3164,0,3.625,0.0907135,
/os_cloud_node/points_decim_1,voxel 0.100000,67,0.0197296,3339,0,3.625,0.0715199,
/os_cloud_node/points_decim_1,voxel 0.100000,68,0.0171356,3209,0,3.625,0.0621166,
/os_cloud_node/points_decim_1,voxel 0.100000,69,0.0184174,3141,0,3.625,0.0667629,
/os_cloud_node/points_decim_1,voxel 0.100000,70,0.0180435,3428,0,3.625,0.0654078,
/os_cloud_node/points_decim_1,voxel 0.100000,71,0.0201263,3281,0,3.625,0.072958,
/os_cloud_node/points_decim_1,voxel 0.100000,72,0.0242386,3013,0,3.625,0.0878649,
/os_cloud_node/points_decim_1,voxel 0.100000,73,0.0245285,3044,0,3.625,0.0889158,
/os_cloud_node/points_decim_1,voxel 0.100000,74,0.0259552,3069,0,3.625,0.0940876,
/os_cloud_node/points_decim_1,voxel 0.100000,75,0.0266876,3390,0,3.625,0.0967426,
/os_cloud_node/points_decim_1,voxel 0.100000,76,0.0315933,3377,0,3.625,0.114526,
/os_cloud_node/points_decim_1,voxel 0.100000,77,0.0296707,3212,0,3.625,0.107556,
/os_cloud_node/points_decim_1,voxel 0.100000,78,0.0306396,3163,0,3.625,0.111069,
/os_cloud_node/points_decim_1,voxel 0.100000,79,0.0320206,3188,0,3.625,0.116075,
/os_cloud_node/points_decim_1,voxel 0.100000,80,0.0313187,3228,0,3.625,0.11353,
/os_cloud_node/points_decim_1,voxel 0.100000,81,0.0318222,3176,0,3.625,0.115355,
/os_cloud_node/points_decim_1,voxel 0.100000,82,0.0365448,3314,0,3.625,0.132475,
/os_cloud_node/points_decim_1,voxel 0.100000,83,0.03862,3391,0,3.625,0.139997,
/os_cloud_node/points_decim_1,voxel 0.100000,84,0.0395966,3471,0,3.625,0.143538,
/os_cloud_node/points_decim_1,voxel 0.100000,85,0.0386887,3502,0,3.625,0.140246,
/os_cloud_node/points_decim_1,voxel 0.100000,86,0.0359879,3428,0,3.625,0.130456,
/os_cloud_node/points_decim_1,voxel 0.100000,87,0.0381851,3559,0,3.625,0.138421,
/os_cloud_node/points_decim_1,voxel 0.100000,88,0.0378494,3356,0,3.625,0.137204,
/os_cloud_node/points_decim_1,voxel 0.100000,89,0.0346527,3294,0,3.625,0.125616,
/os_cloud_node/points_decim_1,voxel 0.100000,90,0.0343018,3264,0,3.625,0.124344,
/os_cloud_node/points_decim_1,voxel 0.100000,91,0.0326004,3302,0,3.625,0.118176,
/os_cloud_node/points_decim_1,voxel 0.100000,92,0.0310593,3226,0,3.625,0.11259,
/os_cloud_node/points_decim_1,voxel 0.100000,93,0.0326996,3224,0,3.625,0.118536,
/os_cloud_node/points_decim_1,voxel 0.100000,94,0.0334549,3168,0,3.625,0.121274,
/os_cloud_node/points_decim_1,voxel 0.100000,95,0.0322952,3387,0,3.625,0.11707,
/os_cloud_node/points_decim_1,voxel 0.100000,96,0.0318451,3442,0,3.625,0.115438,
/os_cloud_node/points_decim_1,voxel 0.100000,97,0.0314102,3380,0,3.625,0.113862,
/os_cloud_node/points_decim_1,voxel 0.100000,98,0.0272751,3320,0,3.625,0.0988722,
/os_cloud_node/points_decim_1,voxel 0.100000,99,0.0293961,3431,0,3.625,0.106561,
/os_cloud_node/points_decim_1,voxel 0.100000,100,0.0304947,3264,0,3.625,0.110543,
/os_cloud_node/points_decim_1,voxel 0.100000,101,0.0275726,3274,0,3.625,0.0999508,
/os_cloud_node/points_decim_1,voxel 0.100000,102,0.0316238,3383,0,3.625,0.114636,
/os_cloud_node/points_decim_1,voxel 0.100000,103,0.0309601,3405,0,3.625,0.11223,
/os_cloud_node/points_decim_1,voxel 0.100000,104,0.0300751,3312,0,3.625,0.109022,
/os_cloud_node/points_decim_1,voxel 0.100000,105,0.0326996,3338,0,3.625,0.118536,
/os_cloud_node/points_decim_1,voxel 0.100000,106,0.0354767,3425,0,3.625,0.128603,
/os_cloud_node/points_decim_1,voxel 0.100000,107,0.0357056,3412,0,3.625,0.129433,
/os_cloud_node/points_decim_1,voxel 0.100000,108,0.0379181,3404,0,3.625,0.137453,
/os_cloud_node/points_decim_1,voxel 0.100000,109,0.0370026,3477,0,3.625,0.134134,
/os_cloud_node/points_decim_1,voxel 0.100000,110,0.0410309,3423,0,3.625,0.148737,
/os_cloud_node/points_decim_1,voxel 0.100000,111,0.040062,3397,0,3.625,0.145225,
/os_cloud_node/points_decim_1,voxel 0.100000,112,0.0366592,3419,0,3.625,0.13289,
/os_cloud_node/points_decim_1,voxel 0.100000,113,0.0366745,3461,0,3.625,0.132945,
/os_cloud_node/points_decim_1,voxel 0.100000,114,0.0354538,3352,0,3.625,0.12852,
/os_cloud_node/points_decim_1,voxel 0.100000,115,0.0341949,3373,0,3.625,0.123957,
/os_cloud_node/points_decim_1,voxel 0.100000,116,0.0344543,3435,0,3.625,0.124897,
/os_cloud_node/points_decim_1,voxel 0.100000,117,0.034584,3454,0,3.625,0.125367,
/os_cloud_node/points_decim_1,voxel 0.100000,118,0.031868,3159,0,3.625,0.115521,
/os_cloud_node/points_decim_1,voxel 0.100000,119,0.0321579,3404,0,3.625,0.116572,
/os_cloud_node/points_decim_1,voxel 0.100000,120,0.03508,3337,0,3.625,0.127165,
/os_cloud_node/points_decim_1,voxel 0.100000,121,0.0329056,3225,0,3.625,0.119283,
/os_cloud_node/points_decim_1,voxel 0.100000,122,0.034462,3381,0,3.625,0.124925,
/os_cloud_node/points_decim_1,voxel 0.100000,123,0.034996,3397,0,3.625,0.126861,
/os_cloud_node/points_decim_1,voxel 0.100000,124,0.0362778,3204,0,3.625,0.131507,
/os_cloud_node/points_decim_1,voxel 0.100000,125,0.0365448,3240,0,3.625,0.132475,
/os_cloud_node/points_decim_1,voxel 0.100000,126,0.0431824,3477,0,3.625,0.156536,
/os_cloud_node/points_decim_1,voxel 0.100000,127,0.0428925,3431,0,3.625,0.155485,
/os_cloud_node/points_decim_1,voxel 0.100000,128,0.0407181,3405,0,3.625,0.147603,
/os_cloud_node/points_decim_1,voxel 0.100000,129,0.0419998,3306,0,3.625,0.152249,
/os_cloud_node/points_decim_1,voxel 0.100000,130,0.0401077,3408,0,3.625,0.145391,
/os_cloud_node/points_decim_1,voxel 0.100000,131,0.0373993,3315,0,3.625,0.135572,
/os_cloud_node/points_decim_1,voxel 0.100000,132,0.0430908,3315,0,3.625,0.156204,
/os_cloud_node/points_decim_1,voxel 0.100000,133,0.0430069,3369,0,3.625,0.1559,
/os_cloud_node/points_decim_1,voxel 0.100000,134,0.0416489,3487,0,3.625,0.150977,
/os_cloud_node/points_decim_1,voxel 0.100000,135,0.0409851,3262,0,3.625,0.148571,
/os_cloud_node/points_decim_1,voxel 0.100000,136,0.0408478,3433,0,3.625,0.148073,
/os_cloud_node/points_decim_1,voxel 0.100000,137,0.0386047,3663,0,3.625,0.139942,
/os_cloud_node/points_decim_1,voxel 0.100000,138,0.0384674,3233,0,3.625,0.139444,
/os_cloud_node/points_decim_1,voxel 0.100000,139,0.0386047,3381,0,3.625,0.139942,
/os_cloud_node/points_decim_1,voxel 0.100000,140,0.0357361,3230,0,3.625,0.129543,
/os_cloud_node/points_decim_1,voxel 0.100000,141,0.0367355,3419,0,3.625,0.133166,
/os_cloud_node/points_decim_1,voxel 0.100000,142,0.0355682,3299,0,3.625,0.128935,
/os_cloud_node/points_decim_1,voxel 0.100000,143,0.0363312,3377,0,3.625,0.131701,
/os_cloud_node/points_decim_1,voxel 0.100000,144,0.0364304,3141,0,3.625,0.13206,
/os_cloud_node/points_decim_1,voxel 0.100000,145,0.0378494,3361,0,3.625,0.137204,
/os_cloud_node/points_decim_1,voxel 0.100000,146,0.0391846,3297,0,3.625,0.142044,
/os_cloud_node/points_decim_1,voxel 0.100000,147,0.0387039,3485,0,3.625,0.140302,
/os_cloud_node/points_decim_1,voxel 0.100000,148,0.0385513,3259,0,3.625,0.139749,
/os_cloud_node/points_decim_1,voxel 0.100000,149,0.0382538,3403,0,3.625,0.13867,
/os_cloud_node/points_decim_1,voxel 0.100000,150,0.0361786,3420,0,3.625,0.131147,
/os_cloud_node/points_decim_1,voxel 0.100000,151,0.0394669,3280,0,3.625,0.143067,
/os_cloud_node/points_decim_1,voxel 0.100000,152,0.0394745,3485,0,3.625,0.143095,
/os_cloud_node/points_decim_1,voxel 0.100000,153,0.0382843,3405,0,3.625,0.138781,
/os_cloud_node/points_decim_1,voxel 0.100000,154,0.0376434,3315,0,3.625,0.136457,
/os_cloud_node/points_decim_1,voxel 0.100000,155,0.0370941,3466,0,3.625,0.134466,
/os_cloud_node/points_decim_1,voxel 0.100000,156,0.0340424,3353,0,3.625,0.123404,
/os_cloud_node/points_decim_1,voxel 0.100000,157,0.0331192,3292,0,3.625,0.120057,
/os_cloud_node/points_decim_1,voxel 0.100000,158,0.0330658,3240,0,3.625,0.119864,
/os_cloud_node/points_decim_1,voxel 0.100000,159,0.0312805,3332,0,3.625,0.113392,
/os_cloud_node/points_decim_1,voxel 0.100000,160,0.0335236,3191,0,3.625,0.121523,
/os_cloud_node/points_decim_1,voxel 0.100000,161,0.0344162,3298,0,3.625,0.124759,
/os_cloud_node/points_decim_1,voxel 0.100000,162,0.0352402,3416,0,3.625,0.127746,
/os_cloud_node/points_decim_1,voxel 0.100000,163,0.0330963,3388,0,3.625,0.119974,
/os_cloud_node/points_decim_1,voxel 0.100000,164,0.0333862,3324,0,3.625,0.121025,
/os_cloud_node/points_decim_1,voxel 0.100000,165,0.032486,3282,0,3.625,0.117762,
/os_cloud_node/points_decim_1,voxel 0.100000,166,0.0337067,3506,0,3.625,0.122187,
/os_cloud_node/points_decim_1,voxel 0.100000,167,0.0369034,3599,0,3.625,0.133775,
/os_cloud_node/points_decim_1,voxel 0.100000,168,0.0381012,3347,0,3.625,0.138117,
/os_cloud_node/points_decim_1,voxel 0.100000,169,0.0403442,3361,0,3.625,0.146248,
/os_cloud_node/points_decim_1,voxel 0.100000,170,0.0381317,3252,0,3.625,0.138227,
/os_cloud_node/points_decim_1,voxel 0.100000,171,0.0400696,3474,0,3.625,0.145252,
/os_cloud_node/points_decim_1,voxel 0.100000,172,0.0389099,3521,0,3.625,0.141048,
/os_cloud_node/points_decim_1,voxel 0.100000,173,0.0383072,3370,0,3.625,0.138864,
/os_cloud_node/points_decim_1,voxel 0.100000,174,0.035141,3606,0,3.625,0.127386,
/os_cloud_node/points_decim_1,voxel 0.100000,175,0.0344162,3344,0,3.625,0.124759,
/os_cloud_node/points_decim_1,voxel 0.100000,176,0.0346985,3468,0,3.625,0.125782,
/os_cloud_node/points_decim_1,voxel 0.100000,177,0.0359039,3396,0,3.625,0.130152,
/os_cloud_node/points_decim_1,voxel 0.100000,178,0.0362091,3438,0,3.625,0.131258,
/os_cloud_node/points_decim_1,voxel 0.100000,179,0.0352249,3395,0,3.625,0.12769,
/os_cloud_node/points_decim_1,voxel 0.100000,180,0.0288544,3356,0,3.625,0.104597,
/os_cloud_node/points_decim_1,voxel 0.100000,181,0.0259018,3030,0,3.625,0.093894,
/os_cloud_node/points_decim_1,voxel 0.100000,182,0.025856,3054,0,3.625,0.0937281,
/os_cloud_node/points_decim_1,voxel 0.100000,183,0.0221939,3164,0,3.625,0.0804529,
/os_cloud_node/points_decim_1,voxel 0.100000,184,0.0180206,2909,0,3.625,0.0653248,
/os_cloud_node/points_decim_1,voxel 0.100000,185,0.0175323,3120,0,3.625,0.0635548,
/os_cloud_node/points_decim_1,voxel 0.100000,186,0.0179138,3157,0,3.625,0.0649376,
/os_cloud_node/points_decim_1,voxel 0.100000,187,0.0211945,3000,0,3.625,0.0768299,
/os_cloud_node/points_decim_1,voxel 0.100000,188,0.0217133,3186,0,3.625,0.0787106,
/os_cloud_node/points_decim_1,voxel 0.100000,189,0.0270157,3333,0,3.625,0.0979319,
/os_cloud_node/points_decim_1,voxel 0.100000,190,0.0294952,3096,0,3.625,0.10692,
/os_cloud_node/points_decim_1,voxel 0.100000,191,0.0326996,3224,0,3.625,0.118536,
/os_cloud_node/points_decim_1,voxel 0.100000,192,0.0313492,3340,0,3.625,0.113641,
/os_cloud_node/points_decim_1,voxel 0.100000,193,0.034317,3300,0,3.625,0.124399,
/os_cloud_node/points_decim_1,voxel 0.100000,194,0.0338287,3360,0,3.625,0.122629,
/os_cloud_node/points_decim_1,voxel 0.100000,195,0.0409088,3372,0,3.625,0.148294,
/os_cloud_node/points_decim_1,voxel 0.100000,196,0.0435486,3465,0,3.625,0.157864,
/os_cloud_node/points_decim_1,voxel 0.100000,197,0.0492249,3275,0,3.625,0.17844,
/os_cloud_node/points_decim_1,voxel 0.100000,198,0.0474701,3309,0,3.625,0.172079,
/os_cloud_node/points_decim_1,voxel 0.100000,199,0.0356903,3258,0,3.625,0.129377,
/os_cloud_node/points_decim_1,voxel 0.100000,200,0.0340195,3405,0,3.625,0.123321,
/os_cloud_node/points_decim_1,voxel 0.100000,201,0.0320663,3296,0,3.625,0.116241,
/os_cloud_node/points_decim_1,voxel 0.100000,202,0.0354767,3214,0,3.625,0.128603,
/os_cloud_node/points_decim_1,voxel 0.100000,203,0.0352936,3415,0,3.625,0.127939,
/os_cloud_node/points_decim_1,voxel 0.100000,204,0.0355072,3363,0,3.625,0.128714,
/os_cloud_node/points_decim_1,voxel 0.100000,205,0.0338593,3191,0,3.625,0.12274,
/os_cloud_node/points_decim_1,voxel 0.100000,206,0.0364838,3237,0,3.625,0.132254,
/os_cloud_node/points_decim_1,voxel 0.100000,207,0.0366898,3433,0,3.625,0.133,
/os_cloud_node/points_decim_1,voxel 0.100000,208,0.0363388,3467,0,3.625,0.131728,
/os_cloud_node/points_decim_1,voxel 0.100000,209,0.0345306,3305,0,3.625,0.125174,
/os_cloud_node/points_decim_1,voxel 0.100000,210,0.035965,3317,0,3.625,0.130373,
/os_cloud_node/points_decim_1,voxel 0.100000,211,0.0388565,3433,0,3.625,0.140855,
/os_cloud_node/points_decim_1,voxel 0.100000,212,0.0475922,3423,0,3.625,0.172522,
/os_cloud_node/points_decim_1,voxel 0.100000,213,0.0492096,3664,0,3.625,0.178385,
/os_cloud_node/points_decim_1,voxel 0.100000,214,0.0532913,3643,0,3.625,0.193181,
/os_cloud_node/points_decim_1,voxel 0.100000,215,0.054718,3642,0,3.625,0.198353,
/os_cloud_node/points_decim_1,voxel 0.100000,216,0.0555038,3675,0,3.625,0.201201,
/os_cloud_node/points_decim_1,voxel 0.100000,217,0.0493393,3562,0,3.625,0.178855,
/os_cloud_node/points_decim_1,voxel 0.100000,218,0.0455933,3444,0,3.625,0.165276,
/os_cloud_node/points_decim_1,voxel 0.100000,219,0.0445862,3433,0,3.625,0.161625,
/os_cloud_node/points_decim_1,voxel 0.100000,220,0.0582428,3367,0,3.625,0.21113,
/os_cloud_node/points_decim_1,voxel 0.100000,221,0.0887375,4066,0,3.625,0.321673,
/os_cloud_node/points_decim_1,voxel 0.100000,222,0.101501,4287,0,3.625,0.367943,
/os_cloud_node/points_decim_1,voxel 0.100000,223,0.105324,4460,0,3.625,0.381799,
/os_cloud_node/points_decim_1,voxel 0.100000,224,0.116989,4590,0,3.625,0.424086,
/os_cloud_node/points_decim_1,voxel 0.100000,225,0.120148,4609,0,3.625,0.435535,
/os_cloud_node/points_decim_1,voxel 0.100000,226,0.119133,4275,0,3.625,0.431857,
/os_cloud_node/points_decim_1,voxel 0.100000,227,0.120499,4432,0,3.625,0.436808,
/os_cloud_node/points_decim_1,voxel 0.100000,228,0.121826,4864,0,3.625,0.44162,
/os_cloud_node/points_decim_1,voxel 0.100000,229,0.126221,4696,0,3.625,0.45755,
/os_cloud_node/points_decim_1,voxel 0.100000,230,0.130478,4748,0,3.625,0.472982,
/os_cloud_node/points_decim_1,voxel 0.100000,231,0.135017,4870,0,3.625,0.489438,
/os_cloud_node/points_decim_1,voxel 0.100000,232,0.138664,4884,0,3.625,0.502658,
/os_cloud_node/points_decim_1,voxel 0.100000,233,0.134956,4658,0,3.625,0.489217,
/os_cloud_node/points_decim_1,voxel 0.100000,234,0.135239,4730,0,3.625,0.49024,
/os_cloud_node/points_decim_1,voxel 0.100000,235,0.131393,4562,0,3.625,0.476301,
/os_cloud_node/points_decim_1,voxel 0.100000,236,0.130264,4713,0,3.625,0.472208,
/os_cloud_node/points_decim_1,voxel 0.200000,0,0.0451431,3758,0,3.625,0.163644,
/os_cloud_node/points_decim_1,voxel 0.200000,1,0.0443344,3811,0,3.625,0.160712,
/os_cloud_node/points_decim_1,voxel 0.200000,2,0.0432892,3937,0,3.625,0.156923,
/os_cloud_node/points_decim_1,voxel 0.200000,3,0.0438614,3902,0,3.625,0.158998,
/os_cloud_node/points_decim_1,voxel 0.200000,4,0.0438232,4053,0,3.625,0.158859,
/os_cloud_node/points_decim_1,voxel 0.200000,5,0.041748,3783,0,3.625,0.151337,
/os_cloud_node/points_decim_1,voxel 0.200000,6,0.0391541,3913,0,3.625,0.141933,
/os_cloud_node/points_decim_1,voxel 0.200000,7,0.0393448,3871,0,3.625,0.142625,
/os_cloud_node/points_decim_1,voxel 0.200000,8,0.0385208,3850,0,3.625,0.139638,
/os_cloud_node/points_decim_1,voxel 0.200000,9,0.0351868,3529,0,3.625,0.127552,
/os_cloud_node/points_decim_1,voxel 0.200000,10,0.0346985,3278,0,3.625,0.125782,
/os_cloud_node/points_decim_1,voxel 0.200000,11,0.0325165,3839,0,3.625,0.117872,
/os_cloud_node/points_decim_1,voxel 0.200000,12,0.0337753,3543,0,3.625,0.122436,
/os_cloud_node/points_decim_1,voxel 0.200000,13,0.0345688,3648,0,3.625,0.125312,
/os_cloud_node/points_decim_1,voxel 0.200000,14,0.0354614,3610,0,3.625,0.128548,
/os_cloud_node/points_decim_1,voxel 0.200000,15,0.0350113,3544,0,3.625,0.126916,
/os_cloud_node/points_decim_1,voxel 0.200000,16,0.0336456,3462,0,3.625,0.121965,
/os_cloud_node/points_decim_1,voxel 0.200000,17,0.0317612,3519,0,3.625,0.115134,
/os_cloud_node/points_decim_1,voxel 0.200000,18,0.0309525,3457,0,3.625,0.112203,
/os_cloud_node/points_decim_1,voxel 0.200000,19,0.0305557,3539,0,3.625,0.110765,
/os_cloud_node/points_decim_1,voxel 0.200000,20,0.0303574,3467,0,3.625,0.110045,
/os_cloud_node/points_decim_1,voxel 0.200000,21,0.0305862,3484,0,3.625,0.110875,
/os_cloud_node/points_decim_1,voxel 0.200000,22,0.0308609,3496,0,3.625,0.111871,
/os_cloud_node/points_decim_1,voxel 0.200000,23,0.0310898,3452,0,3.625,0.1127,
/os_cloud_node/points_decim_1,voxel 0.200000,24,0.0309753,3252,0,3.625,0.112286,
/os_cloud_node/points_decim_1,voxel 0.200000,25,0.0314636,3426,0,3.625,0.114056,
/os_cloud_node/points_decim_1,voxel 0.200000,26,0.0319061,3238,0,3.625,0.11566,
/os_cloud_node/points_decim_1,voxel 0.200000,27,0.0323334,3497,0,3.625,0.117208,
/os_cloud_node/points_decim_1,voxel 0.200000,28,0.0317993,3290,0,3.625,0.115273,
/os_cloud_node/points_decim_1,voxel 0.200000,29,0.0321426,3485,0,3.625,0.116517,
/os_cloud_node/points_decim_1,voxel 0.200000,30,0.031311,3271,0,3.625,0.113503,
/os_cloud_node/points_decim_1,voxel 0.200000,31,0.0285568,3386,0,3.625,0.103518,
/os_cloud_node/points_decim_1,voxel 0.200000,32,0.0190659,3202,0,3.625,0.0691137,
/os_cloud_node/points_decim_1,voxel 0.200000,33,0.0112228,2964,0,3.625,0.0406828,
/os_cloud_node/points_decim_1,voxel 0.200000,34,0.00965118,3123,0,3.625,0.0349855,
/os_cloud_node/points_decim_1,voxel 0.200000,35,0.0110779,3027,0,3.625,0.0401573,
/os_cloud_node/points_decim_1,voxel 0.200000,36,0.0134811,3182,0,3.625,0.0488691,
/os_cloud_node/points_decim_1,voxel 0.200000,37,0.0156403,2928,0,3.625,0.0566959,
/os_cloud_node/points_decim_1,voxel 0.200000,38,0.0158615,2951,0,3.625,0.057498,
/os_cloud_node/points_decim_1,voxel 0.200000,39,0.0162201,3732,0,3.625,0.0587978,
/os_cloud_node/points_decim_1,voxel 0.200000,40,0.0144653,3039,0,3.625,0.0524368,
/os_cloud_node/points_decim_1,voxel 0.200000,41,0.013092,3071,0,3.625,0.0474586,
/os_cloud_node/points_decim_1,voxel 0.200000,42,0.0116959,3108,0,3.625,0.0423975,
/os_cloud_node/points_decim_1,voxel 0.200000,43,0.00939178,2865,0,3.625,0.0340452,
/os_cloud_node/points_decim_1,voxel 0.200000,44,0.00988007,2947,0,3.625,0.0358152,
/os_cloud_node/points_decim_1,voxel 0.200000,45,0.0102692,3087,0,3.625,0.0372257,
/os_cloud_node/points_decim_1,voxel 0.200000,46,0.0100327,3008,0,3.625,0.0363684,
/os_cloud_node/points_decim_1,voxel 0.200000,47,0.00932312,3068,0,3.625,0.0337963,
/os_cloud_node/points_decim_1,voxel 0.200000,48,0.0100327,2911,0,3.625,0.0363684,
/os_cloud_node/points_decim_1,voxel 0.200000,49,0.0093689,3034,0,3.625,0.0339622,
/os_cloud_node/points_decim_1,voxel 0.200000,50,0.00865173,3089,0,3.625,0.0313625,
/os_cloud_node/points_decim_1,voxel 0.200000,51,0.00985718,3116,0,3.625,0.0357323,
/os_cloud_node/points_decim_1,voxel 0.200000,52,0.00959015,2915,0,3.625,0.0347643,
/os_cloud_node/points_decim_1,voxel 0.200000,53,0.00911713,3075,0,3.625,0.0330496,
/os_cloud_node/points_decim_1,voxel 0.200000,54,0.00977325,3209,0,3.625,0.035428,
/os_cloud_node/points_decim_1,voxel 0.200000,55,0.0113907,3177,0,3.625,0.0412912,
/os_cloud_node/points_decim_1,voxel 0.200000,56,0.012764,3221,0,3.625,0.0462694,
/os_cloud_node/points_decim_1,voxel 0.200000,57,0.0130692,3026,0,3.625,0.0473757,
/os_cloud_node/points_decim_1,voxel 0.200000,58,0.0130157,3075,0,3.625,0.0471821,
/os_cloud_node/points_decim_1,voxel 0.200000,59,0.0134964,2900,0,3.625,0.0489244,
/os_cloud_node/points_decim_1,voxel 0.200000,60,0.0124512,2969,0,3.625,0.0451355,
/os_cloud_node/points_decim_1,voxel 0.200000,61,0.00943756,3144,0,3.625,0.0342112,
/os_cloud_node/points_decim_1,voxel 0.200000,62,0.0123138,3098,0,3.625,0.0446377,
/os_cloud_node/points_decim_1,voxel 0.200000,63,0.0134735,3150,0,3.625,0.0488415,
/os_cloud_node/points_decim_1,voxel 0.200000,64,0.0118256,3119,0,3.625,0.0428677,
/os_cloud_node/points_decim_1,voxel 0.200000,65,0.010849,3141,0,3.625,0.0393276,
/os_cloud_node/points_decim_1,voxel 0.200000,66,0.00913239,3104,0,3.625,0.0331049,
/os_cloud_node/points_decim_1,voxel 0.200000,67,0.00772095,2867,0,3.625,0.0279884,
/os_cloud_node/points_decim_1,voxel 0.200000,68,0.00572205,3180,0,3.625,0.0207424,
/os_cloud_node/points_decim_1,voxel 0.200000,69,0.004776,3106,0,3.625,0.017313,
/os_cloud_node/points_decim_1,voxel 0.200000,70,0.00514984,3040,0,3.625,0.0186682,
/os_cloud_node/points_decim_1,voxel 0.200000,71,0.00505066,2848,0,3.625,0.0183086,
/os_cloud_node/points_decim_1,voxel 0.200000,72,0.00554657,2988,0,3.625,0.0201063,
/os_cloud_node/points_decim_1,voxel 0.200000,73,0.00719452,2773,0,3.625,0.0260801,
/os_cloud_node/points_decim_1,voxel 0.200000,74,0.00793457,2976,0,3.625,0.0287628,
/os_cloud_node/points_decim_1,voxel 0.200000,75,0.00765228,2805,0,3.625,0.0277395,
/os_cloud_node/points_decim_1,voxel 0.200000,76,0.00776672,3037,0,3.625,0.0281544,
/os_cloud_node/points_decim_1,voxel 0.200000,77,0.0102005,3128,0,3.625,0.0369768,
/os_cloud_node/points_decim_1,voxel 0.200000,78,0.00941467,2868,0,3.625,0.0341282,
/os_cloud_node/points_decim_1,voxel 0.200000,79,0.00953674,2780,0,3.625,0.0345707,
/os_cloud_node/points_decim_1,voxel 0.200000,80,0.00946045,2973,0,3.625,0.0342941,
/os_cloud_node/points_decim_1,voxel 0.200000,81,0.00901794,2822,0,3.625,0.03269,
/os_cloud_node/points_decim_1,voxel 0.200000,82,0.00887299,3154,0,3.625,0.0321646,
/os_cloud_node/points_decim_1,voxel 0.200000,83,0.0104599,2897,0,3.625,0.0379171,
/os_cloud_node/points_decim_1,voxel 0.200000,84,0.0112,2868,0,3.625,0.0405998,
/os_cloud_node/points_decim_1,voxel 0.200000,85,0.0115128,3011,0,3.625,0.0417337,
/os_cloud_node/points_decim_1,voxel 0.200000,86,0.0111923,3101,0,3.625,0.0405722,
/os_cloud_node/points_decim_1,voxel 0.200000,87,0.0105133,3031,0,3.625,0.0381107,
/os_cloud_node/points_decim_1,voxel 0.200000,88,0.0112,2988,0,3.625,0.0405998,
/os_cloud_node/points_decim_1,voxel 0.200000,89,0.01091,2934,0,3.625,0.0395489,
/os_cloud_node/points_decim_1,voxel 0.200000,90,0.00984192,2916,0,3.625,0.035677,
/os_cloud_node/points_decim_1,voxel 0.200000,91,0.00968933,2866,0,3.625,0.0351238,
/os_cloud_node/points_decim_1,voxel 0.200000,92,0.00947571,2897,0,3.625,0.0343494,
/os_cloud_node/points_decim_1,voxel 0.200000,93,0.00870514,2799,0,3.625,0.0315561,
/os_cloud_node/points_decim_1,voxel 0.200000,94,0.00878906,2850,0,3.625,0.0318604,
/os_cloud_node/points_decim_1,voxel 0.200000,95,0.00932312,2787,0,3.625,0.0337963,
/os_cloud_node/points_decim_1,voxel 0.200000,96,0.0088501,3075,0,3.625,0.0320816,
/os_cloud_node/points_decim_1,voxel 0.200000,97,0.00872803,3020,0,3.625,0.0316391,
/os_cloud_node/points_decim_1,voxel 0.200000,98,0.00879669,3054,0,3.625,0.031888,
/os_cloud_node/points_decim_1,voxel 0.200000,99,0.00763702,3058,0,3.625,0.0276842,
/os_cloud_node/points_decim_1,voxel 0.200000,100,0.00828552,3035,0,3.625,0.030035,
/os_cloud_node/points_decim_1,voxel 0.200000,101,0.00870514,2996,0,3.625,0.0315561,
/os_cloud_node/points_decim_1,voxel 0.200000,102,0.00829315,3031,0,3.625,0.0300627,
/os_cloud_node/points_decim_1,voxel 0.200000,103,0.00902557,3022,0,3.625,0.0327177,
/os_cloud_node/points_decim_1,voxel 0.200000,104,0.00879669,3006,0,3.625,0.031888,
/os_cloud_node/points_decim_1,voxel 0.200000,105,0.00832367,2967,0,3.625,0.0301733,
/os_cloud_node/points_decim_1,voxel 0.200000,106,0.00927734,2950,0,3.625,0.0336304,
/os_cloud_node/points_decim_1,voxel 0.200000,107,0.00984192,3050,0,3.625,0.035677,
/os_cloud_node/points_decim_1,voxel 0.200000,108,0.0100403,2912,0,3.625,0.036396,
/os_cloud_node/points_decim_1,voxel 0.200000,109,0.010994,2933,0,3.625,0.0398531,
/os_cloud_node/points_decim_1,voxel 0.200000,110,0.0107117,2795,0,3.625,0.0388298,
/os_cloud_node/points_decim_1,voxel 0.200000,111,0.0118332,2990,0,3.625,0.0428953,
/os_cloud_node/points_decim_1,voxel 0.200000,112,0.011467,3005,0,3.625,0.0415678,
/os_cloud_node/points_decim_1,voxel 0.200000,113,0.0101471,2997,0,3.625,0.0367832,
/os_cloud_node/points_decim_1,voxel 0.200000,114,0.0102234,3115,0,3.625,0.0370598,
/os_cloud_node/points_decim_1,voxel 0.200000,115,0.010231,3078,0,3.625,0.0370874,
/os_cloud_node/points_decim_1,voxel 0.200000,116,0.00935364,2825,0,3.625,0.0339069,
/os_cloud_node/points_decim_1,voxel 0.200000,117,0.00962067,3032,0,3.625,0.0348749,
/os_cloud_node/points_decim_1,voxel 0.200000,118,0.00989532,2972,0,3.625,0.0358706,
/os_cloud_node/points_decim_1,voxel 0.200000,119,0.00881195,2886,0,3.625,0.0319433,
/os_cloud_node/points_decim_1,voxel 0.200000,120,0.0093689,3049,0,3.625,0.0339622,
/os_cloud_node/points_decim_1,voxel 0.200000,121,0.0100174,3047,0,3.625,0.0363131,
/os_cloud_node/points_decim_1,voxel 0.200000,122,0.00959015,2841,0,3.625,0.0347643,
/os_cloud_node/points_decim_1,voxel 0.200000,123,0.0102692,3013,0,3.625,0.0372257,
/os_cloud_node/points_decim_1,voxel 0.200000,124,0.0103455,3027,0,3.625,0.0375023,
/os_cloud_node/points_decim_1,voxel 0.200000,125,0.0107422,2812,0,3.625,0.0389404,
/os_cloud_node/points_decim_1,voxel 0.200000,126,0.0110703,2850,0,3.625,0.0401297,
/os_cloud_node/points_decim_1,voxel 0.200000,127,0.0129852,3003,0,3.625,0.0470715,
/os_cloud_node/points_decim_1,voxel 0.200000,128,0.0129776,2861,0,3.625,0.0470438,
/os_cloud_node/points_decim_1,voxel 0.200000,129,0.0117111,2914,0,3.625,0.0424528,
/os_cloud_node/points_decim_1,voxel 0.200000,130,0.0124664,2845,0,3.625,0.0451908,
/os_cloud_node/points_decim_1,voxel 0.200000,131,0.0119858,2905,0,3.625,0.0434484,
/os_cloud_node/points_decim_1,voxel 0.200000,132,0.0110626,2797,0,3.625,0.040102,
/os_cloud_node/points_decim_1,voxel 0.200000,133,0.0127487,2862,0,3.625,0.0462141,
/os_cloud_node/points_decim_1,voxel 0.200000,134,0.0125122,2853,0,3.625,0.0453568,
/os_cloud_node/points_decim_1,voxel 0.200000,135,0.0122375,3015,0,3.625,0.0443611,
/os_cloud_node/points_decim_1,voxel 0.200000,136,0.0117111,2972,0,3.625,0.0424528,
/os_cloud_node/points_decim_1,voxel 0.200000,137,0.0117416,2994,0,3.625,0.0425634,
/os_cloud_node/points_decim_1,voxel 0.200000,138,0.0108414,3058,0,3.625,0.0393,
/os_cloud_node/points_decim_1,voxel 0.200000,139,0.0111694,2876,0,3.625,0.0404892,
/os_cloud_node/points_decim_1,voxel 0.200000,140,0.0111694,3216,0,3.625,0.0404892,
/os_cloud_node/points_decim_1,voxel 0.200000,141,0.0103836,2881,0,3.625,0.0376406,
/os_cloud_node/points_decim_1,voxel 0.200000,142,0.0108414,3074,0,3.625,0.0393,
/os_cloud_node/points_decim_1,voxel 0.200000,143,0.0103607,2994,0,3.625,0.0375576,
/os_cloud_node/points_decim_1,voxel 0.200000,144,0.00994873,3104,0,3.625,0.0360641,
/os_cloud_node/points_decim_1,voxel 0.200000,145,0.0108337,2747,0,3.625,0.0392723,
/os_cloud_node/points_decim_1,voxel 0.200000,146,0.0109406,3011,0,3.625,0.0396595,
/os_cloud_node/points_decim_1,voxel 0.200000,147,0.0110474,2924,0,3.625,0.0400467,
/os_cloud_node/points_decim_1,voxel 0.200000,148,0.0106583,3052,0,3.625,0.0386362,
/os_cloud_node/points_decim_1,voxel 0.200000,149,0.0111084,2833,0,3.625,0.0402679,
/os_cloud_node/points_decim_1,voxel 0.200000,150,0.0111084,2781,0,3.625,0.0402679,
/os_cloud_node/points_decim_1,voxel 0.200000,151,0.0105515,2932,0,3.625,0.038249,
/os_cloud_node/points_decim_1,voxel 0.200000,152,0.0113297,2699,0,3.625,0.04107,
/os_cloud_node/points_decim_1,voxel 0.200000,153,0.011322,3000,0,3.625,0.0410423,
/os_cloud_node/points_decim_1,voxel 0.200000,154,0.0111465,3130,0,3.625,0.0404062,
/os_cloud_node/points_decim_1,voxel 0.200000,155,0.0105133,2744,0,3.625,0.0381107,
/os_cloud_node/points_decim_1,voxel 0.200000,156,0.0105209,2990,0,3.625,0.0381384,
/os_cloud_node/points_decim_1,voxel 0.200000,157,0.00998688,2970,0,3.625,0.0362024,
/os_cloud_node/points_decim_1,voxel 0.200000,158,0.00970459,3000,0,3.625,0.0351791,
/os_cloud_node/points_decim_1,voxel 0.200000,159,0.00962067,2829,0,3.625,0.0348749,
/os_cloud_node/points_decim_1,voxel 0.200000,160,0.00941467,3067,0,3.625,0.0341282,
/os_cloud_node/points_decim_1,voxel 0.200000,161,0.0101013,2847,0,3.625,0.0366173,
/os_cloud_node/points_decim_1,voxel 0.200000,162,0.00955963,2848,0,3.625,0.0346537,
/os_cloud_node/points_decim_1,voxel 0.200000,163,0.00964355,2820,0,3.625,0.0349579,
/os_cloud_node/points_decim_1,voxel 0.200000,164,0.00933838,3016,0,3.625,0.0338516,
/os_cloud_node/points_decim_1,voxel 0.200000,165,0.00949097,3000,0,3.625,0.0344048,
/os_cloud_node/points_decim_1,voxel 0.200000,166,0.00939941,2952,0,3.625,0.0340729,
/os_cloud_node/points_decim_1,voxel 0.200000,167,0.00955963,3043,0,3.625,0.0346537,
/os_cloud_node/points_decim_1,voxel 0.200000,168,0.0105743,3104,0,3.625,0.038332,
/os_cloud_node/points_decim_1,voxel 0.200000,169,0.0110626,2861,0,3.625,0.040102,
/os_cloud_node/points_decim_1,voxel 0.200000,170,0.0117188,2969,0,3.625,0.0424805,
/os_cloud_node/points_decim_1,voxel 0.200000,171,0.011322,2813,0,3.625,0.0410423,
/os_cloud_node/points_decim_1,voxel 0.200000,172,0.01194,3044,0,3.625,0.0432825,
/os_cloud_node/points_decim_1,voxel 0.200000,173,0.0111923,3006,0,3.625,0.0405722,
/os_cloud_node/points_decim_1,voxel 0.200000,174,0.0112,2944,0,3.625,0.0405998,
/os_cloud_node/points_decim_1,voxel 0.200000,175,0.0103836,3042,0,3.625,0.0376406,
/os_cloud_node/points_decim_1,voxel 0.200000,176,0.00992584,3169,0,3.625,0.0359812,
/os_cloud_node/points_decim_1,voxel 0.200000,177,0.0100937,2990,0,3.625,0.0365896,
/os_cloud_node/points_decim_1,voxel 0.200000,178,0.0107422,3024,0,3.625,0.0389404,
/os_cloud_node/points_decim_1,voxel 0.200000,179,0.0107422,2989,0,3.625,0.0389404,
/os_cloud_node/points_decim_1,voxel 0.200000,180,0.0108185,3239,0,3.625,0.039217,
/os_cloud_node/points_decim_1,voxel 0.200000,181,0.00901794,2979,0,3.625,0.03269,
/os_cloud_node/points_decim_1,voxel 0.200000,182,0.00760651,2977,0,3.625,0.0275736,
/os_cloud_node/points_decim_1,voxel 0.200000,183,0.00793457,2878,0,3.625,0.0287628,
/os_cloud_node/points_decim_1,voxel 0.200000,184,0.00654602,3061,0,3.625,0.0237293,
/os_cloud_node/points_decim_1,voxel 0.200000,185,0.00546265,2798,0,3.625,0.0198021,
/os_cloud_node/points_decim_1,voxel 0.200000,186,0.00514221,2998,0,3.625,0.0186405,
/os_cloud_node/points_decim_1,voxel 0.200000,187,0.00533295,3044,0,3.625,0.0193319,
/os_cloud_node/points_decim_1,voxel 0.200000,188,0.00608063,2854,0,3.625,0.0220423,
/os_cloud_node/points_decim_1,voxel 0.200000,189,0.00632477,3000,0,3.625,0.0229273,
/os_cloud_node/points_decim_1,voxel 0.200000,190,0.00865936,3273,0,3.625,0.0313902,
/os_cloud_node/points_decim_1,voxel 0.200000,191,0.00926208,2901,0,3.625,0.0335751,
/os_cloud_node/points_decim_1,voxel 0.200000,192,0.0103378,2973,0,3.625,0.0374746,
/os_cloud_node/points_decim_1,voxel 0.200000,193,0.0103989,2941,0,3.625,0.0376959,
/os_cloud_node/points_decim_1,voxel 0.200000,194,0.0105667,3020,0,3.625,0.0383043,
/os_cloud_node/points_decim_1,voxel 0.200000,195,0.0103683,3142,0,3.625,0.0375853,
/os_cloud_node/points_decim_1,voxel 0.200000,196,0.0129471,2975,0,3.625,0.0469332,
/os_cloud_node/points_decim_1,voxel 0.200000,197,0.0132217,3029,0,3.625,0.0479288,
/os_cloud_node/points_decim_1,voxel 0.200000,198,0.015358,2947,0,3.625,0.0556726,
/os_cloud_node/points_decim_1,voxel 0.200000,199,0.0155182,2930,0,3.625,0.0562534,
/os_cloud_node/points_decim_1,voxel 0.200000,200,0.0110931,2989,0,3.625,0.0402126,
/os_cloud_node/points_decim_1,voxel 0.200000,201,0.0099411,3102,0,3.625,0.0360365,
/os_cloud_node/points_decim_1,voxel 0.200000,202,0.0091629,2912,0,3.625,0.0332155,
/os_cloud_node/points_decim_1,voxel 0.200000,203,0.00998688,2842,0,3.625,0.0362024,
/os_cloud_node/points_decim_1,voxel 0.200000,204,0.00971985,3109,0,3.625,0.0352345,
/os_cloud_node/points_decim_1,voxel 0.200000,205,0.0100784,2994,0,3.625,0.0365343,
/os_cloud_node/points_decim_1,voxel 0.200000,206,0.00934601,2882,0,3.625,0.0338793,
/os_cloud_node/points_decim_1,voxel 0.200000,207,0.0100937,2998,0,3.625,0.0365896,
/os_cloud_node/points_decim_1,voxel 0.200000,208,0.00939941,2922,0,3.625,0.0340729,
/os_cloud_node/points_decim_1,voxel 0.200000,209,0.0098877,2968,0,3.625,0.0358429,
/os_cloud_node/points_decim_1,voxel 0.200000,210,0.0094223,2913,0,3.625,0.0341558,
/os_cloud_node/points_decim_1,voxel 0.200000,211,0.00991058,2865,0,3.625,0.0359259,
/os_cloud_node/points_decim_1,voxel 0.200000,212,0.01091,2860,0,3.625,0.0395489,
/os_cloud_node/points_decim_1,voxel 0.200000,213,0.0133362,2962,0,3.625,0.0483437,
/os_cloud_node/points_decim_1,voxel 0.200000,214,0.0140228,3199,0,3.625,0.0508327,
/os_cloud_node/points_decim_1,voxel 0.200000,215,0.0153275,3100,0,3.625,0.055562,
/os_cloud_node/points_decim_1,voxel 0.200000,216,0.0156403,3019,0,3.625,0.0566959,
/os_cloud_node/points_decim_1,voxel 0.200000,217,0.0161057,3300,0,3.625,0.058383,
/os_cloud_node/points_decim_1,voxel 0.200000,218,0.0145035,3130,0,3.625,0.0525751,
/os_cloud_node/points_decim_1,voxel 0.200000,219,0.0129547,3011,0,3.625,0.0469608,
/os_cloud_node/points_decim_1,voxel 0.200000,220,0.0126495,2998,0,3.625,0.0458546,
/os_cloud_node/points_decim_1,voxel 0.200000,221,0.0166626,3059,0,3.625,0.0604019,
/os_cloud_node/points_decim_1,voxel 0.200000,222,0.0273514,3165,0,3.625,0.0991488,
/os_cloud_node/points_decim_1,voxel 0.200000,223,0.0332031,3486,0,3.625,0.120361,
/os_cloud_node/points_decim_1,voxel 0.200000,224,0.0340576,3523,0,3.625,0.123459,
/os_cloud_node/points_decim_1,voxel 0.200000,225,0.0375214,3624,0,3.625,0.136015,
/os_cloud_node/points_decim_1,voxel 0.200000,226,0.0383682,3646,0,3.625,0.139085,
/os_cloud_node/points_decim_1,voxel 0.200000,227,0.0373688,3512,0,3.625,0.135462,
/os_cloud_node/points_decim_1,voxel 0.200000,228,0.0366745,3454,0,3.625,0.132945,
/os_cloud_node/points_decim_1,voxel 0.200000,229,0.0368118,3815,0,3.625,0.133443,
/os_cloud_node/points_decim_1,voxel 0.200000,230,0.0379486,3626,0,3.625,0.137564,
/os_cloud_node/points_decim_1,voxel 0.200000,231,0.0392761,3576,0,3.625,0.142376,
/os_cloud_node/points_decim_1,voxel 0.200000,232,0.0406647,3834,0,3.625,0.147409,
/os_cloud_node/points_decim_1,voxel 0.200000,233,0.0426331,3784,0,3.625,0.154545,
/os_cloud_node/points_decim_1,voxel 0.200000,234,0.0418701,3608,0,3.625,0.151779,
/os_cloud_node/points_decim_1,voxel 0.200000,235,0.0422287,3477,0,3.625,0.153079,
/os_cloud_node/points_decim_1,voxel 0.200000,236,0.0424881,3753,0,3.625,0.154019,
/os_cloud_node/points_decim_1,voxel 0.200000,237,0.0423813,3884,0,3.625,0.153632,
/os_cloud_node/points_decim_1,voxel 0.500000,0,0.0117798,3090,0,3.625,0.0427017,
/os_cloud_node/points_decim_1,voxel 0.500000,1,0.0116959,3231,0,3.625,0.0423975,
/os_cloud_node/points_decim_1,voxel 0.500000,2,0.0117569,3379,0,3.625,0.0426188,
/os_cloud_node/points_decim_1,voxel 0.500000,3,0.0119858,3184,0,3.625,0.0434484,
/os_cloud_node/points_decim_1,voxel 0.500000,4,0.0121307,3478,0,3.625,0.0439739,
/os_cloud_node/points_decim_1,voxel 0.500000,5,0.010025,3193,0,3.625,0.0363407,
/os_cloud_node/points_decim_1,voxel 0.500000,6,0.00895691,3143,0,3.625,0.0324688,
/os_cloud_node/points_decim_1,voxel 0.500000,7,0.00833893,3242,0,3.625,0.0302286,
/os_cloud_node/points_decim_1,voxel 0.500000,8,0.00817871,3193,0,3.625,0.0296478,
/os_cloud_node/points_decim_1,voxel 0.500000,9,0.00687408,3147,0,3.625,0.0249186,
/os_cloud_node/points_decim_1,voxel 0.500000,10,0.00669098,2905,0,3.625,0.0242548,
/os_cloud_node/points_decim_1,voxel 0.500000,11,0.00600433,2943,0,3.625,0.0217657,
/os_cloud_node/points_decim_1,voxel 0.500000,12,0.00721741,3091,0,3.625,0.0261631,
/os_cloud_node/points_decim_1,voxel 0.500000,13,0.0075531,3097,0,3.625,0.02738,
/os_cloud_node/points_decim_1,voxel 0.500000,14,0.00732422,2960,0,3.625,0.0265503,
/os_cloud_node/points_decim_1,voxel 0.500000,15,0.00704956,2959,0,3.625,0.0255547,
/os_cloud_node/points_decim_1,voxel 0.500000,16,0.00678253,3087,0,3.625,0.0245867,
/os_cloud_node/points_decim_1,voxel 0.500000,17,0.00657654,3197,0,3.625,0.02384,
/os_cloud_node/points_decim_1,voxel 0.500000,18,0.00632477,3194,0,3.625,0.0229273,
/os_cloud_node/points_decim_1,voxel 0.500000,19,0.00671387,3197,0,3.625,0.0243378,
/os_cloud_node/points_decim_1,voxel 0.500000,20,0.0068512,3159,0,3.625,0.0248356,
/os_cloud_node/points_decim_1,voxel 0.500000,21,0.0069809,3123,0,3.625,0.0253057,
/os_cloud_node/points_decim_1,voxel 0.500000,22,0.00706482,3103,0,3.625,0.02561,
/os_cloud_node/points_decim_1,voxel 0.500000,23,0.00684357,3104,0,3.625,0.0248079,
/os_cloud_node/points_decim_1,voxel 0.500000,24,0.00679779,2946,0,3.625,0.024642,
/os_cloud_node/points_decim_1,voxel 0.500000,25,0.00695038,3164,0,3.625,0.0251951,
/os_cloud_node/points_decim_1,voxel 0.500000,26,0.00704956,3078,0,3.625,0.0255547,
/os_cloud_node/points_decim_1,voxel 0.500000,27,0.007164,3106,0,3.625,0.0259695,
/os_cloud_node/points_decim_1,voxel 0.500000,28,0.00693512,2930,0,3.625,0.0251398,
/os_cloud_node/points_decim_1,voxel 0.500000,29,0.00687408,3147,0,3.625,0.0249186,
/os_cloud_node/points_decim_1,voxel 0.500000,30,0.00641632,3016,0,3.625,0.0232592,
/os_cloud_node/points_decim_1,voxel 0.500000,31,0.00558472,3025,0,3.625,0.0202446,
/os_cloud_node/points_decim_1,voxel 0.500000,32,0.00344086,3012,0,3.625,0.0124731,
/os_cloud_node/points_decim_1,voxel 0.500000,33,0.00218964,2373,0,3.625,0.00793743,
/os_cloud_node/points_decim_1,voxel 0.500000,34,0.00189972,2534,0,3.625,0.00688648,
/os_cloud_node/points_decim_1,voxel 0.500000,35,0.00200653,2460,0,3.625,0.00727367,
/os_cloud_node/points_decim_1,voxel 0.500000,36,0.00249481,2501,0,3.625,0.00904369,
/os_cloud_node/points_decim_1,voxel 0.500000,37,0.00314331,2291,0,3.625,0.0113945,
/os_cloud_node/points_decim_1,voxel 0.500000,38,0.00298309,2366,0,3.625,0.0108137,
/os_cloud_node/points_decim_1,voxel 0.500000,39,0.00298309,3145,0,3.625,0.0108137,
/os_cloud_node/points_decim_1,voxel 0.500000,40,0.00280762,2375,0,3.625,0.0101776,
/os_cloud_node/points_decim_1,voxel 0.500000,41,0.00241852,2467,0,3.625,0.00876713,
/os_cloud_node/points_decim_1,voxel 0.500000,42,0.00231171,2546,0,3.625,0.00837994,
/os_cloud_node/points_decim_1,voxel 0.500000,43,0.00185394,2369,0,3.625,0.00672054,
/os_cloud_node/points_decim_1,voxel 0.500000,44,0.00187683,2443,0,3.625,0.00680351,
/os_cloud_node/points_decim_1,voxel 0.500000,45,0.00186157,2544,0,3.625,0.0067482,
/os_cloud_node/points_decim_1,voxel 0.500000,46,0.00163269,2454,0,3.625,0.0059185,
/os_cloud_node/points_decim_1,voxel 0.500000,47,0.00190735,2528,0,3.625,0.00691414,
/os_cloud_node/points_decim_1,voxel 0.500000,48,0.0018692,2357,0,3.625,0.00677586,
/os_cloud_node/points_decim_1,voxel 0.500000,49,0.00173187,2481,0,3.625,0.00627804,
/os_cloud_node/points_decim_1,voxel 0.500000,50,0.0016861,2549,0,3.625,0.0061121,
/os_cloud_node/points_decim_1,voxel 0.500000,51,0.00180817,2469,0,3.625,0.0065546,
/os_cloud_node/points_decim_1,voxel 0.500000,52,0.00171661,2360,0,3.625,0.00622272,
/os_cloud_node/points_decim_1,voxel 0.500000,53,0.00185394,2916,0,3.625,0.00672054,
/os_cloud_node/points_decim_1,voxel 0.500000,54,0.00186157,2988,0,3.625,0.0067482,
/os_cloud_node/points_decim_1,voxel 0.500000,55,0.0022049,3023,0,3.625,0.00799274,
/os_cloud_node/points_decim_1,voxel 0.500000,56,0.00257874,2996,0,3.625,0.00934792,
/os_cloud_node/points_decim_1,voxel 0.500000,57,0.0026474,2885,0,3.625,0.00959682,
/os_cloud_node/points_decim_1,voxel 0.500000,58,0.00262451,3021,0,3.625,0.00951385,
/os_cloud_node/points_decim_1,voxel 0.500000,59,0.00253296,2768,0,3.625,0.00918198,
/os_cloud_node/points_decim_1,voxel 0.500000,60,0.00246429,2807,0,3.625,0.00893307,
/os_cloud_node/points_decim_1,voxel 0.500000,61,0.00183105,2597,0,3.625,0.00663757,
/os_cloud_node/points_decim_1,voxel 0.500000,62,0.00246429,3034,0,3.625,0.00893307,
/os_cloud_node/points_decim_1,voxel 0.500000,63,0.00267792,2991,0,3.625,0.00970745,
/os_cloud_node/points_decim_1,voxel 0.500000,64,0.00223541,2994,0,3.625,0.00810337,
/os_cloud_node/points_decim_1,voxel 0.500000,65,0.00227356,3061,0,3.625,0.00824165,
/os_cloud_node/points_decim_1,voxel 0.500000,66,0.00196075,3076,0,3.625,0.00710773,
/os_cloud_node/points_decim_1,voxel 0.500000,67,0.00164032,2901,0,3.625,0.00594616,
/os_cloud_node/points_decim_1,voxel 0.500000,68,0.00122833,2935,0,3.625,0.00445271,
/os_cloud_node/points_decim_1,voxel 0.500000,69,0.000900269,2500,0,3.625,0.00326347,
/os_cloud_node/points_decim_1,voxel 0.500000,70,0.000862122,2436,0,3.625,0.00312519,
/os_cloud_node/points_decim_1,voxel 0.500000,71,0.000946045,2258,0,3.625,0.00342941,
/os_cloud_node/points_decim_1,voxel 0.500000,72,0.00143433,2429,0,3.625,0.00519943,
/os_cloud_node/points_decim_1,voxel 0.500000,73,0.00136566,2267,0,3.625,0.00495052,
/os_cloud_node/points_decim_1,voxel 0.500000,74,0.00133514,2287,0,3.625,0.0048399,
/os_cloud_node/points_decim_1,voxel 0.500000,75,0.00167084,2227,0,3.625,0.00605679,
/os_cloud_node/points_decim_1,voxel 0.500000,76,0.00166321,2523,0,3.625,0.00602913,
/os_cloud_node/points_decim_1,voxel 0.500000,77,0.00190735,2560,0,3.625,0.00691414,
/os_cloud_node/points_decim_1,voxel 0.500000,78,0.00209045,2425,0,3.625,0.0075779,
/os_cloud_node/points_decim_1,voxel 0.500000,79,0.00185394,2302,0,3.625,0.00672054,
/os_cloud_node/points_decim_1,voxel 0.500000,80,0.00192261,2347,0,3.625,0.00696945,
/os_cloud_node/points_decim_1,voxel 0.500000,81,0.00189209,2582,0,3.625,0.00685883,
/os_cloud_node/points_decim_1,voxel 0.500000,82,0.00185394,2297,0,3.625,0.00672054,
/os_cloud_node/points_decim_1,voxel 0.500000,83,0.00202179,2756,0,3.625,0.00732899,
/os_cloud_node/points_decim_1,voxel 0.500000,84,0.0022583,2807,0,3.625,0.00818634,
/os_cloud_node/points_decim_1,voxel 0.500000,85,0.00230408,2488,0,3.625,0.00835228,
/os_cloud_node/points_decim_1,voxel 0.500000,86,0.00216675,2853,0,3.625,0.00785446,
/os_cloud_node/points_decim_1,voxel 0.500000,87,0.00219727,2291,0,3.625,0.00796509,
/os_cloud_node/points_decim_1,voxel 0.500000,88,0.00221252,2479,0,3.625,0.0080204,
/os_cloud_node/points_decim_1,voxel 0.500000,89,0.00217438,2745,0,3.625,0.00788212,
/os_cloud_node/points_decim_1,voxel 0.500000,90,0.00190735,2323,0,3.625,0.00691414,
/os_cloud_node/points_decim_1,voxel 0.500000,91,0.00182343,2333,0,3.625,0.00660992,
/os_cloud_node/points_decim_1,voxel 0.500000,92,0.00189972,2353,0,3.625,0.00688648,
/os_cloud_node/points_decim_1,voxel 0.500000,93,0.00177765,2292,0,3.625,0.00644398,
/os_cloud_node/points_decim_1,voxel 0.500000,94,0.0018692,2342,0,3.625,0.00677586,
/os_cloud_node/points_decim_1,voxel 0.500000,95,0.00189972,2267,0,3.625,0.00688648,
/os_cloud_node/points_decim_1,voxel 0.500000,96,0.00169373,2502,0,3.625,0.00613976,
/os_cloud_node/points_decim_1,voxel 0.500000,97,0.00165558,2414,0,3.625,0.00600147,
/os_cloud_node/points_decim_1,voxel 0.500000,98,0.00162506,2481,0,3.625,0.00589085,
/os_cloud_node/points_decim_1,voxel 0.500000,99,0.0015564,2460,0,3.625,0.00564194,
/os_cloud_node/points_decim_1,voxel 0.500000,100,0.0016861,2536,0,3.625,0.0061121,
/os_cloud_node/points_decim_1,voxel 0.500000,101,0.00172424,2422,0,3.625,0.00625038,
/os_cloud_node/points_decim_1,voxel 0.500000,102,0.00169373,2207,0,3.625,0.00613976,
/os_cloud_node/points_decim_1,voxel 0.500000,103,0.00176239,2478,0,3.625,0.00638866,
/os_cloud_node/points_decim_1,voxel 0.500000,104,0.00171661,2495,0,3.625,0.00622272,
/os_cloud_node/points_decim_1,voxel 0.500000,105,0.00153351,2410,0,3.625,0.00555897,
/os_cloud_node/points_decim_1,voxel 0.500000,106,0.00164032,2435,0,3.625,0.00594616,
/os_cloud_node/points_decim_1,voxel 0.500000,107,0.00188446,2491,0,3.625,0.00683117,
/os_cloud_node/points_decim_1,voxel 0.500000,108,0.00186157,2528,0,3.625,0.0067482,
/os_cloud_node/points_decim_1,voxel 0.500000,109,0.00198364,2437,0,3.625,0.0071907,
/os_cloud_node/points_decim_1,voxel 0.500000,110,0.0019989,2459,0,3.625,0.00724602,
/os_cloud_node/points_decim_1,voxel 0.500000,111,0.00241852,2455,0,3.625,0.00876713,
/os_cloud_node/points_decim_1,voxel 0.500000,112,0.00203705,2481,0,3.625,0.0073843,
/os_cloud_node/points_decim_1,voxel 0.500000,113,0.00193787,2413,0,3.625,0.00702477,
/os_cloud_node/points_decim_1,voxel 0.500000,114,0.00202942,2466,0,3.625,0.00735664,
/os_cloud_node/points_decim_1,voxel 0.500000,115,0.00184631,2437,0,3.625,0.00669289,
/os_cloud_node/points_decim_1,voxel 0.500000,116,0.0018692,2282,0,3.625,0.00677586,
/os_cloud_node/points_decim_1,voxel 0.500000,117,0.00191498,2483,0,3.625,0.0069418,
/os_cloud_node/points_decim_1,voxel 0.500000,118,0.0018692,2453,0,3.625,0.00677586,
/os_cloud_node/points_decim_1,voxel 0.500000,119,0.00192261,2308,0,3.625,0.00696945,
/os_cloud_node/points_decim_1,voxel 0.500000,120,0.00188446,2505,0,3.625,0.00683117,
/os_cloud_node/points_decim_1,voxel 0.500000,121,0.00186157,2450,0,3.625,0.0067482,
/os_cloud_node/points_decim_1,voxel 0.500000,122,0.00175476,2340,0,3.625,0.00636101,
/os_cloud_node/points_decim_1,voxel 0.500000,123,0.00200653,2486,0,3.625,0.00727367,
/os_cloud_node/points_decim_1,voxel 0.500000,124,0.00209045,2327,0,3.625,0.0075779,
/os_cloud_node/points_decim_1,voxel 0.500000,125,0.00222015,2285,0,3.625,0.00804806,
/os_cloud_node/points_decim_1,voxel 0.500000,126,0.00225067,2221,0,3.625,0.00815868,
/os_cloud_node/points_decim_1,voxel 0.500000,127,0.00244904,2502,0,3.625,0.00887775,
/os_cloud_node/points_decim_1,voxel 0.500000,128,0.00247192,2416,0,3.625,0.00896072,
/os_cloud_node/points_decim_1,voxel 0.500000,129,0.0025177,2411,0,3.625,0.00912666,
/os_cloud_node/points_decim_1,voxel 0.500000,130,0.00235748,2337,0,3.625,0.00854588,
/os_cloud_node/points_decim_1,voxel 0.500000,131,0.00232697,2444,0,3.625,0.00843525,
/os_cloud_node/points_decim_1,voxel 0.500000,132,0.0019989,2393,0,3.625,0.00724602,
/os_cloud_node/points_decim_1,voxel 0.500000,133,0.00237274,2361,0,3.625,0.00860119,
/os_cloud_node/points_decim_1,voxel 0.500000,134,0.00234222,2275,0,3.625,0.00849056,
/os_cloud_node/points_decim_1,voxel 0.500000,135,0.00244904,2485,0,3.625,0.00887775,
/os_cloud_node/points_decim_1,voxel 0.500000,136,0.00232697,2304,0,3.625,0.00843525,
/os_cloud_node/points_decim_1,voxel 0.500000,137,0.00215912,2429,0,3.625,0.00782681,
/os_cloud_node/points_decim_1,voxel 0.500000,138,0.00198364,2499,0,3.625,0.0071907,
/os_cloud_node/points_decim_1,voxel 0.500000,139,0.0020752,2264,0,3.625,0.00752258,
/os_cloud_node/points_decim_1,voxel 0.500000,140,0.00215149,2407,0,3.625,0.00779915,
/os_cloud_node/points_decim_1,voxel 0.500000,141,0.00196838,2347,0,3.625,0.00713539,
/os_cloud_node/points_decim_1,voxel 0.500000,142,0.00196838,2714,0,3.625,0.00713539,
/os_cloud_node/points_decim_1,voxel 0.500000,143,0.00195312,2779,0,3.625,0.00708008,
/os_cloud_node/points_decim_1,voxel 0.500000,144,0.00192261,2486,0,3.625,0.00696945,
/os_cloud_node/points_decim_1,voxel 0.500000,145,0.0019989,2265,0,3.625,0.00724602,
/os_cloud_node/points_decim_1,voxel 0.500000,146,0.00193787,2485,0,3.625,0.00702477,
/os_cloud_node/points_decim_1,voxel 0.500000,147,0.00204468,2378,0,3.625,0.00741196,
/os_cloud_node/points_decim_1,voxel 0.500000,148,0.00211334,2318,0,3.625,0.00766087,
/os_cloud_node/points_decim_1,voxel 0.500000,149,0.0022049,2344,0,3.625,0.00799274,
/os_cloud_node/points_decim_1,voxel 0.500000,150,0.00192261,2405,0,3.625,0.00696945,
/os_cloud_node/points_decim_1,voxel 0.500000,151,0.00187683,2419,0,3.625,0.00680351,
/os_cloud_node/points_decim_1,voxel 0.500000,152,0.00216675,2366,0,3.625,0.00785446,
/os_cloud_node/points_decim_1,voxel 0.500000,153,0.00215912,2614,0,3.625,0.00782681,
/os_cloud_node/points_decim_1,voxel 0.500000,154,0.00197601,2468,0,3.625,0.00716305,
/os_cloud_node/points_decim_1,voxel 0.500000,155,0.00203705,2352,0,3.625,0.0073843,
/os_cloud_node/points_decim_1,voxel 0.500000,156,0.00206757,2470,0,3.625,0.00749493,
/os_cloud_node/points_decim_1,voxel 0.500000,157,0.00193787,2348,0,3.625,0.00702477,
/os_cloud_node/points_decim_1,voxel 0.500000,158,0.00189209,2429,0,3.625,0.00685883,
/os_cloud_node/points_decim_1,voxel 0.500000,159,0.00185394,2253,0,3.625,0.00672054,
/os_cloud_node/points_decim_1,voxel 0.500000,160,0.00171661,2430,0,3.625,0.00622272,
/os_cloud_node/points_decim_1,voxel 0.500000,161,0.00183868,2330,0,3.625,0.00666523,
/os_cloud_node/points_decim_1,voxel 0.500000,162,0.00190735,2341,0,3.625,0.00691414,
/os_cloud_node/points_decim_1,voxel 0.500000,163,0.00178528,2374,0,3.625,0.00647163,
/os_cloud_node/points_decim_1,voxel 0.500000,164,0.00183868,2424,0,3.625,0.00666523,
/os_cloud_node/points_decim_1,voxel 0.500000,165,0.00190735,2427,0,3.625,0.00691414,
/os_cloud_node/points_decim_1,voxel 0.500000,166,0.00190735,2359,0,3.625,0.00691414,
/os_cloud_node/points_decim_1,voxel 0.500000,167,0.00202179,2538,0,3.625,0.00732899,
/os_cloud_node/points_decim_1,voxel 0.500000,168,0.00209808,2503,0,3.625,0.00760555,
/os_cloud_node/points_decim_1,voxel 0.500000,169,0.00232697,2380,0,3.625,0.00843525,
/os_cloud_node/points_decim_1,voxel 0.500000,170,0.00231934,2384,0,3.625,0.00840759,
/os_cloud_node/points_decim_1,voxel 0.500000,171,0.00222778,2629,0,3.625,0.00807571,
/os_cloud_node/points_decim_1,voxel 0.500000,172,0.002388,2849,0,3.625,0.0086565,
/os_cloud_node/points_decim_1,voxel 0.500000,173,0.00217438,2502,0,3.625,0.00788212,
/os_cloud_node/points_decim_1,voxel 0.500000,174,0.00214386,2309,0,3.625,0.00777149,
/os_cloud_node/points_decim_1,voxel 0.500000,175,0.00198364,2591,0,3.625,0.0071907,
/os_cloud_node/points_decim_1,voxel 0.500000,176,0.00179291,2425,0,3.625,0.00649929,
/os_cloud_node/points_decim_1,voxel 0.500000,177,0.00193787,2552,0,3.625,0.00702477,
/os_cloud_node/points_decim_1,voxel 0.500000,178,0.00211334,2520,0,3.625,0.00766087,
/os_cloud_node/points_decim_1,voxel 0.500000,179,0.00192261,2466,0,3.625,0.00696945,
/os_cloud_node/points_decim_1,voxel 0.500000,180,0.00225067,2492,0,3.625,0.00815868,
/os_cloud_node/points_decim_1,voxel 0.500000,181,0.00184631,2524,0,3.625,0.00669289,
/os_cloud_node/points_decim_1,voxel 0.500000,182,0.0016098,2233,0,3.625,0.00583553,
/os_cloud_node/points_decim_1,voxel 0.500000,183,0.00154114,2295,0,3.625,0.00558662,
/os_cloud_node/points_decim_1,voxel 0.500000,184,0.00125885,2442,0,3.625,0.00456333,
/os_cloud_node/points_decim_1,voxel 0.500000,185,0.00115967,2272,0,3.625,0.0042038,
/os_cloud_node/points_decim_1,voxel 0.500000,186,0.000968933,2415,0,3.625,0.00351238,
/os_cloud_node/points_decim_1,voxel 0.500000,187,0.00105286,2441,0,3.625,0.0038166,
/os_cloud_node/points_decim_1,voxel 0.500000,188,0.00123596,2302,0,3.625,0.00448036,
/os_cloud_node/points_decim_1,voxel 0.500000,189,0.001297,2431,0,3.625,0.00470161,
/os_cloud_node/points_decim_1,voxel 0.500000,190,0.00154114,2900,0,3.625,0.00558662,
/os_cloud_node/points_decim_1,voxel 0.500000,191,0.00179291,2759,0,3.625,0.00649929,
/os_cloud_node/points_decim_1,voxel 0.500000,192,0.00190735,2735,0,3.625,0.00691414,
/os_cloud_node/points_decim_1,voxel 0.500000,193,0.00196075,2946,0,3.625,0.00710773,
/os_cloud_node/points_decim_1,voxel 0.500000,194,0.00213623,2910,0,3.625,0.00774384,
/os_cloud_node/points_decim_1,voxel 0.500000,195,0.00212097,3066,0,3.625,0.00768852,
/os_cloud_node/points_decim_1,voxel 0.500000,196,0.00260162,2975,0,3.625,0.00943089,
/os_cloud_node/points_decim_1,voxel 0.500000,197,0.00259399,3049,0,3.625,0.00940323,
/os_cloud_node/points_decim_1,voxel 0.500000,198,0.00297546,2762,0,3.625,0.0107861,
/os_cloud_node/points_decim_1,voxel 0.500000,199,0.00312805,2834,0,3.625,0.0113392,
/os_cloud_node/points_decim_1,voxel 0.500000,200,0.00214386,2801,0,3.625,0.00777149,
/os_cloud_node/points_decim_1,voxel 0.500000,201,0.00193787,2974,0,3.625,0.00702477,
/os_cloud_node/points_decim_1,voxel 0.500000,202,0.00162506,2413,0,3.625,0.00589085,
/os_cloud_node/points_decim_1,voxel 0.500000,203,0.00185394,2332,0,3.625,0.00672054,
/os_cloud_node/points_decim_1,voxel 0.500000,204,0.00177765,2467,0,3.625,0.00644398,
/os_cloud_node/points_decim_1,voxel 0.500000,205,0.00178528,2432,0,3.625,0.00647163,
/os_cloud_node/points_decim_1,voxel 0.500000,206,0.00173187,2277,0,3.625,0.00627804,
/os_cloud_node/points_decim_1,voxel 0.500000,207,0.00191498,2253,0,3.625,0.0069418,
/os_cloud_node/points_decim_1,voxel 0.500000,208,0.00169373,2520,0,3.625,0.00613976,
/os_cloud_node/points_decim_1,voxel 0.500000,209,0.00178528,2507,0,3.625,0.00647163,
/os_cloud_node/points_decim_1,voxel 0.500000,210,0.00171661,2328,0,3.625,0.00622272,
/os_cloud_node/points_decim_1,voxel 0.500000,211,0.00167084,2242,0,3.625,0.00605679,
/os_cloud_node/points_decim_1,voxel 0.500000,212,0.00209808,2350,0,3.625,0.00760555,
/os_cloud_node/points_decim_1,voxel 0.500000,213,0.00251007,2337,0,3.625,0.00909901,
/os_cloud_node/points_decim_1,voxel 0.500000,214,0.00256348,2499,0,3.625,0.0092926,
/os_cloud_node/points_decim_1,voxel 0.500000,215,0.0027771,2526,0,3.625,0.010067,
/os_cloud_node/points_decim_1,voxel 0.500000,216,0.00300598,2300,0,3.625,0.0108967,
/os_cloud_node/points_decim_1,voxel 0.500000,217,0.00315857,2575,0,3.625,0.0114498,
/os_cloud_node/points_decim_1,voxel 0.500000,218,0.00258636,2424,0,3.625,0.00937557,
/os_cloud_node/points_decim_1,voxel 0.500000,219,0.00225067,2454,0,3.625,0.00815868,
/os_cloud_node/points_decim_1,voxel 0.500000,220,0.00222015,2486,0,3.625,0.00804806,
/os_cloud_node/points_decim_1,voxel 0.500000,221,0.00293732,2325,0,3.625,0.0106478,
/os_cloud_node/points_decim_1,voxel 0.500000,222,0.00522614,2987,0,3.625,0.0189447,
/os_cloud_node/points_decim_1,voxel 0.500000,223,0.00701904,3116,0,3.625,0.025444,
/os_cloud_node/points_decim_1,voxel 0.500000,224,0.00723267,2940,0,3.625,0.0262184,
/os_cloud_node/points_decim_1,voxel 0.500000,225,0.00776672,3166,0,3.625,0.0281544,
/os_cloud_node/points_decim_1,voxel 0.500000,226,0.0079422,3152,0,3.625,0.0287905,
/os_cloud_node/points_decim_1,voxel 0.500000,227,0.00754547,2850,0,3.625,0.0273523,
/os_cloud_node/points_decim_1,voxel 0.500000,228,0.00749969,2850,0,3.625,0.0271864,
/os_cloud_node/points_decim_1,voxel 0.500000,229,0.00785065,3251,0,3.625,0.0284586,
/os_cloud_node/points_decim_1,voxel 0.500000,230,0.00790405,3087,0,3.625,0.0286522,
/os_cloud_node/points_decim_1,voxel 0.500000,231,0.00815582,3053,0,3.625,0.0295649,
/os_cloud_node/points_decim_1,voxel 0.500000,232,0.00870514,3119,0,3.625,0.0315561,
/os_cloud_node/points_decim_1,voxel 0.500000,233,0.00897217,3149,0,3.625,0.0325241,
/os_cloud_node/points_decim_1,voxel 0.500000,234,0.00960541,3015,0,3.625,0.0348196,
/os_cloud_node/points_decim_1,voxel 0.500000,235,0.00956726,2861,0,3.625,0.0346813,
/os_cloud_node/points_decim_1,voxel 0.500000,236,0.00992584,2956,0,3.625,0.0359812,
/os_cloud_node/points_decim_1,voxel 0.500000,237,0.01091,3139,0,3.625,0.0395489,
/os_cloud_node/points_decim_1,uniform 0.010000,0,0.878906,14417,0,3.625,3.18604,
/os_cloud_node/points_decim_1,uniform 0.010000,1,0.876083,14801,0,3.625,3.1758,
/os_cloud_node/points_decim_1,uniform 0.010000,2,0.876816,14409,0,3.625,3.17846,
/os_cloud_node/points_decim_1,uniform 0.010000,3,0.875504,14953,0,3.625,3.1737,
/os_cloud_node/points_decim_1,uniform 0.010000,4,0.87532,14345,0,3.625,3.17304,
/os_cloud_node/points_decim_1,uniform 0.010000,5,0.884727,14511,0,3.625,3.20714,
/os_cloud_node/points_decim_1,uniform 0.010000,6,0.896996,14815,0,3.625,3.25161,
/os_cloud_node/points_decim_1,uniform 0.010000,7,0.902893,14946,0,3.625,3.27299,
/os_cloud_node/points_decim_1,uniform 0.010000,8,0.905876,15197,0,3.625,3.2838,
/os_cloud_node/points_decim_1,uniform 0.010000,9,0.910461,15220,0,3.625,3.30042,
/os_cloud_node/points_decim_1,uniform 0.010000,10,0.909004,14465,0,3.625,3.29514,
/os_cloud_node/points_decim_1,uniform 0.010000,11,0.912308,15156,0,3.625,3.30712,
/os_cloud_node/points_decim_1,uniform 0.010000,12,0.914101,15436,0,3.625,3.31361,
/os_cloud_node/points_decim_1,uniform 0.010000,13,0.914139,15459,0,3.625,3.31375,
/os_cloud_node/points_decim_1,uniform 0.010000,14,0.905853,15141,0,3.625,3.28372,
/os_cloud_node/points_decim_1,uniform 0.010000,15,0.884407,14746,0,3.625,3.20598,
/os_cloud_node/points_decim_1,uniform 0.010000,16,0.85215,14864,0,3.625,3.08904,
/os_cloud_node/points_decim_1,uniform 0.010000,17,0.810783,14434,0,3.625,2.93909,
/os_cloud_node/points_decim_1,uniform 0.010000,18,0.774422,14195,0,3.625,2.80728,
/os_cloud_node/points_decim_1,uniform 0.010000,19,0.737427,13823,0,3.625,2.67317,
/os_cloud_node/points_decim_1,uniform 0.010000,20,0.70504,13618,0,3.625,2.55577,
/os_cloud_node/points_decim_1,uniform 0.010000,21,0.687881,13434,0,3.625,2.49357,
/os_cloud_node/points_decim_1,uniform 0.010000,22,0.687355,13172,0,3.625,2.49166,
/os_cloud_node/points_decim_1,uniform 0.010000,23,0.692696,13129,0,3.625,2.51102,
/os_cloud_node/points_decim_1,uniform 0.010000,24,0.699883,13181,0,3.625,2.53707,
/os_cloud_node/points_decim_1,uniform 0.010000,25,0.703644,13384,0,3.625,2.55071,
/os_cloud_node/points_decim_1,uniform 0.010000,26,0.70108,12761,0,3.625,2.54142,
/os_cloud_node/points_decim_1,uniform 0.010000,27,0.709511,13420,0,3.625,2.57198,
/os_cloud_node/points_decim_1,uniform 0.010000,28,0.707428,12929,0,3.625,2.56443,
/os_cloud_node/points_decim_1,uniform 0.010000,29,0.707344,13399,0,3.625,2.56412,
/os_cloud_node/points_decim_1,uniform 0.010000,30,0.705162,13134,0,3.625,2.55621,
/os_cloud_node/points_decim_1,uniform 0.010000,31,0.690674,13340,0,3.625,2.50369,
/os_cloud_node/points_decim_1,uniform 0.010000,32,0.630821,11487,0,3.625,2.28673,
/os_cloud_node/points_decim_1,uniform 0.010000,33,0.595314,10833,0,3.625,2.15801,
/os_cloud_node/points_decim_1,uniform 0.010000,34,0.61908,11358,0,3.625,2.24416,
/os_cloud_node/points_decim_1,uniform 0.010000,35,0.664108,12864,0,3.625,2.40739,
/os_cloud_node/points_decim_1,uniform 0.010000,36,0.703224,13259,0,3.625,2.54919,
/os_cloud_node/points_decim_1,uniform 0.010000,37,0.749985,13117,0,3.625,2.71869,
/os_cloud_node/points_decim_1,uniform 0.010000,38,0.789825,13633,0,3.625,2.86312,
/os_cloud_node/points_decim_1,uniform 0.010000,39,0.793999,13882,0,3.625,2.87825,
/os_cloud_node/points_decim_1,uniform 0.010000,40,0.788773,13538,0,3.625,2.8593,
/os_cloud_node/points_decim_1,uniform 0.010000,41,0.771294,13300,0,3.625,2.79594,
/os_cloud_node/points_decim_1,uniform 0.010000,42,0.758568,13432,0,3.625,2.74981,
/os_cloud_node/points_decim_1,uniform 0.010000,43,0.732109,12779,0,3.625,2.6539,
/os_cloud_node/points_decim_1,uniform 0.010000,44,0.733871,13091,0,3.625,2.66028,
/os_cloud_node/points_decim_1,uniform 0.010000,45,0.723869,13509,0,3.625,2.62403,
/os_cloud_node/points_decim_1,uniform 0.010000,46,0.697075,12669,0,3.625,2.5269,
/os_cloud_node/points_decim_1,uniform 0.010000,47,0.705429,13076,0,3.625,2.55718,
/os_cloud_node/points_decim_1,uniform 0.010000,48,0.699677,12684,0,3.625,2.53633,
/os_cloud_node/points_decim_1,uniform 0.010000,49,0.646629,11257,0,3.625,2.34403,
/os_cloud_node/points_decim_1,uniform 0.010000,50,0.576149,10599,0,3.625,2.08854,
/os_cloud_node/points_decim_1,uniform 0.010000,51,0.592979,10872,0,3.625,2.14955,
/os_cloud_node/points_decim_1,uniform 0.010000,52,0.598549,10938,0,3.625,2.16974,
/os_cloud_node/points_decim_1,uniform 0.010000,53,0.613419,10901,0,3.625,2.22364,
/os_cloud_node/points_decim_1,uniform 0.010000,54,0.639603,11384,0,3.625,2.31856,
/os_cloud_node/points_decim_1,uniform 0.010000,55,0.668152,12468,0,3.625,2.42205,
/os_cloud_node/points_decim_1,uniform 0.010000,56,0.722031,13146,0,3.625,2.61736,
/os_cloud_node/points_decim_1,uniform 0.010000,57,0.717758,13075,0,3.625,2.60187,
/os_cloud_node/points_decim_1,uniform 0.010000,58,0.692352,12806,0,3.625,2.50978,
/os_cloud_node/points_decim_1,uniform 0.010000,59,0.647469,11345,0,3.625,2.34707,
/os_cloud_node/points_decim_1,uniform 0.010000,60,0.584679,10786,0,3.625,2.11946,
/os_cloud_node/points_decim_1,uniform 0.010000,61,0.544487,10576,0,3.625,1.97377,
/os_cloud_node/points_decim_1,uniform 0.010000,62,0.55867,10773,0,3.625,2.02518,
/os_cloud_node/points_decim_1,uniform 0.010000,63,0.58802,10886,0,3.625,2.13157,
/os_cloud_node/points_decim_1,uniform 0.010000,64,0.582306,10665,0,3.625,2.11086,
/os_cloud_node/points_decim_1,uniform 0.010000,65,0.57383,10766,0,3.625,2.08013,
/os_cloud_node/points_decim_1,uniform 0.010000,66,0.544579,10663,0,3.625,1.9741,
/os_cloud_node/points_decim_1,uniform 0.010000,67,0.515686,10084,0,3.625,1.86936,
/os_cloud_node/points_decim_1,uniform 0.010000,68,0.473045,9810,0,3.625,1.71479,
/os_cloud_node/points_decim_1,uniform 0.010000,69,0.459358,10060,0,3.625,1.66517,
/os_cloud_node/points_decim_1,uniform 0.010000,70,0.4786,9959,0,3.625,1.73492,
/os_cloud_node/points_decim_1,uniform 0.010000,71,0.486,10018,0,3.625,1.76175,
/os_cloud_node/points_decim_1,uniform 0.010000,72,0.490723,9926,0,3.625,1.77887,
/os_cloud_node/points_decim_1,uniform 0.010000,73,0.501892,9989,0,3.625,1.81936,
/os_cloud_node/points_decim_1,uniform 0.010000,74,0.503822,9989,0,3.625,1.82636,
/os_cloud_node/points_decim_1,uniform 0.010000,75,0.506561,9825,0,3.625,1.83628,
/os_cloud_node/points_decim_1,uniform 0.010000,76,0.535759,10594,0,3.625,1.94213,
/os_cloud_node/points_decim_1,uniform 0.010000,77,0.580063,10975,0,3.625,2.10273,
/os_cloud_node/points_decim_1,uniform 0.010000,78,0.605339,10892,0,3.625,2.19435,
/os_cloud_node/points_decim_1,uniform 0.010000,79,0.624557,10997,0,3.625,2.26402,
/os_cloud_node/points_decim_1,uniform 0.010000,80,0.655739,12328,0,3.625,2.37705,
/os_cloud_node/points_decim_1,uniform 0.010000,81,0.687302,12957,0,3.625,2.49147,
/os_cloud_node/points_decim_1,uniform 0.010000,82,0.717171,12631,0,3.625,2.59974,
/os_cloud_node/points_decim_1,uniform 0.010000,83,0.734207,13343,0,3.625,2.6615,
/os_cloud_node/points_decim_1,uniform 0.010000,84,0.730461,13488,0,3.625,2.64792,
/os_cloud_node/points_decim_1,uniform 0.010000,85,0.716797,12985,0,3.625,2.59839,
/os_cloud_node/points_decim_1,uniform 0.010000,86,0.700104,13194,0,3.625,2.53788,
/os_cloud_node/points_decim_1,uniform 0.010000,87,0.680489,12533,0,3.625,2.46677,
/os_cloud_node/points_decim_1,uniform 0.010000,88,0.690651,13046,0,3.625,2.50361,
/os_cloud_node/points_decim_1,uniform 0.010000,89,0.688118,13578,0,3.625,2.49443,
/os_cloud_node/points_decim_1,uniform 0.010000,90,0.710815,12816,0,3.625,2.57671,
/os_cloud_node/points_decim_1,uniform 0.010000,91,0.724701,12798,0,3.625,2.62704,
/os_cloud_node/points_decim_1,uniform 0.010000,92,0.70507,12966,0,3.625,2.55588,
/os_cloud_node/points_decim_1,uniform 0.010000,93,0.707153,12655,0,3.625,2.56343,
/os_cloud_node/points_decim_1,uniform 0.010000,94,0.704109,12677,0,3.625,2.5524,
/os_cloud_node/points_decim_1,uniform 0.010000,95,0.683937,12425,0,3.625,2.47927,
/os_cloud_node/points_decim_1,uniform 0.010000,96,0.683334,12911,0,3.625,2.47709,
/os_cloud_node/points_decim_1,uniform 0.010000,97,0.681732,12726,0,3.625,2.47128,
/os_cloud_node/points_decim_1,uniform 0.010000,98,0.625908,11209,0,3.625,2.26892,
/os_cloud_node/points_decim_1,uniform 0.010000,99,0.561287,10579,0,3.625,2.03467,
/os_cloud_node/points_decim_1,uniform 0.010000,100,0.569328,10589,0,3.625,2.06382,
/os_cloud_node/points_decim_1,uniform 0.010000,101,0.578232,10629,0,3.625,2.09609,
/os_cloud_node/points_decim_1,uniform 0.010000,102,0.56366,10386,0,3.625,2.04327,
/os_cloud_node/points_decim_1,uniform 0.010000,103,0.597763,11153,0,3.625,2.16689,
/os_cloud_node/points_decim_1,uniform 0.010000,104,0.630203,11672,0,3.625,2.28449,
/os_cloud_node/points_decim_1,uniform 0.010000,105,0.673424,12821,0,3.625,2.44116,
/os_cloud_node/points_decim_1,uniform 0.010000,106,0.702415,12997,0,3.625,2.54626,
/os_cloud_node/points_decim_1,uniform 0.010000,107,0.729797,13583,0,3.625,2.64552,
/os_cloud_node/points_decim_1,uniform 0.010000,108,0.752106,13473,0,3.625,2.72638,
/os_cloud_node/points_decim_1,uniform 0.010000,109,0.744598,13606,0,3.625,2.69917,
/os_cloud_node/points_decim_1,uniform 0.010000,110,0.714096,13138,0,3.625,2.5886,
/os_cloud_node/points_decim_1,uniform 0.010000,111,0.686356,12951,0,3.625,2.48804,
/os_cloud_node/points_decim_1,uniform 0.010000,112,0.688301,13037,0,3.625,2.49509,
/os_cloud_node/points_decim_1,uniform 0.010000,113,0.673706,12690,0,3.625,2.44218,
/os_cloud_node/points_decim_1,uniform 0.010000,114,0.70829,13163,0,3.625,2.56755,
/os_cloud_node/points_decim_1,uniform 0.010000,115,0.709259,12967,0,3.625,2.57106,
/os_cloud_node/points_decim_1,uniform 0.010000,116,0.69268,12683,0,3.625,2.51097,
/os_cloud_node/points_decim_1,uniform 0.010000,117,0.68824,12733,0,3.625,2.49487,
/os_cloud_node/points_decim_1,uniform 0.010000,118,0.630249,11084,0,3.625,2.28465,
/os_cloud_node/points_decim_1,uniform 0.010000,119,0.587936,10757,0,3.625,2.13127,
/os_cloud_node/points_decim_1,uniform 0.010000,120,0.608437,11137,0,3.625,2.20558,
/os_cloud_node/points_decim_1,uniform 0.010000,121,0.647293,11256,0,3.625,2.34644,
/os_cloud_node/points_decim_1,uniform 0.010000,122,0.659904,12669,0,3.625,2.39215,
/os_cloud_node/points_decim_1,uniform 0.010000,123,0.708542,13386,0,3.625,2.56846,
/os_cloud_node/points_decim_1,uniform 0.010000,124,0.723206,12849,0,3.625,2.62162,
/os_cloud_node/points_decim_1,uniform 0.010000,125,0.72197,13027,0,3.625,2.61714,
/os_cloud_node/points_decim_1,uniform 0.010000,126,0.71994,12874,0,3.625,2.60978,
/os_cloud_node/points_decim_1,uniform 0.010000,127,0.71756,13828,0,3.625,2.60115,
/os_cloud_node/points_decim_1,uniform 0.010000,128,0.712288,13773,0,3.625,2.58204,
/os_cloud_node/points_decim_1,uniform 0.010000,129,0.700562,13293,0,3.625,2.53954,
/os_cloud_node/points_decim_1,uniform 0.010000,130,0.692787,12956,0,3.625,2.51135,
/os_cloud_node/points_decim_1,uniform 0.010000,131,0.716942,13373,0,3.625,2.59891,
/os_cloud_node/points_decim_1,uniform 0.010000,132,0.741844,13293,0,3.625,2.68919,
/os_cloud_node/points_decim_1,uniform 0.010000,133,0.737221,13470,0,3.625,2.67243,
/os_cloud_node/points_decim_1,uniform 0.010000,134,0.727859,13033,0,3.625,2.63849,
/os_cloud_node/points_decim_1,uniform 0.010000,135,0.736214,13501,0,3.625,2.66877,
/os_cloud_node/points_decim_1,uniform 0.010000,136,0.724815,13086,0,3.625,2.62746,
/os_cloud_node/points_decim_1,uniform 0.010000,137,0.699989,12881,0,3.625,2.53746,
/os_cloud_node/points_decim_1,uniform 0.010000,138,0.629768,11534,0,3.625,2.28291,
/os_cloud_node/points_decim_1,uniform 0.010000,139,0.584198,10588,0,3.625,2.11772,
/os_cloud_node/points_decim_1,uniform 0.010000,140,0.590034,10965,0,3.625,2.13888,
/os_cloud_node/points_decim_1,uniform 0.010000,141,0.589081,11082,0,3.625,2.13542,
/os_cloud_node/points_decim_1,uniform 0.010000,142,0.602486,10978,0,3.625,2.18401,
/os_cloud_node/points_decim_1,uniform 0.010000,143,0.607857,11154,0,3.625,2.20348,
/os_cloud_node/points_decim_1,uniform 0.010000,144,0.619415,11130,0,3.625,2.24538,
/os_cloud_node/points_decim_1,uniform 0.010000,145,0.635414,10846,0,3.625,2.30338,
/os_cloud_node/points_decim_1,uniform 0.010000,146,0.656685,12776,0,3.625,2.38048,
/os_cloud_node/points_decim_1,uniform 0.010000,147,0.678886,12815,0,3.625,2.46096,
/os_cloud_node/points_decim_1,uniform 0.010000,148,0.692963,13018,0,3.625,2.51199,
/os_cloud_node/points_decim_1,uniform 0.010000,149,0.719635,13052,0,3.625,2.60868,
/os_cloud_node/points_decim_1,uniform 0.010000,150,0.746689,13856,0,3.625,2.70675,
/os_cloud_node/points_decim_1,uniform 0.010000,151,0.744446,13281,0,3.625,2.69862,
/os_cloud_node/points_decim_1,uniform 0.010000,152,0.724686,14382,0,3.625,2.62699,
/os_cloud_node/points_decim_1,uniform 0.010000,153,0.699913,13298,0,3.625,2.53718,
/os_cloud_node/points_decim_1,uniform 0.010000,154,0.676582,12977,0,3.625,2.45261,
/os_cloud_node/points_decim_1,uniform 0.010000,155,0.641846,11021,0,3.625,2.32669,
/os_cloud_node/points_decim_1,uniform 0.010000,156,0.62545,11039,0,3.625,2.26726,
/os_cloud_node/points_decim_1,uniform 0.010000,157,0.594772,11087,0,3.625,2.15605,
/os_cloud_node/points_decim_1,uniform 0.010000,158,0.580811,10916,0,3.625,2.10544,
/os_cloud_node/points_decim_1,uniform 0.010000,159,0.578796,10565,0,3.625,2.09814,
/os_cloud_node/points_decim_1,uniform 0.010000,160,0.568268,10799,0,3.625,2.05997,
/os_cloud_node/points_decim_1,uniform 0.010000,161,0.592041,10718,0,3.625,2.14615,
/os_cloud_node/points_decim_1,uniform 0.010000,162,0.648575,11235,0,3.625,2.35108,
/os_cloud_node/points_decim_1,uniform 0.010000,163,0.676117,12589,0,3.625,2.45092,
/os_cloud_node/points_decim_1,uniform 0.010000,164,0.690193,12627,0,3.625,2.50195,
/os_cloud_node/points_decim_1,uniform 0.010000,165,0.691933,12843,0,3.625,2.50826,
/os_cloud_node/points_decim_1,uniform 0.010000,166,0.68615,12794,0,3.625,2.48729,
/os_cloud_node/points_decim_1,uniform 0.010000,167,0.671852,12975,0,3.625,2.43546,
/os_cloud_node/points_decim_1,uniform 0.010000,168,0.677223,12886,0,3.625,2.45493,
/os_cloud_node/points_decim_1,uniform 0.010000,169,0.67897,12936,0,3.625,2.46127,
/os_cloud_node/points_decim_1,uniform 0.010000,170,0.675583,12994,0,3.625,2.44899,
/os_cloud_node/points_decim_1,uniform 0.010000,171,0.684082,12836,0,3.625,2.4798,
/os_cloud_node/points_decim_1,uniform 0.010000,172,0.693153,13491,0,3.625,2.51268,
/os_cloud_node/points_decim_1,uniform 0.010000,173,0.711685,13382,0,3.625,2.57986,
/os_cloud_node/points_decim_1,uniform 0.010000,174,0.706474,13307,0,3.625,2.56097,
/os_cloud_node/points_decim_1,uniform 0.010000,175,0.674713,13208,0,3.625,2.44584,
/os_cloud_node/points_decim_1,uniform 0.010000,176,0.669952,12613,0,3.625,2.42858,
/os_cloud_node/points_decim_1,uniform 0.010000,177,0.64576,11601,0,3.625,2.34088,
/os_cloud_node/points_decim_1,uniform 0.010000,178,0.623772,11246,0,3.625,2.26117,
/os_cloud_node/points_decim_1,uniform 0.010000,179,0.599167,10835,0,3.625,2.17198,
/os_cloud_node/points_decim_1,uniform 0.010000,180,0.562653,10856,0,3.625,2.03962,
/os_cloud_node/points_decim_1,uniform 0.010000,181,0.533356,10300,0,3.625,1.93341,
/os_cloud_node/points_decim_1,uniform 0.010000,182,0.498047,9692,0,3.625,1.80542,
/os_cloud_node/points_decim_1,uniform 0.010000,183,0.486176,10018,0,3.625,1.76239,
/os_cloud_node/points_decim_1,uniform 0.010000,184,0.454559,9746,0,3.625,1.64778,
/os_cloud_node/points_decim_1,uniform 0.010000,185,0.419945,9287,0,3.625,1.5223,
/os_cloud_node/points_decim_1,uniform 0.010000,186,0.411308,9087,0,3.625,1.49099,
/os_cloud_node/points_decim_1,uniform 0.010000,187,0.422325,9361,0,3.625,1.53093,
/os_cloud_node/points_decim_1,uniform 0.010000,188,0.425682,9451,0,3.625,1.5431,
/os_cloud_node/points_decim_1,uniform 0.010000,189,0.419136,9227,0,3.625,1.51937,
/os_cloud_node/points_decim_1,uniform 0.010000,190,0.459602,9673,0,3.625,1.66606,
/os_cloud_node/points_decim_1,uniform 0.010000,191,0.453781,9285,0,3.625,1.64496,
/os_cloud_node/points_decim_1,uniform 0.010000,192,0.477142,9664,0,3.625,1.72964,
/os_cloud_node/points_decim_1,uniform 0.010000,193,0.504692,9715,0,3.625,1.82951,
/os_cloud_node/points_decim_1,uniform 0.010000,194,0.543144,10468,0,3.625,1.9689,
/os_cloud_node/points_decim_1,uniform 0.010000,195,0.566673,10704,0,3.625,2.05419,
/os_cloud_node/points_decim_1,uniform 0.010000,196,0.621033,11103,0,3.625,2.25124,
/os_cloud_node/points_decim_1,uniform 0.010000,197,0.621773,11243,0,3.625,2.25393,
/os_cloud_node/points_decim_1,uniform 0.010000,198,0.612228,11386,0,3.625,2.21933,
/os_cloud_node/points_decim_1,uniform 0.010000,199,0.601852,10809,0,3.625,2.18172,
/os_cloud_node/points_decim_1,uniform 0.010000,200,0.581635,10714,0,3.625,2.10843,
/os_cloud_node/points_decim_1,uniform 0.010000,201,0.606857,10868,0,3.625,2.19986,
/os_cloud_node/points_decim_1,uniform 0.010000,202,0.596825,10870,0,3.625,2.16349,
/os_cloud_node/points_decim_1,uniform 0.010000,203,0.59977,10999,0,3.625,2.17416,
/os_cloud_node/points_decim_1,uniform 0.010000,204,0.584412,10652,0,3.625,2.11849,
/os_cloud_node/points_decim_1,uniform 0.010000,205,0.587502,10742,0,3.625,2.12969,
/os_cloud_node/points_decim_1,uniform 0.010000,206,0.596146,10588,0,3.625,2.16103,
/os_cloud_node/points_decim_1,uniform 0.010000,207,0.637733,11233,0,3.625,2.31178,
/os_cloud_node/points_decim_1,uniform 0.010000,208,0.683128,12988,0,3.625,2.47634,
/os_cloud_node/points_decim_1,uniform 0.010000,209,0.697296,12846,0,3.625,2.5277,
/os_cloud_node/points_decim_1,uniform 0.010000,210,0.706383,13235,0,3.625,2.56064,
/os_cloud_node/points_decim_1,uniform 0.010000,211,0.711761,12832,0,3.625,2.58014,
/os_cloud_node/points_decim_1,uniform 0.010000,212,0.719162,13114,0,3.625,2.60696,
/os_cloud_node/points_decim_1,uniform 0.010000,213,0.759819,13195,0,3.625,2.75434,
/os_cloud_node/points_decim_1,uniform 0.010000,214,0.777077,13911,0,3.625,2.8169,
/os_cloud_node/points_decim_1,uniform 0.010000,215,0.791939,14049,0,3.625,2.87078,
/os_cloud_node/points_decim_1,uniform 0.010000,216,0.764442,13782,0,3.625,2.7711,
/os_cloud_node/points_decim_1,uniform 0.010000,217,0.729317,13933,0,3.625,2.64377,
/os_cloud_node/points_decim_1,uniform 0.010000,218,0.707207,13138,0,3.625,2.56362,
/os_cloud_node/points_decim_1,uniform 0.010000,219,0.665878,12806,0,3.625,2.41381,
/os_cloud_node/points_decim_1,uniform 0.010000,220,0.628532,11522,0,3.625,2.27843,
/os_cloud_node/points_decim_1,uniform 0.010000,221,0.632095,11560,0,3.625,2.29135,
/os_cloud_node/points_decim_1,uniform 0.010000,222,0.69223,13210,0,3.625,2.50933,
/os_cloud_node/points_decim_1,uniform 0.010000,223,0.751564,14173,0,3.625,2.72442,
/os_cloud_node/points_decim_1,uniform 0.010000,224,0.820724,14389,0,3.625,2.97513,
/os_cloud_node/points_decim_1,uniform 0.010000,225,0.865578,15320,0,3.625,3.13772,
/os_cloud_node/points_decim_1,uniform 0.010000,226,0.885765,15322,0,3.625,3.2109,
/os_cloud_node/points_decim_1,uniform 0.010000,227,0.900345,14838,0,3.625,3.26375,
/os_cloud_node/points_decim_1,uniform 0.010000,228,0.910919,14581,0,3.625,3.30208,
/os_cloud_node/points_decim_1,uniform 0.010000,229,0.911201,14880,0,3.625,3.30311,
/os_cloud_node/points_decim_1,uniform 0.010000,230,0.910545,15298,0,3.625,3.30073,
/os_cloud_node/points_decim_1,uniform 0.010000,231,0.906883,15459,0,3.625,3.28745,
/os_cloud_node/points_decim_1,uniform 0.010000,232,0.905319,15346,0,3.625,3.28178,
/os_cloud_node/points_decim_1,uniform 0.010000,233,0.903809,15339,0,3.625,3.27631,
/os_cloud_node/points_decim_1,uniform 0.010000,234,0.896729,14690,0,3.625,3.25064,
/os_cloud_node/points_decim_1,uniform 0.010000,235,0.89151,14329,0,3.625,3.23172,
/os_cloud_node/points_decim_1,uniform 0.010000,236,0.883087,14556,0,3.625,3.20119,
/os_cloud_node/points_decim_1,uniform 0.010000,237,0.8778,15036,0,3.625,3.18202,
/os_cloud_node/points_decim_1,uniform 0.020000,0,0.738304,12973,0,3.625,2.67635,
/os_cloud_node/points_decim_1,uniform 0.020000,1,0.736832,13305,0,3.625,2.67101,
/os_cloud_node/points_decim_1,uniform 0.020000,2,0.737785,13000,0,3.625,2.67447,
/os_cloud_node/points_decim_1,uniform 0.020000,3,0.737663,13516,0,3.625,2.67403,
/os_cloud_node/points_decim_1,uniform 0.020000,4,0.739799,13048,0,3.625,2.68177,
/os_cloud_node/points_decim_1,uniform 0.020000,5,0.748589,13313,0,3.625,2.71363,
/os_cloud_node/points_decim_1,uniform 0.020000,6,0.761513,13272,0,3.625,2.76048,
/os_cloud_node/points_decim_1,uniform 0.020000,7,0.766266,13756,0,3.625,2.77771,
/os_cloud_node/points_decim_1,uniform 0.020000,8,0.768547,13136,0,3.625,2.78598,
/os_cloud_node/points_decim_1,uniform 0.020000,9,0.778442,13916,0,3.625,2.82185,
/os_cloud_node/points_decim_1,uniform 0.020000,10,0.778122,13119,0,3.625,2.82069,
/os_cloud_node/points_decim_1,uniform 0.020000,11,0.778496,13414,0,3.625,2.82205,
/os_cloud_node/points_decim_1,uniform 0.020000,12,0.764778,13333,0,3.625,2.77232,
/os_cloud_node/points_decim_1,uniform 0.020000,13,0.745529,13749,0,3.625,2.70254,
/os_cloud_node/points_decim_1,uniform 0.020000,14,0.725449,13399,0,3.625,2.62975,
/os_cloud_node/points_decim_1,uniform 0.020000,15,0.695076,12851,0,3.625,2.51965,
/os_cloud_node/points_decim_1,uniform 0.020000,16,0.646217,11642,0,3.625,2.34254,
/os_cloud_node/points_decim_1,uniform 0.020000,17,0.591026,10612,0,3.625,2.14247,
/os_cloud_node/points_decim_1,uniform 0.020000,18,0.548515,10675,0,3.625,1.98837,
/os_cloud_node/points_decim_1,uniform 0.020000,19,0.522552,10315,0,3.625,1.89425,
/os_cloud_node/points_decim_1,uniform 0.020000,20,0.499245,10113,0,3.625,1.80976,
/os_cloud_node/points_decim_1,uniform 0.020000,21,0.490402,10100,0,3.625,1.77771,
/os_cloud_node/points_decim_1,uniform 0.020000,22,0.490227,9852,0,3.625,1.77707,
/os_cloud_node/points_decim_1,uniform 0.020000,23,0.495888,9884,0,3.625,1.79759,
/os_cloud_node/points_decim_1,uniform 0.020000,24,0.50106,10054,0,3.625,1.81634,
/os_cloud_node/points_decim_1,uniform 0.020000,25,0.508949,9853,0,3.625,1.84494,
/os_cloud_node/points_decim_1,uniform 0.020000,26,0.510323,9844,0,3.625,1.84992,
/os_cloud_node/points_decim_1,uniform 0.020000,27,0.5215,10272,0,3.625,1.89044,
/os_cloud_node/points_decim_1,uniform 0.020000,28,0.518188,10097,0,3.625,1.87843,
/os_cloud_node/points_decim_1,uniform 0.020000,29,0.519539,10366,0,3.625,1.88333,
/os_cloud_node/points_decim_1,uniform 0.020000,30,0.516167,10022,0,3.625,1.8711,
/os_cloud_node/points_decim_1,uniform 0.020000,31,0.499168,10131,0,3.625,1.80949,
/os_cloud_node/points_decim_1,uniform 0.020000,32,0.4217,9312,0,3.625,1.52866,
/os_cloud_node/points_decim_1,uniform 0.020000,33,0.341972,8652,0,3.625,1.23965,
/os_cloud_node/points_decim_1,uniform 0.020000,34,0.342438,8478,0,3.625,1.24134,
/os_cloud_node/points_decim_1,uniform 0.020000,35,0.383713,8873,0,3.625,1.39096,
/os_cloud_node/points_decim_1,uniform 0.020000,36,0.430183,9124,0,3.625,1.55941,
/os_cloud_node/points_decim_1,uniform 0.020000,37,0.480896,9767,0,3.625,1.74325,
/os_cloud_node/points_decim_1,uniform 0.020000,38,0.513489,10074,0,3.625,1.8614,
/os_cloud_node/points_decim_1,uniform 0.020000,39,0.515694,10256,0,3.625,1.86939,
/os_cloud_node/points_decim_1,uniform 0.020000,40,0.516701,10459,0,3.625,1.87304,
/os_cloud_node/points_decim_1,uniform 0.020000,41,0.50399,9790,0,3.625,1.82696,
/os_cloud_node/points_decim_1,uniform 0.020000,42,0.487511,9882,0,3.625,1.76723,
/os_cloud_node/points_decim_1,uniform 0.020000,43,0.458,9230,0,3.625,1.66025,
/os_cloud_node/points_decim_1,uniform 0.020000,44,0.455078,9427,0,3.625,1.64966,
/os_cloud_node/points_decim_1,uniform 0.020000,45,0.452583,9462,0,3.625,1.64061,
/os_cloud_node/points_decim_1,uniform 0.020000,46,0.431526,9215,0,3.625,1.56428,
/os_cloud_node/points_decim_1,uniform 0.020000,47,0.429794,9207,0,3.625,1.558,
/os_cloud_node/points_decim_1,uniform 0.020000,48,0.429428,8908,0,3.625,1.55668,
/os_cloud_node/points_decim_1,uniform 0.020000,49,0.393158,9094,0,3.625,1.4252,
/os_cloud_node/points_decim_1,uniform 0.020000,50,0.335594,8537,0,3.625,1.21653,
/os_cloud_node/points_decim_1,uniform 0.020000,51,0.350716,8616,0,3.625,1.27134,
/os_cloud_node/points_decim_1,uniform 0.020000,52,0.342499,8505,0,3.625,1.24156,
/os_cloud_node/points_decim_1,uniform 0.020000,53,0.34584,8625,0,3.625,1.25367,
/os_cloud_node/points_decim_1,uniform 0.020000,54,0.366013,8917,0,3.625,1.3268,
/os_cloud_node/points_decim_1,uniform 0.020000,55,0.380974,8843,0,3.625,1.38103,
/os_cloud_node/points_decim_1,uniform 0.020000,56,0.410873,9124,0,3.625,1.48942,
/os_cloud_node/points_decim_1,uniform 0.020000,57,0.399956,9146,0,3.625,1.44984,
/os_cloud_node/points_decim_1,uniform 0.020000,58,0.382515,8786,0,3.625,1.38662,
/os_cloud_node/points_decim_1,uniform 0.020000,59,0.36216,8873,0,3.625,1.31283,
/os_cloud_node/points_decim_1,uniform 0.020000,60,0.323189,8561,0,3.625,1.17156,
/os_cloud_node/points_decim_1,uniform 0.020000,61,0.297203,7863,0,3.625,1.07736,
/os_cloud_node/points_decim_1,uniform 0.020000,62,0.320465,7983,0,3.625,1.16169,
/os_cloud_node/points_decim_1,uniform 0.020000,63,0.348549,8837,0,3.625,1.26349,
/os_cloud_node/points_decim_1,uniform 0.020000,64,0.342209,8561,0,3.625,1.24051,
/os_cloud_node/points_decim_1,uniform 0.020000,65,0.328217,8725,0,3.625,1.18979,
/os_cloud_node/points_decim_1,uniform 0.020000,66,0.293335,7719,0,3.625,1.06334,
/os_cloud_node/points_decim_1,uniform 0.020000,67,0.268776,7344,0,3.625,0.974313,
/os_cloud_node/points_decim_1,uniform 0.020000,68,0.231041,7325,0,3.625,0.837523,
/os_cloud_node/points_decim_1,uniform 0.020000,69,0.214188,7225,0,3.625,0.77643,
/os_cloud_node/points_decim_1,uniform 0.020000,70,0.227066,7188,0,3.625,0.823114,
/os_cloud_node/points_decim_1,uniform 0.020000,71,0.231148,7320,0,3.625,0.837911,
/os_cloud_node/points_decim_1,uniform 0.020000,72,0.241409,7251,0,3.625,0.875109,
/os_cloud_node/points_decim_1,uniform 0.020000,73,0.255333,7375,0,3.625,0.925582,
/os_cloud_node/points_decim_1,uniform 0.020000,74,0.264648,7311,0,3.625,0.959351,
/os_cloud_node/points_decim_1,uniform 0.020000,75,0.266548,7333,0,3.625,0.966237,
/os_cloud_node/points_decim_1,uniform 0.020000,76,0.288475,7876,0,3.625,1.04572,
/os_cloud_node/points_decim_1,uniform 0.020000,77,0.321663,8488,0,3.625,1.16603,
/os_cloud_node/points_decim_1,uniform 0.020000,78,0.333397,8724,0,3.625,1.20856,
/os_cloud_node/points_decim_1,uniform 0.020000,79,0.351639,8748,0,3.625,1.27469,
/os_cloud_node/points_decim_1,uniform 0.020000,80,0.374695,8897,0,3.625,1.35827,
/os_cloud_node/points_decim_1,uniform 0.020000,81,0.39077,9076,0,3.625,1.41654,
/os_cloud_node/points_decim_1,uniform 0.020000,82,0.404793,8806,0,3.625,1.46737,
/os_cloud_node/points_decim_1,uniform 0.020000,83,0.422264,9314,0,3.625,1.53071,
/os_cloud_node/points_decim_1,uniform 0.020000,84,0.422646,9174,0,3.625,1.53209,
/os_cloud_node/points_decim_1,uniform 0.020000,85,0.41581,9381,0,3.625,1.50731,
/os_cloud_node/points_decim_1,uniform 0.020000,86,0.404259,9438,0,3.625,1.46544,
/os_cloud_node/points_decim_1,uniform 0.020000,87,0.388702,8846,0,3.625,1.40905,
/os_cloud_node/points_decim_1,uniform 0.020000,88,0.403336,8974,0,3.625,1.46209,
/os_cloud_node/points_decim_1,uniform 0.020000,89,0.410927,9515,0,3.625,1.48961,
/os_cloud_node/points_decim_1,uniform 0.020000,90,0.419228,8989,0,3.625,1.5197,
/os_cloud_node/points_decim_1,uniform 0.020000,91,0.426651,8879,0,3.625,1.54661,
/os_cloud_node/points_decim_1,uniform 0.020000,92,0.419846,8936,0,3.625,1.52194,
/os_cloud_node/points_decim_1,uniform 0.020000,93,0.417618,8874,0,3.625,1.51386,
/os_cloud_node/points_decim_1,uniform 0.020000,94,0.418106,8924,0,3.625,1.51563,
/os_cloud_node/points_decim_1,uniform 0.020000,95,0.412323,8910,0,3.625,1.49467,
/os_cloud_node/points_decim_1,uniform 0.020000,96,0.401787,9029,0,3.625,1.45648,
/os_cloud_node/points_decim_1,uniform 0.020000,97,0.399292,8883,0,3.625,1.44743,
/os_cloud_node/points_decim_1,uniform 0.020000,98,0.362427,8850,0,3.625,1.3138,
/os_cloud_node/points_decim_1,uniform 0.020000,99,0.316406,7956,0,3.625,1.14697,
/os_cloud_node/points_decim_1,uniform 0.020000,100,0.320747,8063,0,3.625,1.16271,
/os_cloud_node/points_decim_1,uniform 0.020000,101,0.320839,8596,0,3.625,1.16304,
/os_cloud_node/points_decim_1,uniform 0.020000,102,0.31398,7947,0,3.625,1.13818,
/os_cloud_node/points_decim_1,uniform 0.020000,103,0.348526,8883,0,3.625,1.26341,
/os_cloud_node/points_decim_1,uniform 0.020000,104,0.368896,8972,0,3.625,1.33725,
/os_cloud_node/points_decim_1,uniform 0.020000,105,0.388641,8820,0,3.625,1.40882,
/os_cloud_node/points_decim_1,uniform 0.020000,106,0.39769,9033,0,3.625,1.44163,
/os_cloud_node/points_decim_1,uniform 0.020000,107,0.411781,9286,0,3.625,1.49271,
/os_cloud_node/points_decim_1,uniform 0.020000,108,0.42923,9341,0,3.625,1.55596,
/os_cloud_node/points_decim_1,uniform 0.020000,109,0.432419,9609,0,3.625,1.56752,
/os_cloud_node/points_decim_1,uniform 0.020000,110,0.407578,9162,0,3.625,1.47747,
/os_cloud_node/points_decim_1,uniform 0.020000,111,0.418114,9171,0,3.625,1.51566,
/os_cloud_node/points_decim_1,uniform 0.020000,112,0.4328,9355,0,3.625,1.5689,
/os_cloud_node/points_decim_1,uniform 0.020000,113,0.41629,9221,0,3.625,1.50905,
/os_cloud_node/points_decim_1,uniform 0.020000,114,0.42305,9258,0,3.625,1.53356,
/os_cloud_node/points_decim_1,uniform 0.020000,115,0.419556,9314,0,3.625,1.52089,
/os_cloud_node/points_decim_1,uniform 0.020000,116,0.402557,9054,0,3.625,1.45927,
/os_cloud_node/points_decim_1,uniform 0.020000,117,0.400658,9069,0,3.625,1.45238,
/os_cloud_node/points_decim_1,uniform 0.020000,118,0.368958,8829,0,3.625,1.33747,
/os_cloud_node/points_decim_1,uniform 0.020000,119,0.341797,8674,0,3.625,1.23901,
/os_cloud_node/points_decim_1,uniform 0.020000,120,0.354073,8767,0,3.625,1.28351,
/os_cloud_node/points_decim_1,uniform 0.020000,121,0.376762,9032,0,3.625,1.36576,
/os_cloud_node/points_decim_1,uniform 0.020000,122,0.381241,9045,0,3.625,1.382,
/os_cloud_node/points_decim_1,uniform 0.020000,123,0.410706,9541,0,3.625,1.48881,
/os_cloud_node/points_decim_1,uniform 0.020000,124,0.410408,9214,0,3.625,1.48773,
/os_cloud_node/points_decim_1,uniform 0.020000,125,0.4114,9288,0,3.625,1.49132,
/os_cloud_node/points_decim_1,uniform 0.020000,126,0.403458,9079,0,3.625,1.46253,
/os_cloud_node/points_decim_1,uniform 0.020000,127,0.42189,9281,0,3.625,1.52935,
/os_cloud_node/points_decim_1,uniform 0.020000,128,0.409142,9374,0,3.625,1.48314,
/os_cloud_node/points_decim_1,uniform 0.020000,129,0.394493,9022,0,3.625,1.43004,
/os_cloud_node/points_decim_1,uniform 0.020000,130,0.395477,8912,0,3.625,1.43361,
/os_cloud_node/points_decim_1,uniform 0.020000,131,0.407951,9171,0,3.625,1.47882,
/os_cloud_node/points_decim_1,uniform 0.020000,132,0.416405,9276,0,3.625,1.50947,
/os_cloud_node/points_decim_1,uniform 0.020000,133,0.422981,9555,0,3.625,1.53331,
/os_cloud_node/points_decim_1,uniform 0.020000,134,0.426788,9175,0,3.625,1.54711,
/os_cloud_node/points_decim_1,uniform 0.020000,135,0.432487,9445,0,3.625,1.56777,
/os_cloud_node/points_decim_1,uniform 0.020000,136,0.430954,9055,0,3.625,1.56221,
/os_cloud_node/points_decim_1,uniform 0.020000,137,0.422661,9380,0,3.625,1.53215,
/os_cloud_node/points_decim_1,uniform 0.020000,138,0.385483,9228,0,3.625,1.39738,
/os_cloud_node/points_decim_1,uniform 0.020000,139,0.363136,8837,0,3.625,1.31637,
/os_cloud_node/points_decim_1,uniform 0.020000,140,0.35833,8993,0,3.625,1.29895,
/os_cloud_node/points_decim_1,uniform 0.020000,141,0.347969,8769,0,3.625,1.26139,
/os_cloud_node/points_decim_1,uniform 0.020000,142,0.350731,8880,0,3.625,1.2714,
/os_cloud_node/points_decim_1,uniform 0.020000,143,0.347115,8699,0,3.625,1.25829,
/os_cloud_node/points_decim_1,uniform 0.020000,144,0.36808,8821,0,3.625,1.33429,
/os_cloud_node/points_decim_1,uniform 0.020000,145,0.388596,8787,0,3.625,1.40866,
/os_cloud_node/points_decim_1,uniform 0.020000,146,0.409996,9107,0,3.625,1.48624,
/os_cloud_node/points_decim_1,uniform 0.020000,147,0.419266,9147,0,3.625,1.51984,
/os_cloud_node/points_decim_1,uniform 0.020000,148,0.410454,9300,0,3.625,1.4879,
/os_cloud_node/points_decim_1,uniform 0.020000,149,0.417603,9241,0,3.625,1.51381,
/os_cloud_node/points_decim_1,uniform 0.020000,150,0.434052,9368,0,3.625,1.57344,
/os_cloud_node/points_decim_1,uniform 0.020000,151,0.421585,9340,0,3.625,1.52825,
/os_cloud_node/points_decim_1,uniform 0.020000,152,0.418968,9429,0,3.625,1.51876,
/os_cloud_node/points_decim_1,uniform 0.020000,153,0.422356,9500,0,3.625,1.53104,
/os_cloud_node/points_decim_1,uniform 0.020000,154,0.422043,9275,0,3.625,1.52991,
/os_cloud_node/points_decim_1,uniform 0.020000,155,0.397224,8801,0,3.625,1.43994,
/os_cloud_node/points_decim_1,uniform 0.020000,156,0.375694,8960,0,3.625,1.36189,
/os_cloud_node/points_decim_1,uniform 0.020000,157,0.349312,8738,0,3.625,1.26626,
/os_cloud_node/points_decim_1,uniform 0.020000,158,0.338425,8848,0,3.625,1.22679,
/os_cloud_node/points_decim_1,uniform 0.020000,159,0.332939,8418,0,3.625,1.2069,
/os_cloud_node/points_decim_1,uniform 0.020000,160,0.327545,8430,0,3.625,1.18735,
/os_cloud_node/points_decim_1,uniform 0.020000,161,0.348022,8506,0,3.625,1.26158,
/os_cloud_node/points_decim_1,uniform 0.020000,162,0.382721,8939,0,3.625,1.38736,
/os_cloud_node/points_decim_1,uniform 0.020000,163,0.405449,9058,0,3.625,1.46975,
/os_cloud_node/points_decim_1,uniform 0.020000,164,0.404449,9032,0,3.625,1.46613,
/os_cloud_node/points_decim_1,uniform 0.020000,165,0.403053,9079,0,3.625,1.46107,
/os_cloud_node/points_decim_1,uniform 0.020000,166,0.390945,8814,0,3.625,1.41718,
/os_cloud_node/points_decim_1,uniform 0.020000,167,0.380707,9130,0,3.625,1.38006,
/os_cloud_node/points_decim_1,uniform 0.020000,168,0.38446,9069,0,3.625,1.39367,
/os_cloud_node/points_decim_1,uniform 0.020000,169,0.389816,9067,0,3.625,1.41308,
/os_cloud_node/points_decim_1,uniform 0.020000,170,0.400261,9292,0,3.625,1.45095,
/os_cloud_node/points_decim_1,uniform 0.020000,171,0.399132,8936,0,3.625,1.44685,
/os_cloud_node/points_decim_1,uniform 0.020000,172,0.400887,9087,0,3.625,1.45321,
/os_cloud_node/points_decim_1,uniform 0.020000,173,0.416298,9395,0,3.625,1.50908,
/os_cloud_node/points_decim_1,uniform 0.020000,174,0.422066,9625,0,3.625,1.52999,
/os_cloud_node/points_decim_1,uniform 0.020000,175,0.403236,9209,0,3.625,1.46173,
/os_cloud_node/points_decim_1,uniform 0.020000,176,0.401108,9183,0,3.625,1.45402,
/os_cloud_node/points_decim_1,uniform 0.020000,177,0.384865,8872,0,3.625,1.39513,
/os_cloud_node/points_decim_1,uniform 0.020000,178,0.373268,9076,0,3.625,1.3531,
/os_cloud_node/points_decim_1,uniform 0.020000,179,0.357773,8852,0,3.625,1.29693,
/os_cloud_node/points_decim_1,uniform 0.020000,180,0.330009,8333,0,3.625,1.19628,
/os_cloud_node/points_decim_1,uniform 0.020000,181,0.291092,7850,0,3.625,1.05521,
/os_cloud_node/points_decim_1,uniform 0.020000,182,0.25618,7396,0,3.625,0.928652,
/os_cloud_node/points_decim_1,uniform 0.020000,183,0.245415,7417,0,3.625,0.889628,
/os_cloud_node/points_decim_1,uniform 0.020000,184,0.213936,7103,0,3.625,0.775517,
/os_cloud_node/points_decim_1,uniform 0.020000,185,0.194344,6959,0,3.625,0.704495,
/os_cloud_node/points_decim_1,uniform 0.020000,186,0.188622,6776,0,3.625,0.683753,
/os_cloud_node/points_decim_1,uniform 0.020000,187,0.196579,6874,0,3.625,0.712599,
/os_cloud_node/points_decim_1,uniform 0.020000,188,0.208656,7011,0,3.625,0.756379,
/os_cloud_node/points_decim_1,uniform 0.020000,189,0.210732,6913,0,3.625,0.763902,
/os_cloud_node/points_decim_1,uniform 0.020000,190,0.242378,7207,0,3.625,0.878621,
/os_cloud_node/points_decim_1,uniform 0.020000,191,0.249794,7155,0,3.625,0.905503,
/os_cloud_node/points_decim_1,uniform 0.020000,192,0.270309,7327,0,3.625,0.979872,
/os_cloud_node/points_decim_1,uniform 0.020000,193,0.282303,7359,0,3.625,1.02335,
/os_cloud_node/points_decim_1,uniform 0.020000,194,0.305145,7661,0,3.625,1.10615,
/os_cloud_node/points_decim_1,uniform 0.020000,195,0.301697,7913,0,3.625,1.09365,
/os_cloud_node/points_decim_1,uniform 0.020000,196,0.335449,8757,0,3.625,1.216,
/os_cloud_node/points_decim_1,uniform 0.020000,197,0.346741,8990,0,3.625,1.25694,
/os_cloud_node/points_decim_1,uniform 0.020000,198,0.349014,8905,0,3.625,1.26518,
/os_cloud_node/points_decim_1,uniform 0.020000,199,0.350685,8670,0,3.625,1.27123,
/os_cloud_node/points_decim_1,uniform 0.020000,200,0.333801,8421,0,3.625,1.21003,
/os_cloud_node/points_decim_1,uniform 0.020000,201,0.347382,8638,0,3.625,1.25926,
/os_cloud_node/points_decim_1,uniform 0.020000,202,0.347931,8547,0,3.625,1.26125,
/os_cloud_node/points_decim_1,uniform 0.020000,203,0.355415,8909,0,3.625,1.28838,
/os_cloud_node/points_decim_1,uniform 0.020000,204,0.349487,8985,0,3.625,1.26689,
/os_cloud_node/points_decim_1,uniform 0.020000,205,0.357277,8641,0,3.625,1.29513,
/os_cloud_node/points_decim_1,uniform 0.020000,206,0.366486,8719,0,3.625,1.32851,
/os_cloud_node/points_decim_1,uniform 0.020000,207,0.399872,9018,0,3.625,1.44954,
/os_cloud_node/points_decim_1,uniform 0.020000,208,0.424408,9321,0,3.625,1.53848,
/os_cloud_node/points_decim_1,uniform 0.020000,209,0.434052,9475,0,3.625,1.57344,
/os_cloud_node/points_decim_1,uniform 0.020000,210,0.43425,9187,0,3.625,1.57416,
/os_cloud_node/points_decim_1,uniform 0.020000,211,0.441437,9289,0,3.625,1.60021,
/os_cloud_node/points_decim_1,uniform 0.020000,212,0.44783,9384,0,3.625,1.62338,
/os_cloud_node/points_decim_1,uniform 0.020000,213,0.483368,9607,0,3.625,1.75221,
/os_cloud_node/points_decim_1,uniform 0.020000,214,0.496742,10296,0,3.625,1.80069,
/os_cloud_node/points_decim_1,uniform 0.020000,215,0.509903,10083,0,3.625,1.8484,
/os_cloud_node/points_decim_1,uniform 0.020000,216,0.491821,9935,0,3.625,1.78285,
/os_cloud_node/points_decim_1,uniform 0.020000,217,0.46933,10077,0,3.625,1.70132,
/os_cloud_node/points_decim_1,uniform 0.020000,218,0.439156,9468,0,3.625,1.59194,
/os_cloud_node/points_decim_1,uniform 0.020000,219,0.394516,8984,0,3.625,1.43012,
/os_cloud_node/points_decim_1,uniform 0.020000,220,0.359932,8837,0,3.625,1.30475,
/os_cloud_node/points_decim_1,uniform 0.020000,221,0.390038,9236,0,3.625,1.41389,
/os_cloud_node/points_decim_1,uniform 0.020000,222,0.495636,9992,0,3.625,1.79668,
/os_cloud_node/points_decim_1,uniform 0.020000,223,0.559875,10764,0,3.625,2.02955,
/os_cloud_node/points_decim_1,uniform 0.020000,224,0.616249,10951,0,3.625,2.2339,
/os_cloud_node/points_decim_1,uniform 0.020000,225,0.680649,13336,0,3.625,2.46735,
/os_cloud_node/points_decim_1,uniform 0.020000,226,0.715179,13598,0,3.625,2.59253,
/os_cloud_node/points_decim_1,uniform 0.020000,227,0.737053,13303,0,3.625,2.67182,
/os_cloud_node/points_decim_1,uniform 0.020000,228,0.756111,12934,0,3.625,2.7409,
/os_cloud_node/points_decim_1,uniform 0.020000,229,0.770325,13330,0,3.625,2.79243,
/os_cloud_node/points_decim_1,uniform 0.020000,230,0.780281,13939,0,3.625,2.82852,
/os_cloud_node/points_decim_1,uniform 0.020000,231,0.778465,13433,0,3.625,2.82194,
/os_cloud_node/points_decim_1,uniform 0.020000,232,0.776093,14256,0,3.625,2.81334,
/os_cloud_node/points_decim_1,uniform 0.020000,233,0.774918,13245,0,3.625,2.80908,
/os_cloud_node/points_decim_1,uniform 0.020000,234,0.766251,13323,0,3.625,2.77766,
/os_cloud_node/points_decim_1,uniform 0.020000,235,0.763191,13046,0,3.625,2.76657,
/os_cloud_node/points_decim_1,uniform 0.020000,236,0.752136,13338,0,3.625,2.72649,
/os_cloud_node/points_decim_1,uniform 0.020000,237,0.744553,14003,0,3.625,2.699,
/os_cloud_node/points_decim_1,uniform 0.050000,0,0.345665,8683,0,3.625,1.25304,
/os_cloud_node/points_decim_1,uniform 0.050000,1,0.345367,8374,0,3.625,1.25196,
/os_cloud_node/points_decim_1,uniform 0.050000,2,0.344772,8770,0,3.625,1.2498,
/os_cloud_node/points_decim_1,uniform 0.050000,3,0.344612,8889,0,3.625,1.24922,
/os_cloud_node/points_decim_1,uniform 0.050000,4,0.347229,8646,0,3.625,1.25871,
/os_cloud_node/points_decim_1,uniform 0.050000,5,0.353317,8532,0,3.625,1.28078,
/os_cloud_node/points_decim_1,uniform 0.050000,6,0.360741,8736,0,3.625,1.30768,
/os_cloud_node/points_decim_1,uniform 0.050000,7,0.368721,9053,0,3.625,1.33661,
/os_cloud_node/points_decim_1,uniform 0.050000,8,0.368713,8804,0,3.625,1.33659,
/os_cloud_node/points_decim_1,uniform 0.050000,9,0.37133,9171,0,3.625,1.34607,
/os_cloud_node/points_decim_1,uniform 0.050000,10,0.356155,8437,0,3.625,1.29106,
/os_cloud_node/points_decim_1,uniform 0.050000,11,0.339851,8828,0,3.625,1.23196,
/os_cloud_node/points_decim_1,uniform 0.050000,12,0.325218,8582,0,3.625,1.17892,
/os_cloud_node/points_decim_1,uniform 0.050000,13,0.307457,7739,0,3.625,1.11453,
/os_cloud_node/points_decim_1,uniform 0.050000,14,0.299881,7902,0,3.625,1.08707,
/os_cloud_node/points_decim_1,uniform 0.050000,15,0.289833,7564,0,3.625,1.05064,
/os_cloud_node/points_decim_1,uniform 0.050000,16,0.27076,7503,0,3.625,0.981503,
/os_cloud_node/points_decim_1,uniform 0.050000,17,0.252899,7422,0,3.625,0.916759,
/os_cloud_node/points_decim_1,uniform 0.050000,18,0.237381,7413,0,3.625,0.860506,
/os_cloud_node/points_decim_1,uniform 0.050000,19,0.232964,7183,0,3.625,0.844493,
/os_cloud_node/points_decim_1,uniform 0.050000,20,0.229034,7322,0,3.625,0.83025,
/os_cloud_node/points_decim_1,uniform 0.050000,21,0.229309,7082,0,3.625,0.831245,
/os_cloud_node/points_decim_1,uniform 0.050000,22,0.228943,7078,0,3.625,0.829918,
/os_cloud_node/points_decim_1,uniform 0.050000,23,0.231979,6969,0,3.625,0.840925,
/os_cloud_node/points_decim_1,uniform 0.050000,24,0.231461,7136,0,3.625,0.839045,
/os_cloud_node/points_decim_1,uniform 0.050000,25,0.235588,7189,0,3.625,0.854007,
/os_cloud_node/points_decim_1,uniform 0.050000,26,0.239029,7136,0,3.625,0.86648,
/os_cloud_node/points_decim_1,uniform 0.050000,27,0.243904,7082,0,3.625,0.884152,
/os_cloud_node/points_decim_1,uniform 0.050000,28,0.242607,7181,0,3.625,0.879451,
/os_cloud_node/points_decim_1,uniform 0.050000,29,0.243782,7121,0,3.625,0.88371,
/os_cloud_node/points_decim_1,uniform 0.050000,30,0.240829,7108,0,3.625,0.873007,
/os_cloud_node/points_decim_1,uniform 0.050000,31,0.23082,7225,0,3.625,0.836721,
/os_cloud_node/points_decim_1,uniform 0.050000,32,0.180473,6616,0,3.625,0.654216,
/os_cloud_node/points_decim_1,uniform 0.050000,33,0.120277,5976,0,3.625,0.436006,
/os_cloud_node/points_decim_1,uniform 0.050000,34,0.111427,5752,0,3.625,0.403924,
/os_cloud_node/points_decim_1,uniform 0.050000,35,0.124893,5937,0,3.625,0.452738,
/os_cloud_node/points_decim_1,uniform 0.050000,36,0.143745,6159,0,3.625,0.521077,
/os_cloud_node/points_decim_1,uniform 0.050000,37,0.161972,6674,0,3.625,0.587149,
/os_cloud_node/points_decim_1,uniform 0.050000,38,0.167122,6548,0,3.625,0.605817,
/os_cloud_node/points_decim_1,uniform 0.050000,39,0.165901,6848,0,3.625,0.601392,
/os_cloud_node/points_decim_1,uniform 0.050000,40,0.161247,6744,0,3.625,0.584521,
/os_cloud_node/points_decim_1,uniform 0.050000,41,0.153664,6298,0,3.625,0.557031,
/os_cloud_node/points_decim_1,uniform 0.050000,42,0.143074,6119,0,3.625,0.518643,
/os_cloud_node/points_decim_1,uniform 0.050000,43,0.130295,5916,0,3.625,0.472319,
/os_cloud_node/points_decim_1,uniform 0.050000,44,0.129768,6111,0,3.625,0.47041,
/os_cloud_node/points_decim_1,uniform 0.050000,45,0.132187,6097,0,3.625,0.479177,
/os_cloud_node/points_decim_1,uniform 0.050000,46,0.127258,6061,0,3.625,0.461311,
/os_cloud_node/points_decim_1,uniform 0.050000,47,0.123192,5957,0,3.625,0.44657,
/os_cloud_node/points_decim_1,uniform 0.050000,48,0.128304,5947,0,3.625,0.4651,
/os_cloud_node/points_decim_1,uniform 0.050000,49,0.120262,5928,0,3.625,0.43595,
/os_cloud_node/points_decim_1,uniform 0.050000,50,0.101761,5838,0,3.625,0.368883,
/os_cloud_node/points_decim_1,uniform 0.050000,51,0.110168,5784,0,3.625,0.399361,
/os_cloud_node/points_decim_1,uniform 0.050000,52,0.103287,5769,0,3.625,0.374414,
/os_cloud_node/points_decim_1,uniform 0.050000,53,0.099205,5654,0,3.625,0.359618,
/os_cloud_node/points_decim_1,uniform 0.050000,54,0.104561,5686,0,3.625,0.379033,
/os_cloud_node/points_decim_1,uniform 0.050000,55,0.10865,5850,0,3.625,0.393857,
/os_cloud_node/points_decim_1,uniform 0.050000,56,0.117973,5940,0,3.625,0.427653,
/os_cloud_node/points_decim_1,uniform 0.050000,57,0.117332,6097,0,3.625,0.42533,
/os_cloud_node/points_decim_1,uniform 0.050000,58,0.119057,5820,0,3.625,0.431581,
/os_cloud_node/points_decim_1,uniform 0.050000,59,0.118805,6097,0,3.625,0.430668,
/os_cloud_node/points_decim_1,uniform 0.050000,60,0.109604,6009,0,3.625,0.397314,
/os_cloud_node/points_decim_1,uniform 0.050000,61,0.093956,5871,0,3.625,0.34059,
/os_cloud_node/points_decim_1,uniform 0.050000,62,0.109543,5782,0,3.625,0.397093,
/os_cloud_node/points_decim_1,uniform 0.050000,63,0.119408,5918,0,3.625,0.432853,
/os_cloud_node/points_decim_1,uniform 0.050000,64,0.111229,5835,0,3.625,0.403205,
/os_cloud_node/points_decim_1,uniform 0.050000,65,0.102791,5797,0,3.625,0.372617,
/os_cloud_node/points_decim_1,uniform 0.050000,66,0.0865021,5758,0,3.625,0.31357,
/os_cloud_node/points_decim_1,uniform 0.050000,67,0.0782166,5373,0,3.625,0.283535,
/os_cloud_node/points_decim_1,uniform 0.050000,68,0.0647888,5470,0,3.625,0.234859,
/os_cloud_node/points_decim_1,uniform 0.050000,69,0.0569611,5151,0,3.625,0.206484,
/os_cloud_node/points_decim_1,uniform 0.050000,70,0.0603485,5157,0,3.625,0.218763,
/os_cloud_node/points_decim_1,uniform 0.050000,71,0.0595932,5283,0,3.625,0.216025,
/os_cloud_node/points_decim_1,uniform 0.050000,72,0.0656433,5329,0,3.625,0.237957,
/os_cloud_node/points_decim_1,uniform 0.050000,73,0.0739365,5305,0,3.625,0.26802,
/os_cloud_node/points_decim_1,uniform 0.050000,74,0.0787735,5629,0,3.625,0.285554,
/os_cloud_node/points_decim_1,uniform 0.050000,75,0.0793152,5574,0,3.625,0.287518,
/os_cloud_node/points_decim_1,uniform 0.050000,76,0.0838013,5761,0,3.625,0.30378,
/os_cloud_node/points_decim_1,uniform 0.050000,77,0.0935135,5551,0,3.625,0.338986,
/os_cloud_node/points_decim_1,uniform 0.050000,78,0.0918045,5663,0,3.625,0.332791,
/os_cloud_node/points_decim_1,uniform 0.050000,79,0.0982742,5749,0,3.625,0.356244,
/os_cloud_node/points_decim_1,uniform 0.050000,80,0.104675,5892,0,3.625,0.379448,
/os_cloud_node/points_decim_1,uniform 0.050000,81,0.105621,5917,0,3.625,0.382877,
/os_cloud_node/points_decim_1,uniform 0.050000,82,0.107712,5694,0,3.625,0.390455,
/os_cloud_node/points_decim_1,uniform 0.050000,83,0.119255,6223,0,3.625,0.4323,
/os_cloud_node/points_decim_1,uniform 0.050000,84,0.122993,6102,0,3.625,0.445851,
/os_cloud_node/points_decim_1,uniform 0.050000,85,0.124496,5940,0,3.625,0.4513,
/os_cloud_node/points_decim_1,uniform 0.050000,86,0.121124,5958,0,3.625,0.439075,
/os_cloud_node/points_decim_1,uniform 0.050000,87,0.117569,6013,0,3.625,0.426188,
/os_cloud_node/points_decim_1,uniform 0.050000,88,0.119942,5874,0,3.625,0.434789,
/os_cloud_node/points_decim_1,uniform 0.050000,89,0.120293,6300,0,3.625,0.436061,
/os_cloud_node/points_decim_1,uniform 0.050000,90,0.115036,5703,0,3.625,0.417006,
/os_cloud_node/points_decim_1,uniform 0.050000,91,0.116089,5881,0,3.625,0.420822,
/os_cloud_node/points_decim_1,uniform 0.050000,92,0.114922,5736,0,3.625,0.416591,
/os_cloud_node/points_decim_1,uniform 0.050000,93,0.109283,5657,0,3.625,0.396152,
/os_cloud_node/points_decim_1,uniform 0.050000,94,0.113121,5919,0,3.625,0.410064,
/os_cloud_node/points_decim_1,uniform 0.050000,95,0.112305,5817,0,3.625,0.407104,
/os_cloud_node/points_decim_1,uniform 0.050000,96,0.107872,5743,0,3.625,0.391036,
/os_cloud_node/points_decim_1,uniform 0.050000,97,0.108734,5792,0,3.625,0.394161,
/os_cloud_node/points_decim_1,uniform 0.050000,98,0.102356,5905,0,3.625,0.37104,
/os_cloud_node/points_decim_1,uniform 0.050000,99,0.0909195,5711,0,3.625,0.329583,
/os_cloud_node/points_decim_1,uniform 0.050000,100,0.0956039,5741,0,3.625,0.346564,
/os_cloud_node/points_decim_1,uniform 0.050000,101,0.0976334,5772,0,3.625,0.353921,
/os_cloud_node/points_decim_1,uniform 0.050000,102,0.0892639,5712,0,3.625,0.323582,
/os_cloud_node/points_decim_1,uniform 0.050000,103,0.102821,5991,0,3.625,0.372727,
/os_cloud_node/points_decim_1,uniform 0.050000,104,0.104103,6058,0,3.625,0.377374,
/os_cloud_node/points_decim_1,uniform 0.050000,105,0.104866,5783,0,3.625,0.380139,
/os_cloud_node/points_decim_1,uniform 0.050000,106,0.109932,5879,0,3.625,0.398503,
/os_cloud_node/points_decim_1,uniform 0.050000,107,0.11425,5980,0,3.625,0.414157,
/os_cloud_node/points_decim_1,uniform 0.050000,108,0.116829,6067,0,3.625,0.423505,
/os_cloud_node/points_decim_1,uniform 0.050000,109,0.123337,6160,0,3.625,0.447096,
/os_cloud_node/points_decim_1,uniform 0.050000,110,0.118446,5935,0,3.625,0.429368,
/os_cloud_node/points_decim_1,uniform 0.050000,111,0.130196,5991,0,3.625,0.471959,
/os_cloud_node/points_decim_1,uniform 0.050000,112,0.128983,5935,0,3.625,0.467562,
/os_cloud_node/points_decim_1,uniform 0.050000,113,0.122368,5907,0,3.625,0.443583,
/os_cloud_node/points_decim_1,uniform 0.050000,114,0.121544,5891,0,3.625,0.440597,
/os_cloud_node/points_decim_1,uniform 0.050000,115,0.119766,5874,0,3.625,0.434153,
/os_cloud_node/points_decim_1,uniform 0.050000,116,0.114235,5943,0,3.625,0.414102,
/os_cloud_node/points_decim_1,uniform 0.050000,117,0.115501,5922,0,3.625,0.418693,
/os_cloud_node/points_decim_1,uniform 0.050000,118,0.112,5959,0,3.625,0.405998,
/os_cloud_node/points_decim_1,uniform 0.050000,119,0.102631,5771,0,3.625,0.372036,
/os_cloud_node/points_decim_1,uniform 0.050000,120,0.104469,5909,0,3.625,0.378701,
/os_cloud_node/points_decim_1,uniform 0.050000,121,0.112411,5907,0,3.625,0.407492,
/os_cloud_node/points_decim_1,uniform 0.050000,122,0.109505,5982,0,3.625,0.396955,
/os_cloud_node/points_decim_1,uniform 0.050000,123,0.113472,6086,0,3.625,0.411336,
/os_cloud_node/points_decim_1,uniform 0.050000,124,0.112442,5829,0,3.625,0.407602,
/os_cloud_node/points_decim_1,uniform 0.050000,125,0.11409,5775,0,3.625,0.413576,
/os_cloud_node/points_decim_1,uniform 0.050000,126,0.110794,5913,0,3.625,0.401628,
/os_cloud_node/points_decim_1,uniform 0.050000,127,0.13002,6081,0,3.625,0.471323,
/os_cloud_node/points_decim_1,uniform 0.050000,128,0.126907,6150,0,3.625,0.460039,
/os_cloud_node/points_decim_1,uniform 0.050000,129,0.121277,5966,0,3.625,0.439629,
/os_cloud_node/points_decim_1,uniform 0.050000,130,0.124756,5979,0,3.625,0.45224,
/os_cloud_node/points_decim_1,uniform 0.050000,131,0.123878,6070,0,3.625,0.449059,
/os_cloud_node/points_decim_1,uniform 0.050000,132,0.119278,6076,0,3.625,0.432383,
/os_cloud_node/points_decim_1,uniform 0.050000,133,0.129761,6124,0,3.625,0.470383,
/os_cloud_node/points_decim_1,uniform 0.050000,134,0.130348,6044,0,3.625,0.472512,
/os_cloud_node/points_decim_1,uniform 0.050000,135,0.129211,6017,0,3.625,0.468391,
/os_cloud_node/points_decim_1,uniform 0.050000,136,0.127686,5942,0,3.625,0.46286,
/os_cloud_node/points_decim_1,uniform 0.050000,137,0.13028,6103,0,3.625,0.472263,
/os_cloud_node/points_decim_1,uniform 0.050000,138,0.122398,6024,0,3.625,0.443694,
/os_cloud_node/points_decim_1,uniform 0.050000,139,0.122826,5986,0,3.625,0.445243,
/os_cloud_node/points_decim_1,uniform 0.050000,140,0.121506,6074,0,3.625,0.440458,
/os_cloud_node/points_decim_1,uniform 0.050000,141,0.11396,5760,0,3.625,0.413106,
/os_cloud_node/points_decim_1,uniform 0.050000,142,0.11454,6003,0,3.625,0.415208,
/os_cloud_node/points_decim_1,uniform 0.050000,143,0.108292,5893,0,3.625,0.392557,
/os_cloud_node/points_decim_1,uniform 0.050000,144,0.114014,5730,0,3.625,0.4133,
/os_cloud_node/points_decim_1,uniform 0.050000,145,0.117332,5881,0,3.625,0.42533,
/os_cloud_node/points_decim_1,uniform 0.050000,146,0.121521,5913,0,3.625,0.440514,
/os_cloud_node/points_decim_1,uniform 0.050000,147,0.125618,6047,0,3.625,0.455365,
/os_cloud_node/points_decim_1,uniform 0.050000,148,0.122139,5976,0,3.625,0.442754,
/os_cloud_node/points_decim_1,uniform 0.050000,149,0.122681,5896,0,3.625,0.444717,
/os_cloud_node/points_decim_1,uniform 0.050000,150,0.123558,6073,0,3.625,0.447898,
/os_cloud_node/points_decim_1,uniform 0.050000,151,0.116417,5821,0,3.625,0.422011,
/os_cloud_node/points_decim_1,uniform 0.050000,152,0.124023,6088,0,3.625,0.449585,
/os_cloud_node/points_decim_1,uniform 0.050000,153,0.126663,6016,0,3.625,0.459154,
/os_cloud_node/points_decim_1,uniform 0.050000,154,0.126595,6112,0,3.625,0.458905,
/os_cloud_node/points_decim_1,uniform 0.050000,155,0.120842,5915,0,3.625,0.438052,
/os_cloud_node/points_decim_1,uniform 0.050000,156,0.116005,5949,0,3.625,0.420518,
/os_cloud_node/points_decim_1,uniform 0.050000,157,0.108009,5832,0,3.625,0.391534,
/os_cloud_node/points_decim_1,uniform 0.050000,158,0.10585,5862,0,3.625,0.383707,
/os_cloud_node/points_decim_1,uniform 0.050000,159,0.104004,5760,0,3.625,0.377014,
/os_cloud_node/points_decim_1,uniform 0.050000,160,0.0987854,5735,0,3.625,0.358097,
/os_cloud_node/points_decim_1,uniform 0.050000,161,0.104996,5867,0,3.625,0.38061,
/os_cloud_node/points_decim_1,uniform 0.050000,162,0.11216,5986,0,3.625,0.406579,
/os_cloud_node/points_decim_1,uniform 0.050000,163,0.116852,6120,0,3.625,0.423588,
/os_cloud_node/points_decim_1,uniform 0.050000,164,0.11087,5798,0,3.625,0.401905,
/os_cloud_node/points_decim_1,uniform 0.050000,165,0.111839,5868,0,3.625,0.405417,
/os_cloud_node/points_decim_1,uniform 0.050000,166,0.107201,5733,0,3.625,0.388602,
/os_cloud_node/points_decim_1,uniform 0.050000,167,0.108597,5917,0,3.625,0.393663,
/os_cloud_node/points_decim_1,uniform 0.050000,168,0.115677,5904,0,3.625,0.419329,
/os_cloud_node/points_decim_1,uniform 0.050000,169,0.120544,6315,0,3.625,0.436974,
/os_cloud_node/points_decim_1,uniform 0.050000,170,0.125015,6067,0,3.625,0.45318,
/os_cloud_node/points_decim_1,uniform 0.050000,171,0.12149,5941,0,3.625,0.440403,
/os_cloud_node/points_decim_1,uniform 0.050000,172,0.123001,5916,0,3.625,0.445879,
/os_cloud_node/points_decim_1,uniform 0.050000,173,0.122818,6077,0,3.625,0.445215,
/os_cloud_node/points_decim_1,uniform 0.050000,174,0.122635,6069,0,3.625,0.444551,
/os_cloud_node/points_decim_1,uniform 0.050000,175,0.115349,5865,0,3.625,0.418139,
/os_cloud_node/points_decim_1,uniform 0.050000,176,0.114967,5882,0,3.625,0.416757,
/os_cloud_node/points_decim_1,uniform 0.050000,177,0.11203,5722,0,3.625,0.406109,
/os_cloud_node/points_decim_1,uniform 0.050000,178,0.111458,5899,0,3.625,0.404035,
/os_cloud_node/points_decim_1,uniform 0.050000,179,0.10981,5941,0,3.625,0.398061,
/os_cloud_node/points_decim_1,uniform 0.050000,180,0.105156,5877,0,3.625,0.38119,
/os_cloud_node/points_decim_1,uniform 0.050000,181,0.0905457,5638,0,3.625,0.328228,
/os_cloud_node/points_decim_1,uniform 0.050000,182,0.0792236,5510,0,3.625,0.287186,
/os_cloud_node/points_decim_1,uniform 0.050000,183,0.0763474,5521,0,3.625,0.276759,
/os_cloud_node/points_decim_1,uniform 0.050000,184,0.0640488,5355,0,3.625,0.232177,
/os_cloud_node/points_decim_1,uniform 0.050000,185,0.0557327,5280,0,3.625,0.202031,
/os_cloud_node/points_decim_1,uniform 0.050000,186,0.0535736,5090,0,3.625,0.194204,
/os_cloud_node/points_decim_1,uniform 0.050000,187,0.0554581,5213,0,3.625,0.201035,
/os_cloud_node/points_decim_1,uniform 0.050000,188,0.0639496,5328,0,3.625,0.231817,
/os_cloud_node/points_decim_1,uniform 0.050000,189,0.0632935,5195,0,3.625,0.229439,
/os_cloud_node/points_decim_1,uniform 0.050000,190,0.0781784,5615,0,3.625,0.283397,
/os_cloud_node/points_decim_1,uniform 0.050000,191,0.0835419,5516,0,3.625,0.302839,
/os_cloud_node/points_decim_1,uniform 0.050000,192,0.0879898,5567,0,3.625,0.318963,
/os_cloud_node/points_decim_1,uniform 0.050000,193,0.0889053,5662,0,3.625,0.322282,
/os_cloud_node/points_decim_1,uniform 0.050000,194,0.0974884,5754,0,3.625,0.353395,
/os_cloud_node/points_decim_1,uniform 0.050000,195,0.0945282,5784,0,3.625,0.342665,
/os_cloud_node/points_decim_1,uniform 0.050000,196,0.109581,5918,0,3.625,0.397231,
/os_cloud_node/points_decim_1,uniform 0.050000,197,0.118469,6006,0,3.625,0.429451,
/os_cloud_node/points_decim_1,uniform 0.050000,198,0.123108,6272,0,3.625,0.446266,
/os_cloud_node/points_decim_1,uniform 0.050000,199,0.121262,5927,0,3.625,0.439573,
/os_cloud_node/points_decim_1,uniform 0.050000,200,0.103424,5669,0,3.625,0.374912,
/os_cloud_node/points_decim_1,uniform 0.050000,201,0.10408,5794,0,3.625,0.377291,
/os_cloud_node/points_decim_1,uniform 0.050000,202,0.105026,5819,0,3.625,0.38072,
/os_cloud_node/points_decim_1,uniform 0.050000,203,0.112946,6434,0,3.625,0.409428,
/os_cloud_node/points_decim_1,uniform 0.050000,204,0.112717,5948,0,3.625,0.408598,
/os_cloud_node/points_decim_1,uniform 0.050000,205,0.114807,5973,0,3.625,0.416176,
/os_cloud_node/points_decim_1,uniform 0.050000,206,0.113899,5847,0,3.625,0.412885,
/os_cloud_node/points_decim_1,uniform 0.050000,207,0.122978,5958,0,3.625,0.445796,
/os_cloud_node/points_decim_1,uniform 0.050000,208,0.12468,6016,0,3.625,0.451963,
/os_cloud_node/points_decim_1,uniform 0.050000,209,0.125793,5956,0,3.625,0.456001,
/os_cloud_node/points_decim_1,uniform 0.050000,210,0.121628,5827,0,3.625,0.440901,
/os_cloud_node/points_decim_1,uniform 0.050000,211,0.124184,5853,0,3.625,0.450166,
/os_cloud_node/points_decim_1,uniform 0.050000,212,0.129974,6030,0,3.625,0.471157,
/os_cloud_node/points_decim_1,uniform 0.050000,213,0.148994,6218,0,3.625,0.540105,
/os_cloud_node/points_decim_1,uniform 0.050000,214,0.154327,6372,0,3.625,0.559437,
/os_cloud_node/points_decim_1,uniform 0.050000,215,0.162292,6667,0,3.625,0.58831,
/os_cloud_node/points_decim_1,uniform 0.050000,216,0.16346,6627,0,3.625,0.592542,
/os_cloud_node/points_decim_1,uniform 0.050000,217,0.162453,6736,0,3.625,0.588891,
/os_cloud_node/points_decim_1,uniform 0.050000,218,0.148857,6174,0,3.625,0.539607,
/os_cloud_node/points_decim_1,uniform 0.050000,219,0.136215,6041,0,3.625,0.49378,
/os_cloud_node/points_decim_1,uniform 0.050000,220,0.131905,5980,0,3.625,0.478154,
/os_cloud_node/points_decim_1,uniform 0.050000,221,0.163345,6622,0,3.625,0.592127,
/os_cloud_node/points_decim_1,uniform 0.050000,222,0.228119,7181,0,3.625,0.826931,
/os_cloud_node/points_decim_1,uniform 0.050000,223,0.258911,7413,0,3.625,0.938553,
/os_cloud_node/points_decim_1,uniform 0.050000,224,0.269447,7556,0,3.625,0.976747,
/os_cloud_node/points_decim_1,uniform 0.050000,225,0.301193,7849,0,3.625,1.09183,
/os_cloud_node/points_decim_1,uniform 0.050000,226,0.315903,7933,0,3.625,1.14515,
/os_cloud_node/points_decim_1,uniform 0.050000,227,0.319969,8058,0,3.625,1.15989,
/os_cloud_node/points_decim_1,uniform 0.050000,228,0.330528,8547,0,3.625,1.19816,
/os_cloud_node/points_decim_1,uniform 0.050000,229,0.341156,8640,0,3.625,1.23669,
/os_cloud_node/points_decim_1,uniform 0.050000,230,0.354927,9058,0,3.625,1.28661,
/os_cloud_node/points_decim_1,uniform 0.050000,231,0.366409,8805,0,3.625,1.32823,
/os_cloud_node/points_decim_1,uniform 0.050000,232,0.373627,8978,0,3.625,1.3544,
/os_cloud_node/points_decim_1,uniform 0.050000,233,0.377731,9126,0,3.625,1.36928,
/os_cloud_node/points_decim_1,uniform 0.050000,234,0.369774,8872,0,3.625,1.34043,
/os_cloud_node/points_decim_1,uniform 0.050000,235,0.366989,8671,0,3.625,1.33034,
/os_cloud_node/points_decim_1,uniform 0.050000,236,0.351753,8758,0,3.625,1.27511,
/os_cloud_node/points_decim_1,uniform 0.050000,237,0.346725,8714,0,3.625,1.25688,
/os_cloud_node/points_decim_1,uniform 0.100000,0,0.132744,6193,0,3.625,0.481196,
/os_cloud_node/points_decim_1,uniform 0.100000,1,0.132156,6001,0,3.625,0.479067,
/os_cloud_node/points_decim_1,uniform 0.100000,2,0.130524,6112,0,3.625,0.473148,
/os_cloud_node/points_decim_1,uniform 0.100000,3,0.131393,6136,0,3.625,0.476301,
/os_cloud_node/points_decim_1,uniform 0.100000,4,0.132477,6179,0,3.625,0.480228,
/os_cloud_node/points_decim_1,uniform 0.100000,5,0.132149,5976,0,3.625,0.479039,
/os_cloud_node/points_decim_1,uniform 0.100000,6,0.130081,6121,0,3.625,0.471544,
/os_cloud_node/points_decim_1,uniform 0.100000,7,0.131172,6219,0,3.625,0.475499,
/os_cloud_node/points_decim_1,uniform 0.100000,8,0.129929,6133,0,3.625,0.470991,
/os_cloud_node/points_decim_1,uniform 0.100000,9,0.126198,6114,0,3.625,0.457467,
/os_cloud_node/points_decim_1,uniform 0.100000,10,0.120377,5939,0,3.625,0.436365,
/os_cloud_node/points_decim_1,uniform 0.100000,11,0.114883,6094,0,3.625,0.416452,
/os_cloud_node/points_decim_1,uniform 0.100000,12,0.113182,5892,0,3.625,0.410285,
/os_cloud_node/points_decim_1,uniform 0.100000,13,0.110878,5838,0,3.625,0.401933,
/os_cloud_node/points_decim_1,uniform 0.100000,14,0.112534,6053,0,3.625,0.407934,
/os_cloud_node/points_decim_1,uniform 0.100000,15,0.110092,5933,0,3.625,0.399084,
/os_cloud_node/points_decim_1,uniform 0.100000,16,0.104279,5767,0,3.625,0.37801,
/os_cloud_node/points_decim_1,uniform 0.100000,17,0.0981522,5717,0,3.625,0.355802,
/os_cloud_node/points_decim_1,uniform 0.100000,18,0.0938644,5642,0,3.625,0.340259,
/os_cloud_node/points_decim_1,uniform 0.100000,19,0.0931473,5722,0,3.625,0.337659,
/os_cloud_node/points_decim_1,uniform 0.100000,20,0.0920868,5675,0,3.625,0.333815,
/os_cloud_node/points_decim_1,uniform 0.100000,21,0.0925827,5610,0,3.625,0.335612,
/os_cloud_node/points_decim_1,uniform 0.100000,22,0.0925598,5698,0,3.625,0.335529,
/os_cloud_node/points_decim_1,uniform 0.100000,23,0.0936203,5667,0,3.625,0.339374,
/os_cloud_node/points_decim_1,uniform 0.100000,24,0.0932083,5772,0,3.625,0.33788,
/os_cloud_node/points_decim_1,uniform 0.100000,25,0.0947342,5618,0,3.625,0.343411,
/os_cloud_node/points_decim_1,uniform 0.100000,26,0.0974655,5763,0,3.625,0.353312,
/os_cloud_node/points_decim_1,uniform 0.100000,27,0.0982895,5534,0,3.625,0.356299,
/os_cloud_node/points_decim_1,uniform 0.100000,28,0.0965118,5812,0,3.625,0.349855,
/os_cloud_node/points_decim_1,uniform 0.100000,29,0.0981674,5600,0,3.625,0.355857,
/os_cloud_node/points_decim_1,uniform 0.100000,30,0.0960541,5785,0,3.625,0.348196,
/os_cloud_node/points_decim_1,uniform 0.100000,31,0.0905457,5796,0,3.625,0.328228,
/os_cloud_node/points_decim_1,uniform 0.100000,32,0.0654831,5171,0,3.625,0.237376,
/os_cloud_node/points_decim_1,uniform 0.100000,33,0.0387573,5168,0,3.625,0.140495,
/os_cloud_node/points_decim_1,uniform 0.100000,34,0.0343018,4916,0,3.625,0.124344,
/os_cloud_node/points_decim_1,uniform 0.100000,35,0.0387802,4991,0,3.625,0.140578,
/os_cloud_node/points_decim_1,uniform 0.100000,36,0.0469589,5026,0,3.625,0.170226,
/os_cloud_node/points_decim_1,uniform 0.100000,37,0.0538635,5199,0,3.625,0.195255,
/os_cloud_node/points_decim_1,uniform 0.100000,38,0.0546265,5133,0,3.625,0.198021,
/os_cloud_node/points_decim_1,uniform 0.100000,39,0.0538788,5201,0,3.625,0.195311,
/os_cloud_node/points_decim_1,uniform 0.100000,40,0.0520859,5299,0,3.625,0.188811,
/os_cloud_node/points_decim_1,uniform 0.100000,41,0.0469055,5200,0,3.625,0.170033,
/os_cloud_node/points_decim_1,uniform 0.100000,42,0.0424042,5193,0,3.625,0.153715,
/os_cloud_node/points_decim_1,uniform 0.100000,43,0.0363312,5116,0,3.625,0.131701,
/os_cloud_node/points_decim_1,uniform 0.100000,44,0.0369644,4963,0,3.625,0.133996,
/os_cloud_node/points_decim_1,uniform 0.100000,45,0.0377502,5125,0,3.625,0.136845,
/os_cloud_node/points_decim_1,uniform 0.100000,46,0.0361176,4959,0,3.625,0.130926,
/os_cloud_node/points_decim_1,uniform 0.100000,47,0.0358353,4884,0,3.625,0.129903,
/os_cloud_node/points_decim_1,uniform 0.100000,48,0.0366821,5152,0,3.625,0.132973,
/os_cloud_node/points_decim_1,uniform 0.100000,49,0.0345383,4986,0,3.625,0.125201,
/os_cloud_node/points_decim_1,uniform 0.100000,50,0.0309143,4913,0,3.625,0.112064,
/os_cloud_node/points_decim_1,uniform 0.100000,51,0.0335922,4977,0,3.625,0.121772,
/os_cloud_node/points_decim_1,uniform 0.100000,52,0.0327682,4939,0,3.625,0.118785,
/os_cloud_node/points_decim_1,uniform 0.100000,53,0.0313797,4925,0,3.625,0.113751,
/os_cloud_node/points_decim_1,uniform 0.100000,54,0.0329819,4942,0,3.625,0.119559,
/os_cloud_node/points_decim_1,uniform 0.100000,55,0.0366821,5016,0,3.625,0.132973,
/os_cloud_node/points_decim_1,uniform 0.100000,56,0.0410919,5141,0,3.625,0.148958,
/os_cloud_node/points_decim_1,uniform 0.100000,57,0.0420761,5209,0,3.625,0.152526,
/os_cloud_node/points_decim_1,uniform 0.100000,58,0.0432053,5113,0,3.625,0.156619,
/os_cloud_node/points_decim_1,uniform 0.100000,59,0.0441132,5270,0,3.625,0.15991,
/os_cloud_node/points_decim_1,uniform 0.100000,60,0.0403824,5211,0,3.625,0.146386,
/os_cloud_node/points_decim_1,uniform 0.100000,61,0.0318527,5033,0,3.625,0.115466,
/os_cloud_node/points_decim_1,uniform 0.100000,62,0.0396423,5008,0,3.625,0.143703,
/os_cloud_node/points_decim_1,uniform 0.100000,63,0.0437088,5106,0,3.625,0.158444,
/os_cloud_node/points_decim_1,uniform 0.100000,64,0.0390091,5094,0,3.625,0.141408,
/os_cloud_node/points_decim_1,uniform 0.100000,65,0.0357819,4851,0,3.625,0.129709,
/os_cloud_node/points_decim_1,uniform 0.100000,66,0.0290298,4997,0,3.625,0.105233,
/os_cloud_node/points_decim_1,uniform 0.100000,67,0.0250244,4829,0,3.625,0.0907135,
/os_cloud_node/points_decim_1,uniform 0.100000,68,0.0197296,4871,0,3.625,0.0715199,
/os_cloud_node/points_decim_1,uniform 0.100000,69,0.0171356,4791,0,3.625,0.0621166,
/os_cloud_node/points_decim_1,uniform 0.100000,70,0.0184174,4858,0,3.625,0.0667629,
/os_cloud_node/points_decim_1,uniform 0.100000,71,0.0180435,4803,0,3.625,0.0654078,
/os_cloud_node/points_decim_1,uniform 0.100000,72,0.0201263,4728,0,3.625,0.072958,
/os_cloud_node/points_decim_1,uniform 0.100000,73,0.0242386,4764,0,3.625,0.0878649,
/os_cloud_node/points_decim_1,uniform 0.100000,74,0.0245285,4778,0,3.625,0.0889158,
/os_cloud_node/points_decim_1,uniform 0.100000,75,0.0259552,4866,0,3.625,0.0940876,
/os_cloud_node/points_decim_1,uniform 0.100000,76,0.0266876,4958,0,3.625,0.0967426,
/os_cloud_node/points_decim_1,uniform 0.100000,77,0.0315933,4818,0,3.625,0.114526,
/os_cloud_node/points_decim_1,uniform 0.100000,78,0.0296707,4847,0,3.625,0.107556,
/os_cloud_node/points_decim_1,uniform 0.100000,79,0.0306396,4953,0,3.625,0.111069,
/os_cloud_node/points_decim_1,uniform 0.100000,80,0.0320206,4980,0,3.625,0.116075,
/os_cloud_node/points_decim_1,uniform 0.100000,81,0.0313187,5090,0,3.625,0.11353,
/os_cloud_node/points_decim_1,uniform 0.100000,82,0.0318222,4963,0,3.625,0.115355,
/os_cloud_node/points_decim_1,uniform 0.100000,83,0.0365448,5072,0,3.625,0.132475,
/os_cloud_node/points_decim_1,uniform 0.100000,84,0.03862,5039,0,3.625,0.139997,
/os_cloud_node/points_decim_1,uniform 0.100000,85,0.0395966,5146,0,3.625,0.143538,
/os_cloud_node/points_decim_1,uniform 0.100000,86,0.0386887,5007,0,3.625,0.140246,
/os_cloud_node/points_decim_1,uniform 0.100000,87,0.0359879,5019,0,3.625,0.130456,
/os_cloud_node/points_decim_1,uniform 0.100000,88,0.0381851,5025,0,3.625,0.138421,
/os_cloud_node/points_decim_1,uniform 0.100000,89,0.0378494,5014,0,3.625,0.137204,
/os_cloud_node/points_decim_1,uniform 0.100000,90,0.0346527,4848,0,3.625,0.125616,
/os_cloud_node/points_decim_1,uniform 0.100000,91,0.0343018,4881,0,3.625,0.124344,
/os_cloud_node/points_decim_1,uniform 0.100000,92,0.0326004,4813,0,3.625,0.118176,
/os_cloud_node/points_decim_1,uniform 0.100000,93,0.0310593,4938,0,3.625,0.11259,
/os_cloud_node/points_decim_1,uniform 0.100000,94,0.0326996,4904,0,3.625,0.118536,
/os_cloud_node/points_decim_1,uniform 0.100000,95,0.0334549,4914,0,3.625,0.121274,
/os_cloud_node/points_decim_1,uniform 0.100000,96,0.0322952,4865,0,3.625,0.11707,
/os_cloud_node/points_decim_1,uniform 0.100000,97,0.0318451,4883,0,3.625,0.115438,
/os_cloud_node/points_decim_1,uniform 0.100000,98,0.0314102,4916,0,3.625,0.113862,
/os_cloud_node/points_decim_1,uniform 0.100000,99,0.0272751,5050,0,3.625,0.0988722,
/os_cloud_node/points_decim_1,uniform 0.100000,100,0.0293961,4853,0,3.625,0.106561,
/os_cloud_node/points_decim_1,uniform 0.100000,101,0.0304947,4846,0,3.625,0.110543,
/os_cloud_node/points_decim_1,uniform 0.100000,102,0.0275726,4856,0,3.625,0.0999508,
/os_cloud_node/points_decim_1,uniform 0.100000,103,0.0316238,4985,0,3.625,0.114636,
/os_cloud_node/points_decim_1,uniform 0.100000,104,0.0309601,4984,0,3.625,0.11223,
/os_cloud_node/points_decim_1,uniform 0.100000,105,0.0300751,4846,0,3.625,0.109022,
/os_cloud_node/points_decim_1,uniform 0.100000,106,0.0326996,4932,0,3.625,0.118536,
/os_cloud_node/points_decim_1,uniform 0.100000,107,0.0354767,5051,0,3.625,0.128603,
/os_cloud_node/points_decim_1,uniform 0.100000,108,0.0357056,4919,0,3.625,0.129433,
/os_cloud_node/points_decim_1,uniform 0.100000,109,0.0379181,5063,0,3.625,0.137453,
/os_cloud_node/points_decim_1,uniform 0.100000,110,0.0370026,4927,0,3.625,0.134134,
/os_cloud_node/points_decim_1,uniform 0.100000,111,0.0410309,5002,0,3.625,0.148737,
/os_cloud_node/points_decim_1,uniform 0.100000,112,0.040062,5001,0,3.625,0.145225,
/os_cloud_node/points_decim_1,uniform 0.100000,113,0.0366592,4915,0,3.625,0.13289,
/os_cloud_node/points_decim_1,uniform 0.100000,114,0.0366745,5013,0,3.625,0.132945,
/os_cloud_node/points_decim_1,uniform 0.100000,115,0.0354538,4986,0,3.625,0.12852,
/os_cloud_node/points_decim_1,uniform 0.100000,116,0.0341949,4851,0,3.625,0.123957,
/os_cloud_node/points_decim_1,uniform 0.100000,117,0.0344543,4936,0,3.625,0.124897,
/os_cloud_node/points_decim_1,uniform 0.100000,118,0.034584,5001,0,3.625,0.125367,
/os_cloud_node/points_decim_1,uniform 0.100000,119,0.031868,4994,0,3.625,0.115521,
/os_cloud_node/points_decim_1,uniform 0.100000,120,0.0321579,4953,0,3.625,0.116572,
/os_cloud_node/points_decim_1,uniform 0.100000,121,0.03508,4915,0,3.625,0.127165,
/os_cloud_node/points_decim_1,uniform 0.100000,122,0.0329056,4800,0,3.625,0.119283,
/os_cloud_node/points_decim_1,uniform 0.100000,123,0.034462,5043,0,3.625,0.124925,
/os_cloud_node/points_decim_1,uniform 0.100000,124,0.034996,4911,0,3.625,0.126861,
/os_cloud_node/points_decim_1,uniform 0.100000,125,0.0362778,4896,0,3.625,0.131507,
/os_cloud_node/points_decim_1,uniform 0.100000,126,0.0365448,4930,0,3.625,0.132475,
/os_cloud_node/points_decim_1,uniform 0.100000,127,0.0431824,5136,0,3.625,0.156536,
/os_cloud_node/points_decim_1,uniform 0.100000,128,0.0428925,5174,0,3.625,0.155485,
/os_cloud_node/points_decim_1,uniform 0.100000,129,0.0407181,4999,0,3.625,0.147603,
/os_cloud_node/points_decim_1,uniform 0.100000,130,0.0419998,4954,0,3.625,0.152249,
/os_cloud_node/points_decim_1,uniform 0.100000,131,0.0401077,5039,0,3.625,0.145391,
/os_cloud_node/points_decim_1,uniform 0.100000,132,0.0373993,4924,0,3.625,0.135572,
/os_cloud_node/points_decim_1,uniform 0.100000,133,0.0430908,5308,0,3.625,0.156204,
/os_cloud_node/points_decim_1,uniform 0.100000,134,0.0430069,5036,0,3.625,0.1559,
/os_cloud_node/points_decim_1,uniform 0.100000,135,0.0416489,5129,0,3.625,0.150977,
/os_cloud_node/points_decim_1,uniform 0.100000,136,0.0409851,4976,0,3.625,0.148571,
/os_cloud_node/points_decim_1,uniform 0.100000,137,0.0408478,5070,0,3.625,0.148073,
/os_cloud_node/points_decim_1,uniform 0.100000,138,0.0386047,5038,0,3.625,0.139942,
/os_cloud_node/points_decim_1,uniform 0.100000,139,0.0384674,4940,0,3.625,0.139444,
/os_cloud_node/points_decim_1,uniform 0.100000,140,0.0386047,5006,0,3.625,0.139942,
/os_cloud_node/points_decim_1,uniform 0.100000,141,0.0357361,4945,0,3.625,0.129543,
/os_cloud_node/points_decim_1,uniform 0.100000,142,0.0367355,5003,0,3.625,0.133166,
/os_cloud_node/points_decim_1,uniform 0.100000,143,0.0355682,5059,0,3.625,0.128935,
/os_cloud_node/points_decim_1,uniform 0.100000,144,0.0363312,4846,0,3.625,0.131701,
/os_cloud_node/points_decim_1,uniform 0.100000,145,0.0364304,5053,0,3.625,0.13206,
/os_cloud_node/points_decim_1,uniform 0.100000,146,0.0378494,5006,0,3.625,0.137204,
/os_cloud_node/points_decim_1,uniform 0.100000,147,0.0391846,5078,0,3.625,0.142044,
/os_cloud_node/points_decim_1,uniform 0.100000,148,0.0387039,5066,0,3.625,0.140302,
/os_cloud_node/points_decim_1,uniform 0.100000,149,0.0385513,4959,0,3.625,0.139749,
/os_cloud_node/points_decim_1,uniform 0.100000,150,0.0382538,5085,0,3.625,0.13867,
/os_cloud_node/points_decim_1,uniform 0.100000,151,0.0361786,5013,0,3.625,0.131147,
/os_cloud_node/points_decim_1,uniform 0.100000,152,0.0394669,5140,0,3.625,0.143067,
/os_cloud_node/points_decim_1,uniform 0.100000,153,0.0394745,5043,0,3.625,0.143095,
/os_cloud_node/points_decim_1,uniform 0.100000,154,0.0382843,4858,0,3.625,0.138781,
/os_cloud_node/points_decim_1,uniform 0.100000,155,0.0376434,5091,0,3.625,0.136457,
/os_cloud_node/points_decim_1,uniform 0.100000,156,0.0370941,4938,0,3.625,0.134466,
/os_cloud_node/points_decim_1,uniform 0.100000,157,0.0340424,4937,0,3.625,0.123404,
/os_cloud_node/points_decim_1,uniform 0.100000,158,0.0331192,4901,0,3.625,0.120057,
/os_cloud_node/points_decim_1,uniform 0.100000,159,0.0330658,5006,0,3.625,0.119864,
/os_cloud_node/points_decim_1,uniform 0.100000,160,0.0312805,4898,0,3.625,0.113392,
/os_cloud_node/points_decim_1,uniform 0.100000,161,0.0335236,4898,0,3.625,0.121523,
/os_cloud_node/points_decim_1,uniform 0.100000,162,0.0344162,5031,0,3.625,0.124759,
/os_cloud_node/points_decim_1,uniform 0.100000,163,0.0352402,4994,0,3.625,0.127746,
/os_cloud_node/points_decim_1,uniform 0.100000,164,0.0330963,4906,0,3.625,0.119974,
/os_cloud_node/points_decim_1,uniform 0.100000,165,0.0333862,4913,0,3.625,0.121025,
/os_cloud_node/points_decim_1,uniform 0.100000,166,0.032486,4907,0,3.625,0.117762,
/os_cloud_node/points_decim_1,uniform 0.100000,167,0.0337067,4967,0,3.625,0.122187,
/os_cloud_node/points_decim_1,uniform 0.100000,168,0.0369034,5004,0,3.625,0.133775,
/os_cloud_node/points_decim_1,uniform 0.100000,169,0.0381012,5020,0,3.625,0.138117,
/os_cloud_node/points_decim_1,uniform 0.100000,170,0.0403442,5186,0,3.625,0.146248,
/os_cloud_node/points_decim_1,uniform 0.100000,171,0.0381317,4997,0,3.625,0.138227,
/os_cloud_node/points_decim_1,uniform 0.100000,172,0.0400696,5028,0,3.625,0.145252,
/os_cloud_node/points_decim_1,uniform 0.100000,173,0.0389099,5093,0,3.625,0.141048,
/os_cloud_node/points_decim_1,uniform 0.100000,174,0.0383072,5140,0,3.625,0.138864,
/os_cloud_node/points_decim_1,uniform 0.100000,175,0.035141,5073,0,3.625,0.127386,
/os_cloud_node/points_decim_1,uniform 0.100000,176,0.0344162,4937,0,3.625,0.124759,
/os_cloud_node/points_decim_1,uniform 0.100000,177,0.0346985,4910,0,3.625,0.125782,
/os_cloud_node/points_decim_1,uniform 0.100000,178,0.0359039,4965,0,3.625,0.130152,
/os_cloud_node/points_decim_1,uniform 0.100000,179,0.0362091,5035,0,3.625,0.131258,
/os_cloud_node/points_decim_1,uniform 0.100000,180,0.0352249,5051,0,3.625,0.12769,
/os_cloud_node/points_decim_1,uniform 0.100000,181,0.0288544,4829,0,3.625,0.104597,
/os_cloud_node/points_decim_1,uniform 0.100000,182,0.0259018,4954,0,3.625,0.093894,
/os_cloud_node/points_decim_1,uniform 0.100000,183,0.025856,4964,0,3.625,0.0937281,
/os_cloud_node/points_decim_1,uniform 0.100000,184,0.0221939,4687,0,3.625,0.0804529,
/os_cloud_node/points_decim_1,uniform 0.100000,185,0.0180206,4927,0,3.625,0.0653248,
/os_cloud_node/points_decim_1,uniform 0.100000,186,0.0175323,4803,0,3.625,0.0635548,
/os_cloud_node/points_decim_1,uniform 0.100000,187,0.0179138,4808,0,3.625,0.0649376,
/os_cloud_node/points_decim_1,uniform 0.100000,188,0.0211945,4834,0,3.625,0.0768299,
/os_cloud_node/points_decim_1,uniform 0.100000,189,0.0217133,4780,0,3.625,0.0787106,
/os_cloud_node/points_decim_1,uniform 0.100000,190,0.0270157,5065,0,3.625,0.0979319,
/os_cloud_node/points_decim_1,uniform 0.100000,191,0.0294952,4920,0,3.625,0.10692,
/os_cloud_node/points_decim_1,uniform 0.100000,192,0.0326996,5007,0,3.625,0.118536,
/os_cloud_node/points_decim_1,uniform 0.100000,193,0.0313492,4921,0,3.625,0.113641,
/os_cloud_node/points_decim_1,uniform 0.100000,194,0.034317,5074,0,3.625,0.124399,
/os_cloud_node/points_decim_1,uniform 0.100000,195,0.0338287,4889,0,3.625,0.122629,
/os_cloud_node/points_decim_1,uniform 0.100000,196,0.0409088,5103,0,3.625,0.148294,
/os_cloud_node/points_decim_1,uniform 0.100000,197,0.0435486,5186,0,3.625,0.157864,
/os_cloud_node/points_decim_1,uniform 0.100000,198,0.0492249,5165,0,3.625,0.17844,
/os_cloud_node/points_decim_1,uniform 0.100000,199,0.0474701,5210,0,3.625,0.172079,
/os_cloud_node/points_decim_1,uniform 0.100000,200,0.0356903,5034,0,3.625,0.129377,
/os_cloud_node/points_decim_1,uniform 0.100000,201,0.0340195,5074,0,3.625,0.123321,
/os_cloud_node/points_decim_1,uniform 0.100000,202,0.0320663,4935,0,3.625,0.116241,
/os_cloud_node/points_decim_1,uniform 0.100000,203,0.0354767,5057,0,3.625,0.128603,
/os_cloud_node/points_decim_1,uniform 0.100000,204,0.0352936,4905,0,3.625,0.127939,
/os_cloud_node/points_decim_1,uniform 0.100000,205,0.0355072,4873,0,3.625,0.128714,
/os_cloud_node/points_decim_1,uniform 0.100000,206,0.0338593,4951,0,3.625,0.12274,
/os_cloud_node/points_decim_1,uniform 0.100000,207,0.0364838,4988,0,3.625,0.132254,
/os_cloud_node/points_decim_1,uniform 0.100000,208,0.0366898,4929,0,3.625,0.133,
/os_cloud_node/points_decim_1,uniform 0.100000,209,0.0363388,4969,0,3.625,0.131728,
/os_cloud_node/points_decim_1,uniform 0.100000,210,0.0345306,4879,0,3.625,0.125174,
/os_cloud_node/points_decim_1,uniform 0.100000,211,0.035965,5083,0,3.625,0.130373,
/os_cloud_node/points_decim_1,uniform 0.100000,212,0.0388565,5145,0,3.625,0.140855,
/os_cloud_node/points_decim_1,uniform 0.100000,213,0.0475922,5162,0,3.625,0.172522,
/os_cloud_node/points_decim_1,uniform 0.100000,214,0.0492096,5150,0,3.625,0.178385,
/os_cloud_node/points_decim_1,uniform 0.100000,215,0.0532913,5293,0,3.625,0.193181,
/os_cloud_node/points_decim_1,uniform 0.100000,216,0.054718,5249,0,3.625,0.198353,
/os_cloud_node/points_decim_1,uniform 0.100000,217,0.0555038,5219,0,3.625,0.201201,
/os_cloud_node/points_decim_1,uniform 0.100000,218,0.0493393,5308,0,3.625,0.178855,
/os_cloud_node/points_decim_1,uniform 0.100000,219,0.0455933,5098,0,3.625,0.165276,
/os_cloud_node/points_decim_1,uniform 0.100000,220,0.0445862,5151,0,3.625,0.161625,
/os_cloud_node/points_decim_1,uniform 0.100000,221,0.0582428,5212,0,3.625,0.21113,
/os_cloud_node/points_decim_1,uniform 0.100000,222,0.0887375,5874,0,3.625,0.321673,
/os_cloud_node/points_decim_1,uniform 0.100000,223,0.101501,5833,0,3.625,0.367943,
/os_cloud_node/points_decim_1,uniform 0.100000,224,0.105324,5768,0,3.625,0.381799,
/os_cloud_node/points_decim_1,uniform 0.100000,225,0.116989,5825,0,3.625,0.424086,
/os_cloud_node/points_decim_1,uniform 0.100000,226,0.120148,5887,0,3.625,0.435535,
/os_cloud_node/points_decim_1,uniform 0.100000,227,0.119133,6002,0,3.625,0.431857,
/os_cloud_node/points_decim_1,uniform 0.100000,228,0.120499,5931,0,3.625,0.436808,
/os_cloud_node/points_decim_1,uniform 0.100000,229,0.121826,6079,0,3.625,0.44162,
/os_cloud_node/points_decim_1,uniform 0.100000,230,0.126221,5960,0,3.625,0.45755,
/os_cloud_node/points_decim_1,uniform 0.100000,231,0.130478,6016,0,3.625,0.472982,
/os_cloud_node/points_decim_1,uniform 0.100000,232,0.135017,6201,0,3.625,0.489438,
/os_cloud_node/points_decim_1,uniform 0.100000,233,0.138664,6109,0,3.625,0.502658,
/os_cloud_node/points_decim_1,uniform 0.100000,234,0.134956,6074,0,3.625,0.489217,
/os_cloud_node/points_decim_1,uniform 0.100000,235,0.135239,6007,0,3.625,0.49024,
/os_cloud_node/points_decim_1,uniform 0.100000,236,0.131393,6116,0,3.625,0.476301,
/os_cloud_node/points_decim_1,uniform 0.100000,237,0.130264,6061,0,3.625,0.472208,
/os_cloud_node/points_decim_1,uniform 0.200000,0,0.0451431,5189,0,3.625,0.163644,
/os_cloud_node/points_decim_1,uniform 0.200000,1,0.0443344,5036,0,3.625,0.160712,
/os_cloud_node/points_decim_1,uniform 0.200000,2,0.0432892,5090,0,3.625,0.156923,
/os_cloud_node/points_decim_1,uniform 0.200000,3,0.0438614,5245,0,3.625,0.158998,
/os_cloud_node/points_decim_1,uniform 0.200000,4,0.0438232,5319,0,3.625,0.158859,
/os_cloud_node/points_decim_1,uniform 0.200000,5,0.041748,5187,0,3.625,0.151337,
/os_cloud_node/points_decim_1,uniform 0.200000,6,0.0391541,5041,0,3.625,0.141933,
/os_cloud_node/points_decim_1,uniform 0.200000,7,0.0393448,5150,0,3.625,0.142625,
/os_cloud_node/points_decim_1,uniform 0.200000,8,0.0385208,5116,0,3.625,0.139638,
/os_cloud_node/points_decim_1,uniform 0.200000,9,0.0351868,5074,0,3.625,0.127552,
/os_cloud_node/points_decim_1,uniform 0.200000,10,0.0346985,5032,0,3.625,0.125782,
/os_cloud_node/points_decim_1,uniform 0.200000,11,0.0325165,5065,0,3.625,0.117872,
/os_cloud_node/points_decim_1,uniform 0.200000,12,0.0337753,4917,0,3.625,0.122436,
/os_cloud_node/points_decim_1,uniform 0.200000,13,0.0345688,4927,0,3.625,0.125312,
/os_cloud_node/points_decim_1,uniform 0.200000,14,0.0354614,4987,0,3.625,0.128548,
/os_cloud_node/points_decim_1,uniform 0.200000,15,0.0350113,4924,0,3.625,0.126916,
/os_cloud_node/points_decim_1,uniform 0.200000,16,0.0336456,4883,0,3.625,0.121965,
/os_cloud_node/points_decim_1,uniform 0.200000,17,0.0317612,4943,0,3.625,0.115134,
/os_cloud_node/points_decim_1,uniform 0.200000,18,0.0309525,4852,0,3.625,0.112203,
/os_cloud_node/points_decim_1,uniform 0.200000,19,0.0305557,4935,0,3.625,0.110765,
/os_cloud_node/points_decim_1,uniform 0.200000,20,0.0303574,4914,0,3.625,0.110045,
/os_cloud_node/points_decim_1,uniform 0.200000,21,0.0305862,5049,0,3.625,0.110875,
/os_cloud_node/points_decim_1,uniform 0.200000,22,0.0308609,4873,0,3.625,0.111871,
/os_cloud_node/points_decim_1,uniform 0.200000,23,0.0310898,4911,0,3.625,0.1127,
/os_cloud_node/points_decim_1,uniform 0.200000,24,0.0309753,5037,0,3.625,0.112286,
/os_cloud_node/points_decim_1,uniform 0.200000,25,0.0314636,5017,0,3.625,0.114056,
/os_cloud_node/points_decim_1,uniform 0.200000,26,0.0319061,4906,0,3.625,0.11566,
/os_cloud_node/points_decim_1,uniform 0.200000,27,0.0323334,5115,0,3.625,0.117208,
/os_cloud_node/points_decim_1,uniform 0.200000,28,0.0317993,4959,0,3.625,0.115273,
/os_cloud_node/points_decim_1,uniform 0.200000,29,0.0321426,5093,0,3.625,0.116517,
/os_cloud_node/points_decim_1,uniform 0.200000,30,0.031311,5156,0,3.625,0.113503,
/os_cloud_node/points_decim_1,uniform 0.200000,31,0.0285568,4939,0,3.625,0.103518,
/os_cloud_node/points_decim_1,uniform 0.200000,32,0.0190659,4835,0,3.625,0.0691137,
/os_cloud_node/points_decim_1,uniform 0.200000,33,0.0112228,4762,0,3.625,0.0406828,
/os_cloud_node/points_decim_1,uniform 0.200000,34,0.00965118,4610,0,3.625,0.0349855,
/os_cloud_node/points_decim_1,uniform 0.200000,35,0.0110779,4633,0,3.625,0.0401573,
/os_cloud_node/points_decim_1,uniform 0.200000,36,0.0134811,4749,0,3.625,0.0488691,
/os_cloud_node/points_decim_1,uniform 0.200000,37,0.0156403,4782,0,3.625,0.0566959,
/os_cloud_node/points_decim_1,uniform 0.200000,38,0.0158615,4684,0,3.625,0.057498,
/os_cloud_node/points_decim_1,uniform 0.200000,39,0.0162201,4899,0,3.625,0.0587978,
/os_cloud_node/points_decim_1,uniform 0.200000,40,0.0144653,4759,0,3.625,0.0524368,
/os_cloud_node/points_decim_1,uniform 0.200000,41,0.013092,4685,0,3.625,0.0474586,
/os_cloud_node/points_decim_1,uniform 0.200000,42,0.0116959,4705,0,3.625,0.0423975,
/os_cloud_node/points_decim_1,uniform 0.200000,43,0.00939178,4656,0,3.625,0.0340452,
/os_cloud_node/points_decim_1,uniform 0.200000,44,0.00988007,4669,0,3.625,0.0358152,
/os_cloud_node/points_decim_1,uniform 0.200000,45,0.0102692,4735,0,3.625,0.0372257,
/os_cloud_node/points_decim_1,uniform 0.200000,46,0.0100327,4663,0,3.625,0.0363684,
/os_cloud_node/points_decim_1,uniform 0.200000,47,0.00932312,4714,0,3.625,0.0337963,
/os_cloud_node/points_decim_1,uniform 0.200000,48,0.0100327,4649,0,3.625,0.0363684,
/os_cloud_node/points_decim_1,uniform 0.200000,49,0.0093689,4658,0,3.625,0.0339622,
/os_cloud_node/points_decim_1,uniform 0.200000,50,0.00865173,4676,0,3.625,0.0313625,
/os_cloud_node/points_decim_1,uniform 0.200000,51,0.00985718,4736,0,3.625,0.0357323,
/os_cloud_node/points_decim_1,uniform 0.200000,52,0.00959015,4722,0,3.625,0.0347643,
/os_cloud_node/points_decim_1,uniform 0.200000,53,0.00911713,4665,0,3.625,0.0330496,
/os_cloud_node/points_decim_1,uniform 0.200000,54,0.00977325,4790,0,3.625,0.035428,
/os_cloud_node/points_decim_1,uniform 0.200000,55,0.0113907,4702,0,3.625,0.0412912,
/os_cloud_node/points_decim_1,uniform 0.200000,56,0.012764,4652,0,3.625,0.0462694,
/os_cloud_node/points_decim_1,uniform 0.200000,57,0.0130692,4714,0,3.625,0.0473757,
/os_cloud_node/points_decim_1,uniform 0.200000,58,0.0130157,4653,0,3.625,0.0471821,
/os_cloud_node/points_decim_1,uniform 0.200000,59,0.0134964,4813,0,3.625,0.0489244,
/os_cloud_node/points_decim_1,uniform 0.200000,60,0.0124512,4764,0,3.625,0.0451355,
/os_cloud_node/points_decim_1,uniform 0.200000,61,0.00943756,4941,0,3.625,0.0342112,
/os_cloud_node/points_decim_1,uniform 0.200000,62,0.0123138,4772,0,3.625,0.0446377,
/os_cloud_node/points_decim_1,uniform 0.200000,63,0.0134735,4653,0,3.625,0.0488415,
/os_cloud_node/points_decim_1,uniform 0.200000,64,0.0118256,4755,0,3.625,0.0428677,
/os_cloud_node/points_decim_1,uniform 0.200000,65,0.010849,4718,0,3.625,0.0393276,
/os_cloud_node/points_decim_1,uniform 0.200000,66,0.00913239,4872,0,3.625,0.0331049,
/os_cloud_node/points_decim_1,uniform 0.200000,67,0.00772095,4626,0,3.625,0.0279884,
/os_cloud_node/points_decim_1,uniform 0.200000,68,0.00572205,4714,0,3.625,0.0207424,
/os_cloud_node/points_decim_1,uniform 0.200000,69,0.004776,4507,0,3.625,0.017313,
/os_cloud_node/points_decim_1,uniform 0.200000,70,0.00514984,4558,0,3.625,0.0186682,
/os_cloud_node/points_decim_1,uniform 0.200000,71,0.00505066,4606,0,3.625,0.0183086,
/os_cloud_node/points_decim_1,uniform 0.200000,72,0.00554657,4581,0,3.625,0.0201063,
/os_cloud_node/points_decim_1,uniform 0.200000,73,0.00719452,4537,0,3.625,0.0260801,
/os_cloud_node/points_decim_1,uniform 0.200000,74,0.00793457,4555,0,3.625,0.0287628,
/os_cloud_node/points_decim_1,uniform 0.200000,75,0.00765228,4807,0,3.625,0.0277395,
/os_cloud_node/points_decim_1,uniform 0.200000,76,0.00776672,4623,0,3.625,0.0281544,
/os_cloud_node/points_decim_1,uniform 0.200000,77,0.0102005,4806,0,3.625,0.0369768,
/os_cloud_node/points_decim_1,uniform 0.200000,78,0.00941467,4620,0,3.625,0.0341282,
/os_cloud_node/points_decim_1,uniform 0.200000,79,0.00953674,4679,0,3.625,0.0345707,
/os_cloud_node/points_decim_1,uniform 0.200000,80,0.00946045,4596,0,3.625,0.0342941,
/os_cloud_node/points_decim_1,uniform 0.200000,81,0.00901794,4711,0,3.625,0.03269,
/os_cloud_node/points_decim_1,uniform 0.200000,82,0.00887299,4577,0,3.625,0.0321646,
/os_cloud_node/points_decim_1,uniform 0.200000,83,0.0104599,4749,0,3.625,0.0379171,
/os_cloud_node/points_decim_1,uniform 0.200000,84,0.0112,4726,0,3.625,0.0405998,
/os_cloud_node/points_decim_1,uniform 0.200000,85,0.0115128,4704,0,3.625,0.0417337,
/os_cloud_node/points_decim_1,uniform 0.200000,86,0.0111923,4703,0,3.625,0.0405722,
/os_cloud_node/points_decim_1,uniform 0.200000,87,0.0105133,4681,0,3.625,0.0381107,
/os_cloud_node/points_decim_1,uniform 0.200000,88,0.0112,4736,0,3.625,0.0405998,
/os_cloud_node/points_decim_1,uniform 0.200000,89,0.01091,4970,0,3.625,0.0395489,
/os_cloud_node/points_decim_1,uniform 0.200000,90,0.00984192,4619,0,3.625,0.035677,
/os_cloud_node/points_decim_1,uniform 0.200000,91,0.00968933,4550,0,3.625,0.0351238,
/os_cloud_node/points_decim_1,uniform 0.200000,92,0.00947571,4712,0,3.625,0.0343494,
/os_cloud_node/points_decim_1,uniform 0.200000,93,0.00870514,4489,0,3.625,0.0315561,
/os_cloud_node/points_decim_1,uniform 0.200000,94,0.00878906,4625,0,3.625,0.0318604,
/os_cloud_node/points_decim_1,uniform 0.200000,95,0.00932312,4603,0,3.625,0.0337963,
/os_cloud_node/points_decim_1,uniform 0.200000,96,0.0088501,4540,0,3.625,0.0320816,
/os_cloud_node/points_decim_1,uniform 0.200000,97,0.00872803,4602,0,3.625,0.0316391,
/os_cloud_node/points_decim_1,uniform 0.200000,98,0.00879669,4591,0,3.625,0.031888,
/os_cloud_node/points_decim_1,uniform 0.200000,99,0.00763702,4610,0,3.625,0.0276842,
/os_cloud_node/points_decim_1,uniform 0.200000,100,0.00828552,4616,0,3.625,0.030035,
/os_cloud_node/points_decim_1,uniform 0.200000,101,0.00870514,4715,0,3.625,0.0315561,
/os_cloud_node/points_decim_1,uniform 0.200000,102,0.00829315,4501,0,3.625,0.0300627,
/os_cloud_node/points_decim_1,uniform 0.200000,103,0.00902557,4608,0,3.625,0.0327177,
/os_cloud_node/points_decim_1,uniform 0.200000,104,0.00879669,4694,0,3.625,0.031888,
/os_cloud_node/points_decim_1,uniform 0.200000,105,0.00832367,4690,0,3.625,0.0301733,
/os_cloud_node/points_decim_1,uniform 0.200000,106,0.00927734,4622,0,3.625,0.0336304,
/os_cloud_node/points_decim_1,uniform 0.200000,107,0.00984192,4773,0,3.625,0.035677,
/os_cloud_node/points_decim_1,uniform 0.200000,108,0.0100403,4616,0,3.625,0.036396,
/os_cloud_node/points_decim_1,uniform 0.200000,109,0.010994,4731,0,3.625,0.0398531,
/os_cloud_node/points_decim_1,uniform 0.200000,110,0.0107117,4789,0,3.625,0.0388298,
/os_cloud_node/points_decim_1,uniform 0.200000,111,0.0118332,4622,0,3.625,0.0428953,
/os_cloud_node/points_decim_1,uniform 0.200000,112,0.011467,4740,0,3.625,0.0415678,
/os_cloud_node/points_decim_1,uniform 0.200000,113,0.0101471,4649,0,3.625,0.0367832,
/os_cloud_node/points_decim_1,uniform 0.200000,114,0.0102234,4635,0,3.625,0.0370598,
/os_cloud_node/points_decim_1,uniform 0.200000,115,0.010231,4576,0,3.625,0.0370874,
/os_cloud_node/points_decim_1,uniform 0.200000,116,0.00935364,4608,0,3.625,0.0339069,
/os_cloud_node/points_decim_1,uniform 0.200000,117,0.00962067,4664,0,3.625,0.0348749,
/os_cloud_node/points_decim_1,uniform 0.200000,118,0.00989532,4790,0,3.625,0.0358706,
/os_cloud_node/points_decim_1,uniform 0.200000,119,0.00881195,4659,0,3.625,0.0319433,
/os_cloud_node/points_decim_1,uniform 0.200000,120,0.0093689,4688,0,3.625,0.0339622,
/os_cloud_node/points_decim_1,uniform 0.200000,121,0.0100174,4651,0,3.625,0.0363131,
/os_cloud_node/points_decim_1,uniform 0.200000,122,0.00959015,4711,0,3.625,0.0347643,
/os_cloud_node/points_decim_1,uniform 0.200000,123,0.0102692,4615,0,3.625,0.0372257,
/os_cloud_node/points_decim_1,uniform 0.200000,124,0.0103455,4583,0,3.625,0.0375023,
/os_cloud_node/points_decim_1,uniform 0.200000,125,0.0107422,4531,0,3.625,0.0389404,
/os_cloud_node/points_decim_1,uniform 0.200000,126,0.0110703,4622,0,3.625,0.0401297,
/os_cloud_node/points_decim_1,uniform 0.200000,127,0.0129852,4557,0,3.625,0.0470715,
/os_cloud_node/points_decim_1,uniform 0.200000,128,0.0129776,4732,0,3.625,0.0470438,
/os_cloud_node/points_decim_1,uniform 0.200000,129,0.0117111,4629,0,3.625,0.0424528,
/os_cloud_node/points_decim_1,uniform 0.200000,130,0.0124664,4758,0,3.625,0.0451908,
/os_cloud_node/points_decim_1,uniform 0.200000,131,0.0119858,4661,0,3.625,0.0434484,
/os_cloud_node/points_decim_1,uniform 0.200000,132,0.0110626,4707,0,3.625,0.040102,
/os_cloud_node/points_decim_1,uniform 0.200000,133,0.0127487,4740,0,3.625,0.0462141,
/os_cloud_node/points_decim_1,uniform 0.200000,134,0.0125122,4608,0,3.625,0.0453568,
/os_cloud_node/points_decim_1,uniform 0.200000,135,0.0122375,4624,0,3.625,0.0443611,
/os_cloud_node/points_decim_1,uniform 0.200000,136,0.0117111,4651,0,3.625,0.0424528,
/os_cloud_node/points_decim_1,uniform 0.200000,137,0.0117416,4601,0,3.625,0.0425634,
/os_cloud_node/points_decim_1,uniform 0.200000,138,0.0108414,4674,0,3.625,0.0393,
/os_cloud_node/points_decim_1,uniform 0.200000,139,0.0111694,4670,0,3.625,0.0404892,
/os_cloud_node/points_decim_1,uniform 0.200000,140,0.0111694,4674,0,3.625,0.0404892,
/os_cloud_node/points_decim_1,uniform 0.200000,141,0.0103836,4588,0,3.625,0.0376406,
/os_cloud_node/points_decim_1,uniform 0.200000,142,0.0108414,4693,0,3.625,0.0393,
/os_cloud_node/points_decim_1,uniform 0.200000,143,0.0103607,4691,0,3.625,0.0375576,
/os_cloud_node/points_decim_1,uniform 0.200000,144,0.00994873,4766,0,3.625,0.0360641,
/os_cloud_node/points_decim_1,uniform 0.200000,145,0.0108337,4586,0,3.625,0.0392723,
/os_cloud_node/points_decim_1,uniform 0.200000,146,0.0109406,4708,0,3.625,0.0396595,
/os_cloud_node/points_decim_1,uniform 0.200000,147,0.0110474,4613,0,3.625,0.0400467,
/os_cloud_node/points_decim_1,uniform 0.200000,148,0.0106583,4603,0,3.625,0.0386362,
/os_cloud_node/points_decim_1,uniform 0.200000,149,0.0111084,4632,0,3.625,0.0402679,
/os_cloud_node/points_decim_1,uniform 0.200000,150,0.0111084,4773,0,3.625,0.0402679,
/os_cloud_node/points_decim_1,uniform 0.200000,151,0.0105515,4560,0,3.625,0.038249,
/os_cloud_node/points_decim_1,uniform 0.200000,152,0.0113297,4744,0,3.625,0.04107,
/os_cloud_node/points_decim_1,uniform 0.200000,153,0.011322,4691,0,3.625,0.0410423,
/os_cloud_node/points_decim_1,uniform 0.200000,154,0.0111465,4739,0,3.625,0.0404062,
/os_cloud_node/points_decim_1,uniform 0.200000,155,0.0105133,4705,0,3.625,0.0381107,
/os_cloud_node/points_decim_1,uniform 0.200000,156,0.0105209,4618,0,3.625,0.0381384,
/os_cloud_node/points_decim_1,uniform 0.200000,157,0.00998688,4811,0,3.625,0.0362024,
/os_cloud_node/points_decim_1,uniform 0.200000,158,0.00970459,4701,0,3.625,0.0351791,
/os_cloud_node/points_decim_1,uniform 0.200000,159,0.00962067,4631,0,3.625,0.0348749,
/os_cloud_node/points_decim_1,uniform 0.200000,160,0.00941467,4613,0,3.625,0.0341282,
/os_cloud_node/points_decim_1,uniform 0.200000,161,0.0101013,4612,0,3.625,0.0366173,
/os_cloud_node/points_decim_1,uniform 0.200000,162,0.00955963,4710,0,3.625,0.0346537,
/os_cloud_node/points_decim_1,uniform 0.200000,163,0.00964355,4752,0,3.625,0.0349579,
/os_cloud_node/points_decim_1,uniform 0.200000,164,0.00933838,4602,0,3.625,0.0338516,
/os_cloud_node/points_decim_1,uniform 0.200000,165,0.00949097,4616,0,3.625,0.0344048,
/os_cloud_node/points_decim_1,uniform 0.200000,166,0.00939941,4558,0,3.625,0.0340729,
/os_cloud_node/points_decim_1,uniform 0.200000,167,0.00955963,4836,0,3.625,0.0346537,
/os_cloud_node/points_decim_1,uniform 0.200000,168,0.0105743,4686,0,3.625,0.038332,
/os_cloud_node/points_decim_1,uniform 0.200000,169,0.0110626,4720,0,3.625,0.040102,
/os_cloud_node/points_decim_1,uniform 0.200000,170,0.0117188,4693,0,3.625,0.0424805,
/os_cloud_node/points_decim_1,uniform 0.200000,171,0.011322,4679,0,3.625,0.0410423,
/os_cloud_node/points_decim_1,uniform 0.200000,172,0.01194,4641,0,3.625,0.0432825,
/os_cloud_node/points_decim_1,uniform 0.200000,173,0.0111923,4647,0,3.625,0.0405722,
/os_cloud_node/points_decim_1,uniform 0.200000,174,0.0112,4782,0,3.625,0.0405998,
/os_cloud_node/points_decim_1,uniform 0.200000,175,0.0103836,4594,0,3.625,0.0376406,
/os_cloud_node/points_decim_1,uniform 0.200000,176,0.00992584,4694,0,3.625,0.0359812,
/os_cloud_node/points_decim_1,uniform 0.200000,177,0.0100937,4652,0,3.625,0.0365896,
/os_cloud_node/points_decim_1,uniform 0.200000,178,0.0107422,4717,0,3.625,0.0389404,
/os_cloud_node/points_decim_1,uniform 0.200000,179,0.0107422,4662,0,3.625,0.0389404,
/os_cloud_node/points_decim_1,uniform 0.200000,180,0.0108185,4797,0,3.625,0.039217,
/os_cloud_node/points_decim_1,uniform 0.200000,181,0.00901794,4671,0,3.625,0.03269,
/os_cloud_node/points_decim_1,uniform 0.200000,182,0.00760651,4626,0,3.625,0.0275736,
/os_cloud_node/points_decim_1,uniform 0.200000,183,0.00793457,4735,0,3.625,0.0287628,
/os_cloud_node/points_decim_1,uniform 0.200000,184,0.00654602,4668,0,3.625,0.0237293,
/os_cloud_node/points_decim_1,uniform 0.200000,185,0.00546265,4638,0,3.625,0.0198021,
/os_cloud_node/points_decim_1,uniform 0.200000,186,0.00514221,4503,0,3.625,0.0186405,
/os_cloud_node/points_decim_1,uniform 0.200000,187,0.00533295,4600,0,3.625,0.0193319,
/os_cloud_node/points_decim_1,uniform 0.200000,188,0.00608063,4705,0,3.625,0.0220423,
/os_cloud_node/points_decim_1,uniform 0.200000,189,0.00632477,4661,0,3.625,0.0229273,
/os_cloud_node/points_decim_1,uniform 0.200000,190,0.00865936,4680,0,3.625,0.0313902,
/os_cloud_node/points_decim_1,uniform 0.200000,191,0.00926208,4530,0,3.625,0.0335751,
/os_cloud_node/points_decim_1,uniform 0.200000,192,0.0103378,4674,0,3.625,0.0374746,
/os_cloud_node/points_decim_1,uniform 0.200000,193,0.0103989,4673,0,3.625,0.0376959,
/os_cloud_node/points_decim_1,uniform 0.200000,194,0.0105667,4605,0,3.625,0.0383043,
/os_cloud_node/points_decim_1,uniform 0.200000,195,0.0103683,4587,0,3.625,0.0375853,
/os_cloud_node/points_decim_1,uniform 0.200000,196,0.0129471,4654,0,3.625,0.0469332,
/os_cloud_node/points_decim_1,uniform 0.200000,197,0.0132217,4752,0,3.625,0.0479288,
/os_cloud_node/points_decim_1,uniform 0.200000,198,0.015358,4767,0,3.625,0.0556726,
/os_cloud_node/points_decim_1,uniform 0.200000,199,0.0155182,4798,0,3.625,0.0562534,
/os_cloud_node/points_decim_1,uniform 0.200000,200,0.0110931,4658,0,3.625,0.0402126,
/os_cloud_node/points_decim_1,uniform 0.200000,201,0.0099411,4999,0,3.625,0.0360365,
/os_cloud_node/points_decim_1,uniform 0.200000,202,0.0091629,4582,0,3.625,0.0332155,
/os_cloud_node/points_decim_1,uniform 0.200000,203,0.00998688,4738,0,3.625,0.0362024,
/os_cloud_node/points_decim_1,uniform 0.200000,204,0.00971985,4642,0,3.625,0.0352345,
/os_cloud_node/points_decim_1,uniform 0.200000,205,0.0100784,4566,0,3.625,0.0365343,
/os_cloud_node/points_decim_1,uniform 0.200000,206,0.00934601,4674,0,3.625,0.0338793,
/os_cloud_node/points_decim_1,uniform 0.200000,207,0.0100937,4607,0,3.625,0.0365896,
/os_cloud_node/points_decim_1,uniform 0.200000,208,0.00939941,4755,0,3.625,0.0340729,
/os_cloud_node/points_decim_1,uniform 0.200000,209,0.0098877,4700,0,3.625,0.0358429,
/os_cloud_node/points_decim_1,uniform 0.200000,210,0.0094223,4630,0,3.625,0.0341558,
/os_cloud_node/points_decim_1,uniform 0.200000,211,0.00991058,4566,0,3.625,0.0359259,
/os_cloud_node/points_decim_1,uniform 0.200000,212,0.01091,4599,0,3.625,0.0395489,
/os_cloud_node/points_decim_1,uniform 0.200000,213,0.0133362,4727,0,3.625,0.0483437,
/os_cloud_node/points_decim_1,uniform 0.200000,214,0.0140228,4638,0,3.625,0.0508327,
/os_cloud_node/points_decim_1,uniform 0.200000,215,0.0153275,4782,0,3.625,0.055562,
/os_cloud_node/points_decim_1,uniform 0.200000,216,0.0156403,4709,0,3.625,0.0566959,
/os_cloud_node/points_decim_1,uniform 0.200000,217,0.0161057,4962,0,3.625,0.058383,
/os_cloud_node/points_decim_1,uniform 0.200000,218,0.0145035,4720,0,3.625,0.0525751,
/os_cloud_node/points_decim_1,uniform 0.200000,219,0.0129547,4713,0,3.625,0.0469608,
/os_cloud_node/points_decim_1,uniform 0.200000,220,0.0126495,4601,0,3.625,0.0458546,
/os_cloud_node/points_decim_1,uniform 0.200000,221,0.0166626,4798,0,3.625,0.0604019,
/os_cloud_node/points_decim_1,uniform 0.200000,222,0.0273514,4950,0,3.625,0.0991488,
/os_cloud_node/points_decim_1,uniform 0.200000,223,0.0332031,5034,0,3.625,0.120361,
/os_cloud_node/points_decim_1,uniform 0.200000,224,0.0340576,4929,0,3.625,0.123459,
/os_cloud_node/points_decim_1,uniform 0.200000,225,0.0375214,5072,0,3.625,0.136015,
/os_cloud_node/points_decim_1,uniform 0.200000,226,0.0383682,4967,0,3.625,0.139085,
/os_cloud_node/points_decim_1,uniform 0.200000,227,0.0373688,5054,0,3.625,0.135462,
/os_cloud_node/points_decim_1,uniform 0.200000,228,0.0366745,5103,0,3.625,0.132945,
/os_cloud_node/points_decim_1,uniform 0.200000,229,0.0368118,5130,0,3.625,0.133443,
/os_cloud_node/points_decim_1,uniform 0.200000,230,0.0379486,4965,0,3.625,0.137564,
/os_cloud_node/points_decim_1,uniform 0.200000,231,0.0392761,5042,0,3.625,0.142376,
/os_cloud_node/points_decim_1,uniform 0.200000,232,0.0406647,5091,0,3.625,0.147409,
/os_cloud_node/points_decim_1,uniform 0.200000,233,0.0426331,5214,0,3.625,0.154545,
/os_cloud_node/points_decim_1,uniform 0.200000,234,0.0418701,5124,0,3.625,0.151779,
/os_cloud_node/points_decim_1,uniform 0.200000,235,0.0422287,5039,0,3.625,0.153079,
/os_cloud_node/points_decim_1,uniform 0.200000,236,0.0424881,5109,0,3.625,0.154019,
/os_cloud_node/points_decim_1,uniform 0.200000,237,0.0423813,5026,0,3.625,0.153632,
/os_cloud_node/points_decim_1,uniform 0.500000,0,0.0117798,4757,0,3.625,0.0427017,
/os_cloud_node/points_decim_1,uniform 0.500000,1,0.0116959,4663,0,3.625,0.0423975,
/os_cloud_node/points_decim_1,uniform 0.500000,2,0.0117569,4609,0,3.625,0.0426188,
/os_cloud_node/points_decim_1,uniform 0.500000,3,0.0119858,4683,0,3.625,0.0434484,
/os_cloud_node/points_decim_1,uniform 0.500000,4,0.0121307,4879,0,3.625,0.0439739,
/os_cloud_node/points_decim_1,uniform 0.500000,5,0.010025,4698,0,3.625,0.0363407,
/os_cloud_node/points_decim_1,uniform 0.500000,6,0.00895691,4667,0,3.625,0.0324688,
/os_cloud_node/points_decim_1,uniform 0.500000,7,0.00833893,4742,0,3.625,0.0302286,
/os_cloud_node/points_decim_1,uniform 0.500000,8,0.00817871,4672,0,3.625,0.0296478,
/os_cloud_node/points_decim_1,uniform 0.500000,9,0.00687408,4745,0,3.625,0.0249186,
/os_cloud_node/points_decim_1,uniform 0.500000,10,0.00669098,4673,0,3.625,0.0242548,
/os_cloud_node/points_decim_1,uniform 0.500000,11,0.00600433,4692,0,3.625,0.0217657,
/os_cloud_node/points_decim_1,uniform 0.500000,12,0.00721741,4611,0,3.625,0.0261631,
/os_cloud_node/points_decim_1,uniform 0.500000,13,0.0075531,4627,0,3.625,0.02738,
/os_cloud_node/points_decim_1,uniform 0.500000,14,0.00732422,4665,0,3.625,0.0265503,
/os_cloud_node/points_decim_1,uniform 0.500000,15,0.00704956,4754,0,3.625,0.0255547,
/os_cloud_node/points_decim_1,uniform 0.500000,16,0.00678253,4785,0,3.625,0.0245867,
/os_cloud_node/points_decim_1,uniform 0.500000,17,0.00657654,4684,0,3.625,0.02384,
/os_cloud_node/points_decim_1,uniform 0.500000,18,0.00632477,4770,0,3.625,0.0229273,
/os_cloud_node/points_decim_1,uniform 0.500000,19,0.00671387,4571,0,3.625,0.0243378,
/os_cloud_node/points_decim_1,uniform 0.500000,20,0.0068512,4559,0,3.625,0.0248356,
/os_cloud_node/points_decim_1,uniform 0.500000,21,0.0069809,4702,0,3.625,0.0253057,
/os_cloud_node/points_decim_1,uniform 0.500000,22,0.00706482,4720,0,3.625,0.02561,
/os_cloud_node/points_decim_1,uniform 0.500000,23,0.00684357,4793,0,3.625,0.0248079,
/os_cloud_node/points_decim_1,uniform 0.500000,24,0.00679779,4466,0,3.625,0.024642,
/os_cloud_node/points_decim_1,uniform 0.500000,25,0.00695038,4761,0,3.625,0.0251951,
/os_cloud_node/points_decim_1,uniform 0.500000,26,0.00704956,4751,0,3.625,0.0255547,
/os_cloud_node/points_decim_1,uniform 0.500000,27,0.007164,4847,0,3.625,0.0259695,
/os_cloud_node/points_decim_1,uniform 0.500000,28,0.00693512,4668,0,3.625,0.0251398,
/os_cloud_node/points_decim_1,uniform 0.500000,29,0.00687408,4534,0,3.625,0.0249186,
/os_cloud_node/points_decim_1,uniform 0.500000,30,0.00641632,4575,0,3.625,0.0232592,
/os_cloud_node/points_decim_1,uniform 0.500000,31,0.00558472,4820,0,3.625,0.0202446,
/os_cloud_node/points_decim_1,uniform 0.500000,32,0.00344086,4552,0,3.625,0.0124731,
/os_cloud_node/points_decim_1,uniform 0.500000,33,0.00218964,4710,0,3.625,0.00793743,
/os_cloud_node/points_decim_1,uniform 0.500000,34,0.00189972,4492,0,3.625,0.00688648,
/os_cloud_node/points_decim_1,uniform 0.500000,35,0.00200653,4556,0,3.625,0.00727367,
/os_cloud_node/points_decim_1,uniform 0.500000,36,0.00249481,4494,0,3.625,0.00904369,
/os_cloud_node/points_decim_1,uniform 0.500000,37,0.00314331,4462,0,3.625,0.0113945,
/os_cloud_node/points_decim_1,uniform 0.500000,38,0.00298309,4669,0,3.625,0.0108137,
/os_cloud_node/points_decim_1,uniform 0.500000,39,0.00298309,4498,0,3.625,0.0108137,
/os_cloud_node/points_decim_1,uniform 0.500000,40,0.00280762,4601,0,3.625,0.0101776,
/os_cloud_node/points_decim_1,uniform 0.500000,41,0.00241852,4504,0,3.625,0.00876713,
/os_cloud_node/points_decim_1,uniform 0.500000,42,0.00231171,4555,0,3.625,0.00837994,
/os_cloud_node/points_decim_1,uniform 0.500000,43,0.00185394,4571,0,3.625,0.00672054,
/os_cloud_node/points_decim_1,uniform 0.500000,44,0.00187683,4375,0,3.625,0.00680351,
/os_cloud_node/points_decim_1,uniform 0.500000,45,0.00186157,4729,0,3.625,0.0067482,
/os_cloud_node/points_decim_1,uniform 0.500000,46,0.00163269,4518,0,3.625,0.0059185,
/os_cloud_node/points_decim_1,uniform 0.500000,47,0.00190735,4653,0,3.625,0.00691414,
/os_cloud_node/points_decim_1,uniform 0.500000,48,0.0018692,4451,0,3.625,0.00677586,
/os_cloud_node/points_decim_1,uniform 0.500000,49,0.00173187,4530,0,3.625,0.00627804,
/os_cloud_node/points_decim_1,uniform 0.500000,50,0.0016861,4584,0,3.625,0.0061121,
/os_cloud_node/points_decim_1,uniform 0.500000,51,0.00180817,4490,0,3.625,0.0065546,
/os_cloud_node/points_decim_1,uniform 0.500000,52,0.00171661,4518,0,3.625,0.00622272,
/os_cloud_node/points_decim_1,uniform 0.500000,53,0.00185394,4634,0,3.625,0.00672054,
/os_cloud_node/points_decim_1,uniform 0.500000,54,0.00186157,4660,0,3.625,0.0067482,
/os_cloud_node/points_decim_1,uniform 0.500000,55,0.0022049,4621,0,3.625,0.00799274,
/os_cloud_node/points_decim_1,uniform 0.500000,56,0.00257874,4535,0,3.625,0.00934792,
/os_cloud_node/points_decim_1,uniform 0.500000,57,0.0026474,4549,0,3.625,0.00959682,
/os_cloud_node/points_decim_1,uniform 0.500000,58,0.00262451,4676,0,3.625,0.00951385,
/os_cloud_node/points_decim_1,uniform 0.500000,59,0.00253296,4740,0,3.625,0.00918198,
/os_cloud_node/points_decim_1,uniform 0.500000,60,0.00246429,4532,0,3.625,0.00893307,
/os_cloud_node/points_decim_1,uniform 0.500000,61,0.00183105,4463,0,3.625,0.00663757,
/os_cloud_node/points_decim_1,uniform 0.500000,62,0.00246429,4656,0,3.625,0.00893307,
/os_cloud_node/points_decim_1,uniform 0.500000,63,0.00267792,4646,0,3.625,0.00970745,
/os_cloud_node/points_decim_1,uniform 0.500000,64,0.00223541,4590,0,3.625,0.00810337,
/os_cloud_node/points_decim_1,uniform 0.500000,65,0.00227356,4432,0,3.625,0.00824165,
/os_cloud_node/points_decim_1,uniform 0.500000,66,0.00196075,4616,0,3.625,0.00710773,
/os_cloud_node/points_decim_1,uniform 0.500000,67,0.00164032,4622,0,3.625,0.00594616,
/os_cloud_node/points_decim_1,uniform 0.500000,68,0.00122833,4501,0,3.625,0.00445271,
/os_cloud_node/points_decim_1,uniform 0.500000,69,0.000900269,4312,0,3.625,0.00326347,
/os_cloud_node/points_decim_1,uniform 0.500000,70,0.000862122,4454,0,3.625,0.00312519,
/os_cloud_node/points_decim_1,uniform 0.500000,71,0.000946045,4478,0,3.625,0.00342941,
/os_cloud_node/points_decim_1,uniform 0.500000,72,0.00143433,4407,0,3.625,0.00519943,
/os_cloud_node/points_decim_1,uniform 0.500000,73,0.00136566,4587,0,3.625,0.00495052,
/os_cloud_node/points_decim_1,uniform 0.500000,74,0.00133514,4509,0,3.625,0.0048399,
/os_cloud_node/points_decim_1,uniform 0.500000,75,0.00167084,4401,0,3.625,0.00605679,
/os_cloud_node/points_decim_1,uniform 0.500000,76,0.00166321,4491,0,3.625,0.00602913,
/os_cloud_node/points_decim_1,uniform 0.500000,77,0.00190735,4431,0,3.625,0.00691414,
/os_cloud_node/points_decim_1,uniform 0.500000,78,0.00209045,4492,0,3.625,0.0075779,
/os_cloud_node/points_decim_1,uniform 0.500000,79,0.00185394,4462,0,3.625,0.00672054,
/os_cloud_node/points_decim_1,uniform 0.500000,80,0.00192261,4668,0,3.625,0.00696945,
/os_cloud_node/points_decim_1,uniform 0.500000,81,0.00189209,4463,0,3.625,0.00685883,
/os_cloud_node/points_decim_1,uniform 0.500000,82,0.00185394,4426,0,3.625,0.00672054,
/os_cloud_node/points_decim_1,uniform 0.500000,83,0.00202179,4561,0,3.625,0.00732899,
/os_cloud_node/points_decim_1,uniform 0.500000,84,0.0022583,4592,0,3.625,0.00818634,
/os_cloud_node/points_decim_1,uniform 0.500000,85,0.00230408,4460,0,3.625,0.00835228,
/os_cloud_node/points_decim_1,uniform 0.500000,86,0.00216675,4671,0,3.625,0.00785446,
/os_cloud_node/points_decim_1,uniform 0.500000,87,0.00219727,4588,0,3.625,0.00796509,
/os_cloud_node/points_decim_1,uniform 0.500000,88,0.00221252,4557,0,3.625,0.0080204,
/os_cloud_node/points_decim_1,uniform 0.500000,89,0.00217438,4557,0,3.625,0.00788212,
/os_cloud_node/points_decim_1,uniform 0.500000,90,0.00190735,4447,0,3.625,0.00691414,
/os_cloud_node/points_decim_1,uniform 0.500000,91,0.00182343,4481,0,3.625,0.00660992,
/os_cloud_node/points_decim_1,uniform 0.500000,92,0.00189972,4341,0,3.625,0.00688648,
/os_cloud_node/points_decim_1,uniform 0.500000,93,0.00177765,4543,0,3.625,0.00644398,
/os_cloud_node/points_decim_1,uniform 0.500000,94,0.0018692,4501,0,3.625,0.00677586,
/os_cloud_node/points_decim_1,uniform 0.500000,95,0.00189972,4486,0,3.625,0.00688648,
/os_cloud_node/points_decim_1,uniform 0.500000,96,0.00169373,4555,0,3.625,0.00613976,
/os_cloud_node/points_decim_1,uniform 0.500000,97,0.00165558,4472,0,3.625,0.00600147,
/os_cloud_node/points_decim_1,uniform 0.500000,98,0.00162506,4494,0,3.625,0.00589085,
/os_cloud_node/points_decim_1,uniform 0.500000,99,0.0015564,4711,0,3.625,0.00564194,
/os_cloud_node/points_decim_1,uniform 0.500000,100,0.0016861,4488,0,3.625,0.0061121,
/os_cloud_node/points_decim_1,uniform 0.500000,101,0.00172424,4480,0,3.625,0.00625038,
/os_cloud_node/points_decim_1,uniform 0.500000,102,0.00169373,4486,0,3.625,0.00613976,
/os_cloud_node/points_decim_1,uniform 0.500000,103,0.00176239,4493,0,3.625,0.00638866,
/os_cloud_node/points_decim_1,uniform 0.500000,104,0.00171661,4606,0,3.625,0.00622272,
/os_cloud_node/points_decim_1,uniform 0.500000,105,0.00153351,4486,0,3.625,0.00555897,
/os_cloud_node/points_decim_1,uniform 0.500000,106,0.00164032,4433,0,3.625,0.00594616,
/os_cloud_node/points_decim_1,uniform 0.500000,107,0.00188446,4547,0,3.625,0.00683117,
/os_cloud_node/points_decim_1,uniform 0.500000,108,0.00186157,4470,0,3.625,0.0067482,
/os_cloud_node/points_decim_1,uniform 0.500000,109,0.00198364,4416,0,3.625,0.0071907,
/os_cloud_node/points_decim_1,uniform 0.500000,110,0.0019989,4443,0,3.625,0.00724602,
/os_cloud_node/points_decim_1,uniform 0.500000,111,0.00241852,4403,0,3.625,0.00876713,
/os_cloud_node/points_decim_1,uniform 0.500000,112,0.00203705,4469,0,3.625,0.0073843,
/os_cloud_node/points_decim_1,uniform 0.500000,113,0.00193787,4422,0,3.625,0.00702477,
/os_cloud_node/points_decim_1,uniform 0.500000,114,0.00202942,4566,0,3.625,0.00735664,
/os_cloud_node/points_decim_1,uniform 0.500000,115,0.00184631,4411,0,3.625,0.00669289,
/os_cloud_node/points_decim_1,uniform 0.500000,116,0.0018692,4440,0,3.625,0.00677586,
/os_cloud_node/points_decim_1,uniform 0.500000,117,0.00191498,4545,0,3.625,0.0069418,
/os_cloud_node/points_decim_1,uniform 0.500000,118,0.0018692,4481,0,3.625,0.00677586,
/os_cloud_node/points_decim_1,uniform 0.500000,119,0.00192261,4528,0,3.625,0.00696945,
/os_cloud_node/points_decim_1,uniform 0.500000,120,0.00188446,4555,0,3.625,0.00683117,
/os_cloud_node/points_decim_1,uniform 0.500000,121,0.00186157,4533,0,3.625,0.0067482,
/os_cloud_node/points_decim_1,uniform 0.500000,122,0.00175476,4356,0,3.625,0.00636101,
/os_cloud_node/points_decim_1,uniform 0.500000,123,0.00200653,4597,0,3.625,0.00727367,
/os_cloud_node/points_decim_1,uniform 0.500000,124,0.00209045,4521,0,3.625,0.0075779,
/os_cloud_node/points_decim_1,uniform 0.500000,125,0.00222015,4633,0,3.625,0.00804806,
/os_cloud_node/points_decim_1,uniform 0.500000,126,0.00225067,4531,0,3.625,0.00815868,
/os_cloud_node/points_decim_1,uniform 0.500000,127,0.00244904,4439,0,3.625,0.00887775,
/os_cloud_node/points_decim_1,uniform 0.500000,128,0.00247192,4464,0,3.625,0.00896072,
/os_cloud_node/points_decim_1,uniform 0.500000,129,0.0025177,4488,0,3.625,0.00912666,
/os_cloud_node/points_decim_1,uniform 0.500000,130,0.00235748,4475,0,3.625,0.00854588,
/os_cloud_node/points_decim_1,uniform 0.500000,131,0.00232697,4497,0,3.625,0.00843525,
/os_cloud_node/points_decim_1,uniform 0.500000,132,0.0019989,4553,0,3.625,0.00724602,
/os_cloud_node/points_decim_1,uniform 0.500000,133,0.00237274,4580,0,3.625,0.00860119,
/os_cloud_node/points_decim_1,uniform 0.500000,134,0.00234222,4548,0,3.625,0.00849056,
/os_cloud_node/points_decim_1,uniform 0.500000,135,0.00244904,4420,0,3.625,0.00887775,
/os_cloud_node/points_decim_1,uniform 0.500000,136,0.00232697,4453,0,3.625,0.00843525,
/os_cloud_node/points_decim_1,uniform 0.500000,137,0.00215912,4502,0,3.625,0.00782681,
/os_cloud_node/points_decim_1,uniform 0.500000,138,0.00198364,4692,0,3.625,0.0071907,
/os_cloud_node/points_decim_1,uniform 0.500000,139,0.0020752,4427,0,3.625,0.00752258,
/os_cloud_node/points_decim_1,uniform 0.500000,140,0.00215149,4476,0,3.625,0.00779915,
/os_cloud_node/points_decim_1,uniform 0.500000,141,0.00196838,4373,0,3.625,0.00713539,
/os_cloud_node/points_decim_1,uniform 0.500000,142,0.00196838,4588,0,3.625,0.00713539,
/os_cloud_node/points_decim_1,uniform 0.500000,143,0.00195312,4501,0,3.625,0.00708008,
/os_cloud_node/points_decim_1,uniform 0.500000,144,0.00192261,4448,0,3.625,0.00696945,
/os_cloud_node/points_decim_1,uniform 0.500000,145,0.0019989,4499,0,3.625,0.00724602,
/os_cloud_node/points_decim_1,uniform 0.500000,146,0.00193787,4455,0,3.625,0.00702477,
/os_cloud_node/points_decim_1,uniform 0.500000,147,0.00204468,4513,0,3.625,0.00741196,
/os_cloud_node/points_decim_1,uniform 0.500000,148,0.00211334,4509,0,3.625,0.00766087,
/os_cloud_node/points_decim_1,uniform 0.500000,149,0.0022049,4506,0,3.625,0.00799274,
/os_cloud_node/points_decim_1,uniform 0.500000,150,0.00192261,4423,0,3.625,0.00696945,
/os_cloud_node/points_decim_1,uniform 0.500000,151,0.00187683,4502,0,3.625,0.00680351,
/os_cloud_node/points_decim_1,uniform 0.500000,152,0.00216675,4570,0,3.625,0.00785446,
/os_cloud_node/points_decim_1,uniform 0.500000,153,0.00215912,4540,0,3.625,0.00782681,
/os_cloud_node/points_decim_1,uniform 0.500000,154,0.00197601,4441,0,3.625,0.00716305,
/os_cloud_node/points_decim_1,uniform 0.500000,155,0.00203705,4558,0,3.625,0.0073843,
/os_cloud_node/points_decim_1,uniform 0.500000,156,0.00206757,4397,0,3.625,0.00749493,
/os_cloud_node/points_decim_1,uniform 0.500000,157,0.00193787,4727,0,3.625,0.00702477,
/os_cloud_node/points_decim_1,uniform 0.500000,158,0.00189209,4489,0,3.625,0.00685883,
/os_cloud_node/points_decim_1,uniform 0.500000,159,0.00185394,4489,0,3.625,0.00672054,
/os_cloud_node/points_decim_1,uniform 0.500000,160,0.00171661,4502,0,3.625,0.00622272,
/os_cloud_node/points_decim_1,uniform 0.500000,161,0.00183868,4446,0,3.625,0.00666523,
/os_cloud_node/points_decim_1,uniform 0.500000,162,0.00190735,4658,0,3.625,0.00691414,
/os_cloud_node/points_decim_1,uniform 0.500000,163,0.00178528,4514,0,3.625,0.00647163,
/os_cloud_node/points_decim_1,uniform 0.500000,164,0.00183868,4588,0,3.625,0.00666523,
/os_cloud_node/points_decim_1,uniform 0.500000,165,0.00190735,4502,0,3.625,0.00691414,
/os_cloud_node/points_decim_1,uniform 0.500000,166,0.00190735,4521,0,3.625,0.00691414,
/os_cloud_node/points_decim_1,uniform 0.500000,167,0.00202179,4486,0,3.625,0.00732899,
/os_cloud_node/points_decim_1,uniform 0.500000,168,0.00209808,4628,0,3.625,0.00760555,
/os_cloud_node/points_decim_1,uniform 0.500000,169,0.00232697,4543,0,3.625,0.00843525,
/os_cloud_node/points_decim_1,uniform 0.500000,170,0.00231934,4531,0,3.625,0.00840759,
/os_cloud_node/points_decim_1,uniform 0.500000,171,0.00222778,4550,0,3.625,0.00807571,
/os_cloud_node/points_decim_1,uniform 0.500000,172,0.002388,4681,0,3.625,0.0086565,
/os_cloud_node/points_decim_1,uniform 0.500000,173,0.00217438,4506,0,3.625,0.00788212,
/os_cloud_node/points_decim_1,uniform 0.500000,174,0.00214386,4581,0,3.625,0.00777149,
/os_cloud_node/points_decim_1,uniform 0.500000,175,0.00198364,4667,0,3.625,0.0071907,
/os_cloud_node/points_decim_1,uniform 0.500000,176,0.00179291,4377,0,3.625,0.00649929,
/os_cloud_node/points_decim_1,uniform 0.500000,177,0.00193787,4494,0,3.625,0.00702477,
/os_cloud_node/points_decim_1,uniform 0.500000,178,0.00211334,4491,0,3.625,0.00766087,
/os_cloud_node/points_decim_1,uniform 0.500000,179,0.00192261,4442,0,3.625,0.00696945,
/os_cloud_node/points_decim_1,uniform 0.500000,180,0.00225067,4407,0,3.625,0.00815868,
/os_cloud_node/points_decim_1,uniform 0.500000,181,0.00184631,4457,0,3.625,0.00669289,
/os_cloud_node/points_decim_1,uniform 0.500000,182,0.0016098,4418,0,3.625,0.00583553,
/os_cloud_node/points_decim_1,uniform 0.500000,183,0.00154114,4483,0,3.625,0.00558662,
/os_cloud_node/points_decim_1,uniform 0.500000,184,0.00125885,4347,0,3.625,0.00456333,
/os_cloud_node/points_decim_1,uniform 0.500000,185,0.00115967,4335,0,3.625,0.0042038,
/os_cloud_node/points_decim_1,uniform 0.500000,186,0.000968933,4486,0,3.625,0.00351238,
/os_cloud_node/points_decim_1,uniform 0.500000,187,0.00105286,4685,0,3.625,0.0038166,
/os_cloud_node/points_decim_1,uniform 0.500000,188,0.00123596,4641,0,3.625,0.00448036,
/os_cloud_node/points_decim_1,uniform 0.500000,189,0.001297,4477,0,3.625,0.00470161,
/os_cloud_node/points_decim_1,uniform 0.500000,190,0.00154114,4903,0,3.625,0.00558662,
/os_cloud_node/points_decim_1,uniform 0.500000,191,0.00179291,4525,0,3.625,0.00649929,
/os_cloud_node/points_decim_1,uniform 0.500000,192,0.00190735,4625,0,3.625,0.00691414,
/os_cloud_node/points_decim_1,uniform 0.500000,193,0.00196075,4588,0,3.625,0.00710773,
/os_cloud_node/points_decim_1,uniform 0.500000,194,0.00213623,4499,0,3.625,0.00774384,
/os_cloud_node/points_decim_1,uniform 0.500000,195,0.00212097,4395,0,3.625,0.00768852,
/os_cloud_node/points_decim_1,uniform 0.500000,196,0.00260162,4581,0,3.625,0.00943089,
/os_cloud_node/points_decim_1,uniform 0.500000,197,0.00259399,4688,0,3.625,0.00940323,
/os_cloud_node/points_decim_1,uniform 0.500000,198,0.00297546,4518,0,3.625,0.0107861,
/os_cloud_node/points_decim_1,uniform 0.500000,199,0.00312805,4422,0,3.625,0.0113392,
/os_cloud_node/points_decim_1,uniform 0.500000,200,0.00214386,4473,0,3.625,0.00777149,
/os_cloud_node/points_decim_1,uniform 0.500000,201,0.00193787,4502,0,3.625,0.00702477,
/os_cloud_node/points_decim_1,uniform 0.500000,202,0.00162506,4467,0,3.625,0.00589085,
/os_cloud_node/points_decim_1,uniform 0.500000,203,0.00185394,4598,0,3.625,0.00672054,
/os_cloud_node/points_decim_1,uniform 0.500000,204,0.00177765,4545,0,3.625,0.00644398,
/os_cloud_node/points_decim_1,uniform 0.500000,205,0.00178528,4414,0,3.625,0.00647163,
/os_cloud_node/points_decim_1,uniform 0.500000,206,0.00173187,4384,0,3.625,0.00627804,
/os_cloud_node/points_decim_1,uniform 0.500000,207,0.00191498,4478,0,3.625,0.0069418,
/os_cloud_node/points_decim_1,uniform 0.500000,208,0.00169373,4346,0,3.625,0.00613976,
/os_cloud_node/points_decim_1,uniform 0.500000,209,0.00178528,4502,0,3.625,0.00647163,
/os_cloud_node/points_decim_1,uniform 0.500000,210,0.00171661,4523,0,3.625,0.00622272,
/os_cloud_node/points_decim_1,uniform 0.500000,211,0.00167084,4605,0,3.625,0.00605679,
/os_cloud_node/points_decim_1,uniform 0.500000,212,0.00209808,4609,0,3.625,0.00760555,
/os_cloud_node/points_decim_1,uniform 0.500000,213,0.00251007,4615,0,3.625,0.00909901,
/os_cloud_node/points_decim_1,uniform 0.500000,214,0.00256348,4807,0,3.625,0.0092926,
/os_cloud_node/points_decim_1,uniform 0.500000,215,0.0027771,4549,0,3.625,0.010067,
/os_cloud_node/points_decim_1,uniform 0.500000,216,0.00300598,4616,0,3.625,0.0108967,
/os_cloud_node/points_decim_1,uniform 0.500000,217,0.00315857,4609,0,3.625,0.0114498,
/os_cloud_node/points_decim_1,uniform 0.500000,218,0.00258636,4777,0,3.625,0.00937557,
/os_cloud_node/points_decim_1,uniform 0.500000,219,0.00225067,4532,0,3.625,0.00815868,
/os_cloud_node/points_decim_1,uniform 0.500000,220,0.00222015,4609,0,3.625,0.00804806,
/os_cloud_node/points_decim_1,uniform 0.500000,221,0.00293732,4680,0,3.625,0.0106478,
/os_cloud_node/points_decim_1,uniform 0.500000,222,0.00522614,4775,0,3.625,0.0189447,
/os_cloud_node/points_decim_1,uniform 0.500000,223,0.00701904,4831,0,3.625,0.025444,
/os_cloud_node/points_decim_1,uniform 0.500000,224,0.00723267,4608,0,3.625,0.0262184,
/os_cloud_node/points_decim_1,uniform 0.500000,225,0.00776672,4760,0,3.625,0.0281544,
/os_cloud_node/points_decim_1,uniform 0.500000,226,0.0079422,4682,0,3.625,0.0287905,
/os_cloud_node/points_decim_1,uniform 0.500000,227,0.00754547,4644,0,3.625,0.0273523,
/os_cloud_node/points_decim_1,uniform 0.500000,228,0.00749969,4812,0,3.625,0.0271864,
/os_cloud_node/points_decim_1,uniform 0.500000,229,0.00785065,4613,0,3.625,0.0284586,
/os_cloud_node/points_decim_1,uniform 0.500000,230,0.00790405,4744,0,3.625,0.0286522,
/os_cloud_node/points_decim_1,uniform 0.500000,231,0.00815582,4708,0,3.625,0.0295649,
/os_cloud_node/points_decim_1,uniform 0.500000,232,0.00870514,4582,0,3.625,0.0315561,
/os_cloud_node/points_decim_1,uniform 0.500000,233,0.00897217,4614,0,3.625,0.0325241,
/os_cloud_node/points_decim_1,uniform 0.500000,234,0.00960541,4560,0,3.625,0.0348196,
/os_cloud_node/points_decim_1,uniform 0.500000,235,0.00956726,4564,0,3.625,0.0346813,
/os_cloud_node/points_decim_1,uniform 0.500000,236,0.00992584,4625,0,3.625,0.0359812,
/os_cloud_node/points_decim_1,uniform 0.500000,237,0.01091,4703,0,3.625,0.0395489,
/os_cloud_node/points_decim_1,random 0.100000,0,0.0999985,1819,0,3.625,0.362494,
/os_cloud_node/points_decim_1,random 0.100000,1,0.0999985,1734,0,3.625,0.362494,
/os_cloud_node/points_decim_1,random 0.100000,2,0.0999985,1794,0,3.625,0.362494,
/os_cloud_node/points_decim_1,random 0.100000,3,0.0999985,1746,0,3.625,0.362494,
/os_cloud_node/points_decim_1,random 0.100000,4,0.0999985,1815,0,3.625,0.362494,
/os_cloud_node/points_decim_1,random 0.100000,5,0.0999985,1831,0,3.625,0.362494,
/os_cloud_node/points_decim_1,random 0.100000,6,0.0999985,1747,0,3.625,0.362494,
/os_cloud_node/points_decim_1,random 0.100000,7,0.0999985,1828,0,3.625,0.362494,
/os_cloud_node/points_decim_1,random 0.100000,8,0.0999985,1792,0,3.625,0.362494,
/os_cloud_node/points_decim_1,random 0.100000,9,0.0999985,1750,0,3.625,0.362494,
/os_cloud_node/points_decim_1,random 0.100000,10,0.0999985,1774,0,3.625,0.362494,
/os_cloud_node/points_decim_1,random 0.100000,11,0.0999985,1818,0,3.625,0.362494,
/os_cloud_node/points_decim_1,random 0.100000,12,0.0999985,1786,0,3.625,0.362494,
/os_cloud_node/points_decim_1,random 0.100000,13,0.0999985,1751,0,3.625,0.362494,
/os_cloud_node/points_decim_1,random 0.100000,14,0.0999985,1865,0,3.625,0.362494,
/os_cloud_node/points_decim_1,random 0.100000,15,0.0999985,1778,0,3.625,0.362494,
/os_cloud_node/points_decim_1,random 0.100000,16,0.0999985,1762,0,3.625,0.362494,
/os_cloud_node/points_decim_1,random 0.100000,17,0.0999985,1844,0,3.625,0.362494,
/os_cloud_node/points_decim_1,random 0.100000,18,0.0999985,1807,0,3.625,0.362494,
/os_cloud_node/points_decim_1,random 0.100000,19,0.0999985,1790,0,3.625,0.362494,
/os_cloud_node/points_decim_1,random 0.100000,20,0.0999985,1751,0,3.625,0.362494,
/os_cloud_node/points_decim_1,random 0.100000,21,0.0999985,1833,0,3.625,0.362494,
/os_cloud_node/points_decim_1,random 0.100000,22,0.0999985,1787,0,3.625,0.362494,
/os_cloud_node/points_decim_1,random 0.100000,23,0.0999985,1810,0,3.625,0.362494,
/os_cloud_node/points_decim_1,random 0.100000,24,0.0999985,1739,0,3.625,0.362494,
/os_cloud_node/points_decim_1,random 0.100000,25,0.0999985,1733,0,3.625,0.362494,
/os_cloud_node/points_decim_1,random 0.100000,26,0.0999985,1777,0,3.625,0.362494,
/os_cloud_node/points_decim_1,random 0.100000,27,0.0999985,1795,0,3.625,0.362494,
/os_cloud_node/points_decim_1,random 0.100000,28,0.0999985,1777,0,3.625,0.362494,
/os_cloud_node/points_decim_1,random 0.100000,29,0.0999985,1746,0,3.625,0.362494,
/os_cloud_node/points_decim_1,random 0.100000,30,0.0999985,1732,0,3.625,0.362494,
/os_cloud_node/points_decim_1,random 0.100000,31,0.0999985,1780,0,3.625,0.362494,
/os_cloud_node/points_decim_1,random 0.100000,32,0.0999985,1774,0,3.625,0.362494,
/os_cloud_node/points_decim_1,random 0.100000,33,0.0999985,1817,0,3.625,0.362494,
/os_cloud_node/points_decim_1,random 0.100000,34,0.0999985,1803,0,3.625,0.362494,
/os_cloud_node/points_decim_1,random 0.100000,35,0.0999985,1774,0,3.625,0.362494,
/os_cloud_node/points_decim_1,random 0.100000,36,0.0999985,1805,0,3.625,0.362494,
/os_cloud_node/points_decim_1,random 0.100000,37,0.0999985,1766,0,3.625,0.362494,
/os_cloud_node/points_decim_1,random 0.100000,38,0.0999985,1742,0,3.625,0.362494,
/os_cloud_node/points_decim_1,random 0.100000,39,0.0999985,1805,0,3.625,0.362494,
/os_cloud_node/points_decim_1,random 0.100000,40,0.0999985,1774,0,3.625,0.362494,
/os_cloud_node/points_decim_1,random 0.100000,41,0.0999985,1745,0,3.625,0.362494,
/os_cloud_node/points_decim_1,random 0.100000,42,0.0999985,1788,0,3.625,0.362494,
/os_cloud_node/points_decim_1,random 0.100000,43,0.0999985,1832,0,3.625,0.362494,
/os_cloud_node/points_decim_1,random 0.100000,44,0.0999985,1812,0,3.625,0.362494,
/os_cloud_node/points_decim_1,random 0.100000,45,0.0999985,1865,0,3.625,0.362494,
/os_cloud_node/points_decim_1,random 0.100000,46,0.0999985,1807,0,3.625,0.362494,
/os_cloud_node/points_decim_1,random 0.100000,47,0.0999985,1774,0,3.625,0.362494,
/os_cloud_node/points_decim_1,random 0.100000,48,0.0999985,1733,0,3.625,0.362494,
/os_cloud_node/points_decim_1,random 0.100000,49,0.0999985,1779,0,3.625,0.362494,
/os_cloud_node/points_decim_1,random 0.100000,50,0.0999985,1793,0,3.625,0.362494,
/os_cloud_node/points_decim_1,random 0.100000,51,0.0999985,1787,0,3.625,0.362494,
/os_cloud_node/points_decim_1,random 0.100000,52,0.0999985,1779,0,3.625,0.362494,
/os_cloud_node/points_decim_1,random 0.100000,53,0.0999985,1748,0,3.625,0.362494,
/os_cloud_node/points_decim_1,random 0.100000,54,0.0999985,1781,0,3.625,0.362494,
/os_cloud_node/points_decim_1,random 0.100000,55,0.0999985,1784,0,3.625,0.362494,
/os_cloud_node/points_decim_1,random 0.100000,56,0.0999985,1746,0,3.625,0.362494,
/os_cloud_node/points_decim_1,random 0.100000,57,0.0999985,1741,0,3.625,0.362494,
/os_cloud_node/points_decim_1,random 0.100000,58,0.0999985,1745,0,3.625,0.362494,
/os_cloud_node/points_decim_1,random 0.100000,59,0.0999985,1792,0,3.625,0.362494,
/os_cloud_node/points_decim_1,random 0.100000,60,0.0999985,1738,0,3.625,0.362494,
/os_cloud_node/points_decim_1,random 0.100000,61,0.0999985,1804,0,3.625,0.362494,
/os_cloud_node/points_decim_1,random 0.100000,62,0.0999985,1753,0,3.625,0.362494,
/os_cloud_node/points_decim_1,random 0.100000,63,0.0999985,1785,0,3.625,0.362494,
/os_cloud_node/points_decim_1,random 0.100000,64,0.0999985,1849,0,3.625,0.362494,
/os_cloud_node/points_decim_1,random 0.100000,65,0.0999985,1807,0,3.625,0.362494,
/os_cloud_node/points_decim_1,random 0.100000,66,0.0999985,1827,0,3.625,0.362494,
/os_cloud_node/points_decim_1,random 0.100000,67,0.0999985,1797,0,3.625,0.362494,
/os_cloud_node/points_decim_1,random 0.100000,68,0.0999985,1827,0,3.625,0.362494,
/os_cloud_node/points_decim_1,random 0.100000,69,0.0999985,1768,0,3.625,0.362494,
/os_cloud_node/points_decim_1,random 0.100000,70,0.0999985,1778,0,3.625,0.362494,
/os_cloud_node/points_decim_1,random 0.100000,71,0.0999985,1813,0,3.625,0.362494,
/os_cloud_node/points_decim_1,random 0.100000,72,0.0999985,1790,0,3.625,0.362494,
/os_cloud_node/points_decim_1,random 0.100000,73,0.0999985,1736,0,3.625,0.362494,
/os_cloud_node/points_decim_1,random 0.100000,74,0.0999985,1778,0,3.625,0.362494,
/os_cloud_node/points_decim_1,random 0.100000,75,0.0999985,1789,0,3.625,0.362494,
/os_cloud_node/points_decim_1,random 0.100000,76,0.0999985,1814,0,3.625,0.362494,
/os_cloud_node/points_decim_1,random 0.100000,77,0.0999985,1807,0,3.625,0.362494,
/os_cloud_node/points_decim_1,random 0.100000,78,0.0999985,1782,0,3.625,0.362494,
/os_cloud_node/points_decim_1,random 0.100000,79,0.0999985,1779,0,3.625,0.362494,
/os_cloud_node/points_decim_1,random 0.100000,80,0.0999985,1775,0,3.625,0.362494,
/os_cloud_node/points_decim_1,random 0.100000,81,0.0999985,1775,0,3.625,0.362494,
/os_cloud_node/points_decim_1,random 0.100000,82,0.0999985,1736,0,3.625,0.362494,
/os_cloud_node/points_decim_1,random 0.100000,83,0.0999985,1735,0,3.625,0.362494,
/os_cloud_node/points_decim_1,random 0.100000,84,0.0999985,1738,0,3.625,0.362494,
/os_cloud_node/points_decim_1,random 0.100000,85,0.0999985,1748,0,3.625,0.362494,
/os_cloud_node/points_decim_1,random 0.100000,86,0.0999985,1782,0,3.625,0.362494,
/os_cloud_node/points_decim_1,random 0.100000,87,0.0999985,1771,0,3.625,0.362494,
/os_cloud_node/points_decim_1,random 0.100000,88,0.0999985,1785,0,3.625,0.362494,
/os_cloud_node/points_decim_1,random 0.100000,89,0.0999985,1887,0,3.625,0.362494,
/os_cloud_node/points_decim_1,random 0.100000,90,0.0999985,1738,0,3.625,0.362494,
/os_cloud_node/points_decim_1,random 0.100000,91,0.0999985,1733,0,3.625,0.362494,
/os_cloud_node/points_decim_1,random 0.100000,92,0.0999985,1738,0,3.625,0.362494,
/os_cloud_node/points_decim_1,random 0.100000,93,0.0999985,1739,0,3.625,0.362494,
/os_cloud_node/points_decim_1,random 0.100000,94,0.0999985,1840,0,3.625,0.362494,
/os_cloud_node/points_decim_1,random 0.100000,95,0.0999985,1745,0,3.625,0.362494,
/os_cloud_node/points_decim_1,random 0.100000,96,0.0999985,1746,0,3.625,0.362494,
/os_cloud_node/points_decim_1,random 0.100000,97,0.0999985,1782,0,3.625,0.362494,
/os_cloud_node/points_decim_1,random 0.100000,98,0.0999985,1787,0,3.625,0.362494,
/os_cloud_node/points_decim_1,random 0.100000,99,0.0999985,1819,0,3.625,0.362494,
/os_cloud_node/points_decim_1,random 0.100000,100,0.0999985,1790,0,3.625,0.362494,
/os_cloud_node/points_decim_1,random 0.100000,101,0.0999985,1797,0,3.625,0.362494,
/os_cloud_node/points_decim_1,random 0.100000,102,0.0999985,1805,0,3.625,0.362494,
/os_cloud_node/points_decim_1,random 0.100000,103,0.0999985,1748,0,3.625,0.362494,
/os_cloud_node/points_decim_1,random 0.100000,104,0.0999985,1816,0,3.625,0.362494,
/os_cloud_node/points_decim_1,random 0.100000,105,0.0999985,1784,0,3.625,0.362494,
/os_cloud_node/points_decim_1,random 0.100000,106,0.0999985,1784,0,3.625,0.362494,
/os_cloud_node/points_decim_1,random 0.100000,107,0.0999985,1745,0,3.625,0.362494,
/os_cloud_node/points_decim_1,random 0.100000,108,0.0999985,1826,0,3.625,0.362494,
/os_cloud_node/points_decim_1,random 0.100000,109,0.0999985,1783,0,3.625,0.362494,
/os_cloud_node/points_decim_1,random 0.100000,110,0.0999985,1805,0,3.625,0.362494,
/os_cloud_node/points_decim_1,random 0.100000,111,0.0999985,1814,0,3.625,0.362494,
/os_cloud_node/points_decim_1,random 0.100000,112,0.0999985,1821,0,3.625,0.362494,
/os_cloud_node/points_decim_1,random 0.100000,113,0.0999985,1769,0,3.625,0.362494,
/os_cloud_node/points_decim_1,random 0.100000,114,0.0999985,1843,0,3.625,0.362494,
/os_cloud_node/points_decim_1,random 0.100000,115,0.0999985,1732,0,3.625,0.362494,
/os_cloud_node/points_decim_1,random 0.100000,116,0.0999985,1817,0,3.625,0.362494,
/os_cloud_node/points_decim_1,random 0.100000,117,0.0999985,1791,0,3.625,0.362494,
/os_cloud_node/points_decim_1,random 0.100000,118,0.0999985,1788,0,3.625,0.362494,
/os_cloud_node/points_decim_1,random 0.100000,119,0.0999985,1773,0,3.625,0.362494,
/os_cloud_node/points_decim_1,random 0.100000,120,0.0999985,1780,0,3.625,0.362494,
/os_cloud_node/points_decim_1,random 0.100000,121,0.0999985,1784,0,3.625,0.362494,
/os_cloud_node/points_decim_1,random 0.100000,122,0.0999985,1767,0,3.625,0.362494,
/os_cloud_node/points_decim_1,random 0.100000,123,0.0999985,1736,0,3.625,0.362494,
/os_cloud_node/points_decim_1,random 0.100000,124,0.0999985,1772,0,3.625,0.362494,
/os_cloud_node/points_decim_1,random 0.100000,125,0.0999985,1767,0,3.625,0.362494,
/os_cloud_node/points_decim_1,random 0.100000,126,0.0999985,1774,0,3.625,0.362494,
/os_cloud_node/points_decim_1,random 0.100000,127,0.0999985,1748,0,3.625,0.362494,
/os_cloud_node/points_decim_1,random 0.100000,128,0.0999985,1856,0,3.625,0.362494,
/os_cloud_node/points_decim_1,random 0.100000,129,0.0999985,1729,0,3.625,0.362494,
/os_cloud_node/points_decim_1,random 0.100000,130,0.0999985,1734,0,3.625,0.362494,
/os_cloud_node/points_decim_1,random 0.100000,131,0.0999985,1778,0,3.625,0.362494,
/os_cloud_node/points_decim_1,random 0.100000,132,0.0999985,1745,0,3.625,0.362494,
/os_cloud_node/points_decim_1,random 0.100000,133,0.0999985,1779,0,3.625,0.362494,
/os_cloud_node/points_decim_1,random 0.100000,134,0.0999985,1773,0,3.625,0.362494,
/os_cloud_node/points_decim_1,random 0.100000,135,0.0999985,1757,0,3.625,0.362494,
/os_cloud_node/points_decim_1,random 0.100000,136,0.0999985,1781,0,3.625,0.362494,
/os_cloud_node/points_decim_1,random 0.100000,137,0.0999985,1765,0,3.625,0.362494,
/os_cloud_node/points_decim_1,random 0.100000,138,0.0999985,1784,0,3.625,0.362494,
/os_cloud_node/points_decim_1,random 0.100000,139,0.0999985,1772,0,3.625,0.362494,
/os_cloud_node/points_decim_1,random 0.100000,140,0.0999985,1838,0,3.625,0.362494,
/os_cloud_node/points_decim_1,random 0.100000,141,0.0999985,1737,0,3.625,0.362494,
/os_cloud_node/points_decim_1,random 0.100000,142,0.0999985,1773,0,3.625,0.362494,
/os_cloud_node/points_decim_1,random 0.100000,143,0.0999985,1789,0,3.625,0.362494,
/os_cloud_node/points_decim_1,random 0.100000,144,0.0999985,1739,0,3.625,0.362494,
/os_cloud_node/points_decim_1,random 0.100000,145,0.0999985,1773,0,3.625,0.362494,
/os_cloud_node/points_decim_1,random 0.100000,146,0.0999985,1770,0,3.625,0.362494,
/os_cloud_node/points_decim_1,random 0.100000,147,0.0999985,1838,0,3.625,0.362494,
/os_cloud_node/points_decim_1,random 0.100000,148,0.0999985,1736,0,3.625,0.362494,
/os_cloud_node/points_decim_1,random 0.100000,149,0.0999985,1771,0,3.625,0.362494,
/os_cloud_node/points_decim_1,random 0.100000,150,0.0999985,1854,0,3.625,0.362494,
/os_cloud_node/points_decim_1,random 0.100000,151,0.0999985,1732,0,3.625,0.362494,
/os_cloud_node/points_decim_1,random 0.100000,152,0.0999985,1817,0,3.625,0.362494,
/os_cloud_node/points_decim_1,random 0.100000,153,0.0999985,1754,0,3.625,0.362494,
/os_cloud_node/points_decim_1,random 0.100000,154,0.0999985,1751,0,3.625,0.362494,
/os_cloud_node/points_decim_1,random 0.100000,155,0.0999985,1778,0,3.625,0.362494,
/os_cloud_node/points_decim_1,random 0.100000,156,0.0999985,1795,0,3.625,0.362494,
/os_cloud_node/points_decim_1,random 0.100000,157,0.0999985,1777,0,3.625,0.362494,
/os_cloud_node/points_decim_1,random 0.100000,158,0.0999985,1730,0,3.625,0.362494,
/os_cloud_node/points_decim_1,random 0.100000,159,0.0999985,1785,0,3.625,0.362494,
/os_cloud_node/points_decim_1,random 0.100000,160,0.0999985,1788,0,3.625,0.362494,
/os_cloud_node/points_decim_1,random 0.100000,161,0.0999985,1776,0,3.625,0.362494,
/os_cloud_node/points_decim_1,random 0.100000,162,0.0999985,1796,0,3.625,0.362494,
/os_cloud_node/points_decim_1,random 0.100000,163,0.0999985,1785,0,3.625,0.362494,
/os_cloud_node/points_decim_1,random 0.100000,164,0.0999985,1767,0,3.625,0.362494,
/os_cloud_node/points_decim_1,random 0.100000,165,0.0999985,1805,0,3.625,0.362494,
/os_cloud_node/points_decim_1,random 0.100000,166,0.0999985,1738,0,3.625,0.362494,
/os_cloud_node/points_decim_1,random 0.100000,167,0.0999985,1750,0,3.625,0.362494,
/os_cloud_node/points_decim_1,random 0.100000,168,0.0999985,1824,0,3.625,0.362494,
/os_cloud_node/points_decim_1,random 0.100000,169,0.0999985,1798,0,3.625,0.362494,
/os_cloud_node/points_decim_1,random 0.100000,170,0.0999985,1742,0,3.625,0.362494,
/os_cloud_node/points_decim_1,random 0.100000,171,0.0999985,1774,0,3.625,0.362494,
/os_cloud_node/points_decim_1,random 0.100000,172,0.0999985,1779,0,3.625,0.362494,
/os_cloud_node/points_decim_1,random 0.100000,173,0.0999985,1813,0,3.625,0.362494,
/os_cloud_node/points_decim_1,random 0.100000,174,0.0999985,1773,0,3.625,0.362494,
/os_cloud_node/points_decim_1,random 0.100000,175,0.0999985,1761,0,3.625,0.362494,
/os_cloud_node/points_decim_1,random 0.100000,176,0.0999985,1747,0,3.625,0.362494,
/os_cloud_node/points_decim_1,random 0.100000,177,0.0999985,1742,0,3.625,0.362494,
/os_cloud_node/points_decim_1,random 0.100000,178,0.0999985,1753,0,3.625,0.362494,
/os_cloud_node/points_decim_1,random 0.100000,179,0.0999985,1784,0,3.625,0.362494,
/os_cloud_node/points_decim_1,random 0.100000,180,0.0999985,1819,0,3.625,0.362494,
/os_cloud_node/points_decim_1,random 0.100000,181,0.0999985,1812,0,3.625,0.362494,
/os_cloud_node/points_decim_1,random 0.100000,182,0.0999985,1773,0,3.625,0.362494,
/os_cloud_node/points_decim_1,random 0.100000,183,0.0999985,1801,0,3.625,0.362494,
/os_cloud_node/points_decim_1,random 0.100000,184,0.0999985,1748,0,3.625,0.362494,
/os_cloud_node/points_decim_1,random 0.100000,185,0.0999985,1792,0,3.625,0.362494,
/os_cloud_node/points_decim_1,random 0.100000,186,0.0999985,1774,0,3.625,0.362494,
/os_cloud_node/points_decim_1,random 0.100000,187,0.0999985,1807,0,3.625,0.362494,
/os_cloud_node/points_decim_1,random 0.100000,188,0.0999985,1821,0,3.625,0.362494,
/os_cloud_node/points_decim_1,random 0.100000,189,0.0999985,1749,0,3.625,0.362494,
/os_cloud_node/points_decim_1,random 0.100000,190,0.0999985,1792,0,3.625,0.362494,
/os_cloud_node/points_decim_1,random 0.100000,191,0.0999985,1777,0,3.625,0.362494,
/os_cloud_node/points_decim_1,random 0.100000,192,0.0999985,1772,0,3.625,0.362494,
/os_cloud_node/points_decim_1,random 0.100000,193,0.0999985,1777,0,3.625,0.362494,
/os_cloud_node/points_decim_1,random 0.100000,194,0.0999985,1833,0,3.625,0.362494,
/os_cloud_node/points_decim_1,random 0.100000,195,0.0999985,1744,0,3.625,0.362494,
/os_cloud_node/points_decim_1,random 0.100000,196,0.0999985,1778,0,3.625,0.362494,
/os_cloud_node/points_decim_1,random 0.100000,197,0.0999985,1824,0,3.625,0.362494,
/os_cloud_node/points_decim_1,random 0.100000,198,0.0999985,1896,0,3.625,0.362494,
/os_cloud_node/points_decim_1,random 0.100000,199,0.0999985,1770,0,3.625,0.362494,
/os_cloud_node/points_decim_1,random 0.100000,200,0.0999985,1796,0,3.625,0.362494,
/os_cloud_node/points_decim_1,random 0.100000,201,0.0999985,1787,0,3.625,0.362494,
/os_cloud_node/points_decim_1,random 0.100000,202,0.0999985,1734,0,3.625,0.362494,
/os_cloud_node/points_decim_1,random 0.100000,203,0.0999985,1776,0,3.625,0.362494,
/os_cloud_node/points_decim_1,random 0.100000,204,0.0999985,1732,0,3.625,0.362494,
/os_cloud_node/points_decim_1,random 0.100000,205,0.0999985,1762,0,3.625,0.362494,
/os_cloud_node/points_decim_1,random 0.100000,206,0.0999985,1771,0,3.625,0.362494,
/os_cloud_node/points_decim_1,random 0.100000,207,0.0999985,1857,0,3.625,0.362494,
/os_cloud_node/points_decim_1,random 0.100000,208,0.0999985,1796,0,3.625,0.362494,
/os_cloud_node/points_decim_1,random 0.100000,209,0.0999985,1754,0,3.625,0.362494,
/os_cloud_node/points_decim_1,random 0.100000,210,0.0999985,1733,0,3.625,0.362494,
/os_cloud_node/points_decim_1,random 0.100000,211,0.0999985,1759,0,3.625,0.362494,
/os_cloud_node/points_decim_1,random 0.100000,212,0.0999985,1776,0,3.625,0.362494,
/os_cloud_node/points_decim_1,random 0.100000,213,0.0999985,1769,0,3.625,0.362494,
/os_cloud_node/points_decim_1,random 0.100000,214,0.0999985,1747,0,3.625,0.362494,
/os_cloud_node/points_decim_1,random 0.100000,215,0.0999985,1791,0,3.625,0.362494,
/os_cloud_node/points_decim_1,random 0.100000,216,0.0999985,1737,0,3.625,0.362494,
/os_cloud_node/points_decim_1,random 0.100000,217,0.0999985,1787,0,3.625,0.362494,
/os_cloud_node/points_decim_1,random 0.100000,218,0.0999985,1789,0,3.625,0.362494,
/os_cloud_node/points_decim_1,random 0.100000,219,0.0999985,1777,0,3.625,0.362494,
/os_cloud_node/points_decim_1,random 0.100000,220,0.0999985,1878,0,3.625,0.362494,
/os_cloud_node/points_decim_1,random 0.100000,221,0.0999985,1754,0,3.625,0.362494,
/os_cloud_node/points_decim_1,random 0.100000,222,0.0999985,1775,0,3.625,0.362494,
/os_cloud_node/points_decim_1,random 0.100000,223,0.0999985,1829,0,3.625,0.362494,
/os_cloud_node/points_decim_1,random 0.100000,224,0.0999985,1776,0,3.625,0.362494,
/os_cloud_node/points_decim_1,random 0.100000,225,0.0999985,1734,0,3.625,0.362494,
/os_cloud_node/points_decim_1,random 0.100000,226,0.0999985,1799,0,3.625,0.362494,
/os_cloud_node/points_decim_1,random 0.100000,227,0.0999985,1810,0,3.625,0.362494,
/os_cloud_node/points_decim_1,random 0.100000,228,0.0999985,1812,0,3.625,0.362494,
/os_cloud_node/points_decim_1,random 0.100000,229,0.0999985,1762,0,3.625,0.362494,
/os_cloud_node/points_decim_1,random 0.100000,230,0.0999985,1814,0,3.625,0.362494,
/os_cloud_node/points_decim_1,random 0.100000,231,0.0999985,1772,0,3.625,0.362494,
/os_cloud_node/points_decim_1,random 0.100000,232,0.0999985,1739,0,3.625,0.362494,
/os_cloud_node/points_decim_1,random 0.100000,233,0.0999985,1844,0,3.625,0.362494,
/os_cloud_node/points_decim_1,random 0.100000,234,0.0999985,1731,0,3.625,0.362494,
/os_cloud_node/points_decim_1,random 0.100000,235,0.0999985,1737,0,3.625,0.362494,
/os_cloud_node/points_decim_1,random 0.100000,236,0.0999985,1774,0,3.625,0.362494,
/os_cloud_node/points_decim_1,random 0.100000,237,0.0999985,1754,0,3.625,0.362494,
/os_cloud_node/points_decim_1,random 0.200000,0,0.199997,1960,0,3.625,0.724989,
/os_cloud_node/points_decim_1,random 0.200000,1,0.199997,2024,0,3.625,0.724989,
/os_cloud_node/points_decim_1,random 0.200000,2,0.199997,1861,0,3.625,0.724989,
/os_cloud_node/points_decim_1,random 0.200000,3,0.199997,1974,0,3.625,0.724989,
/os_cloud_node/points_decim_1,random 0.200000,4,0.199997,1954,0,3.625,0.724989,
/os_cloud_node/points_decim_1,random 0.200000,5,0.199997,1923,0,3.625,0.724989,
/os_cloud_node/points_decim_1,random 0.200000,6,0.199997,1925,0,3.625,0.724989,
/os_cloud_node/points_decim_1,random 0.200000,7,0.199997,2027,0,3.625,0.724989,
/os_cloud_node/points_decim_1,random 0.200000,8,0.199997,1888,0,3.625,0.724989,
/os_cloud_node/points_decim_1,random 0.200000,9,0.199997,1954,0,3.625,0.724989,
/os_cloud_node/points_decim_1,random 0.200000,10,0.199997,1940,0,3.625,0.724989,
/os_cloud_node/points_decim_1,random 0.200000,11,0.199997,1954,0,3.625,0.724989,
/os_cloud_node/points_decim_1,random 0.200000,12,0.199997,1932,0,3.625,0.724989,
/os_cloud_node/points_decim_1,random 0.200000,13,0.199997,1980,0,3.625,0.724989,
/os_cloud_node/points_decim_1,random 0.200000,14,0.199997,1952,0,3.625,0.724989,
/os_cloud_node/points_decim_1,random 0.200000,15,0.199997,1909,0,3.625,0.724989,
/os_cloud_node/points_decim_1,random 0.200000,16,0.199997,1906,0,3.625,0.724989,
/os_cloud_node/points_decim_1,random 0.200000,17,0.199997,1920,0,3.625,0.724989,
/os_cloud_node/points_decim_1,random 0.200000,18,0.199997,1952,0,3.625,0.724989,
/os_cloud_node/points_decim_1,random 0.200000,19,0.199997,1939,0,3.625,0.724989,
/os_cloud_node/points_decim_1,random 0.200000,20,0.199997,1907,0,3.625,0.724989,
/os_cloud_node/points_decim_1,random 0.200000,21,0.199997,1964,0,3.625,0.724989,
/os_cloud_node/points_decim_1,random 0.200000,22,0.199997,1971,0,3.625,0.724989,
/os_cloud_node/points_decim_1,random 0.200000,23,0.199997,1909,0,3.625,0.724989,
/os_cloud_node/points_decim_1,random 0.200000,24,0.199997,1869,0,3.625,0.724989,
/os_cloud_node/points_decim_1,random 0.200000,25,0.199997,1938,0,3.625,0.724989,
/os_cloud_node/points_decim_1,random 0.200000,26,0.199997,1909,0,3.625,0.724989,
/os_cloud_node/points_decim_1,random 0.200000,27,0.199997,1911,0,3.625,0.724989,
/os_cloud_node/points_decim_1,random 0.200000,28,0.199997,1906,0,3.625,0.724989,
/os_cloud_node/points_decim_1,random 0.200000,29,0.199997,1928,0,3.625,0.724989,
/os_cloud_node/points_decim_1,random 0.200000,30,0.199997,1868,0,3.625,0.724989,
/os_cloud_node/points_decim_1,random 0.200000,31,0.199997,1916,0,3.625,0.724989,
/os_cloud_node/points_decim_1,random 0.200000,32,0.199997,1893,0,3.625,0.724989,
/os_cloud_node/points_decim_1,random 0.200000,33,0.199997,1957,0,3.625,0.724989,
/os_cloud_node/points_decim_1,random 0.200000,34,0.199997,1908,0,3.625,0.724989,
/os_cloud_node/points_decim_1,random 0.200000,35,0.199997,1907,0,3.625,0.724989,
/os_cloud_node/points_decim_1,random 0.200000,36,0.199997,1865,0,3.625,0.724989,
/os_cloud_node/points_decim_1,random 0.200000,37,0.199997,1925,0,3.625,0.724989,
/os_cloud_node/points_decim_1,random 0.200000,38,0.199997,1931,0,3.625,0.724989,
/os_cloud_node/points_decim_1,random 0.200000,39,0.199997,1978,0,3.625,0.724989,
/os_cloud_node/points_decim_1,random 0.200000,40,0.199997,1916,0,3.625,0.724989,
/os_cloud_node/points_decim_1,random 0.200000,41,0.199997,1893,0,3.625,0.724989,
/os_cloud_node/points_decim_1,random 0.200000,42,0.199997,1941,0,3.625,0.724989,
/os_cloud_node/points_decim_1,random 0.200000,43,0.199997,1937,0,3.625,0.724989,
/os_cloud_node/points_decim_1,random 0.200000,44,0.199997,1889,0,3.625,0.724989,
/os_cloud_node/points_decim_1,random 0.200000,45,0.199997,2008,0,3.625,0.724989,
/os_cloud_node/points_decim_1,random 0.200000,46,0.199997,1903,0,3.625,0.724989,
/os_cloud_node/points_decim_1,random 0.200000,47,0.199997,1919,0,3.625,0.724989,
/os_cloud_node/points_decim_1,random 0.200000,48,0.199997,1874,0,3.625,0.724989,
/os_cloud_node/points_decim_1,random 0.200000,49,0.199997,1930,0,3.625,0.724989,
/os_cloud_node/points_decim_1,random 0.200000,50,0.199997,1938,0,3.625,0.724989,
/os_cloud_node/points_decim_1,random 0.200000,51,0.199997,1933,0,3.625,0.724989,
/os_cloud_node/points_decim_1,random 0.200000,52,0.199997,2030,0,3.625,0.724989,
/os_cloud_node/points_decim_1,random 0.200000,53,0.199997,1892,0,3.625,0.724989,
/os_cloud_node/points_decim_1,random 0.200000,54,0.199997,1919,0,3.625,0.724989,
/os_cloud_node/points_decim_1,random 0.200000,55,0.199997,1931,0,3.625,0.724989,
/os_cloud_node/points_decim_1,random 0.200000,56,0.199997,1887,0,3.625,0.724989,
/os_cloud_node/points_decim_1,random 0.200000,57,0.199997,1934,0,3.625,0.724989,
/os_cloud_node/points_decim_1,random 0.200000,58,0.199997,1893,0,3.625,0.724989,
/os_cloud_node/points_decim_1,random 0.200000,59,0.199997,1868,0,3.625,0.724989,
/os_cloud_node/points_decim_1,random 0.200000,60,0.199997,1870,0,3.625,0.724989,
/os_cloud_node/points_decim_1,random 0.200000,61,0.199997,1930,0,3.625,0.724989,
/os_cloud_node/points_decim_1,random 0.200000,62,0.199997,1921,0,3.625,0.724989,
/os_cloud_node/points_decim_1,random 0.200000,63,0.199997,1935,0,3.625,0.724989,
/os_cloud_node/points_decim_1,random 0.200000,64,0.199997,1916,0,3.625,0.724989,
/os_cloud_node/points_decim_1,random 0.200000,65,0.199997,1921,0,3.625,0.724989,
/os_cloud_node/points_decim_1,random 0.200000,66,0.199997,1975,0,3.625,0.724989,
/os_cloud_node/points_decim_1,random 0.200000,67,0.199997,1926,0,3.625,0.724989,
/os_cloud_node/points_decim_1,random 0.200000,68,0.199997,1892,0,3.625,0.724989,
/os_cloud_node/points_decim_1,random 0.200000,69,0.199997,1892,0,3.625,0.724989,
/os_cloud_node/points_decim_1,random 0.200000,70,0.199997,1924,0,3.625,0.724989,
/os_cloud_node/points_decim_1,random 0.200000,71,0.199997,1954,0,3.625,0.724989,
/os_cloud_node/points_decim_1,random 0.200000,72,0.199997,1934,0,3.625,0.724989,
/os_cloud_node/points_decim_1,random 0.200000,73,0.199997,1868,0,3.625,0.724989,
/os_cloud_node/points_decim_1,random 0.200000,74,0.199997,1894,0,3.625,0.724989,
/os_cloud_node/points_decim_1,random 0.200000,75,0.199997,1886,0,3.625,0.724989,
/os_cloud_node/points_decim_1,random 0.200000,76,0.199997,1992,0,3.625,0.724989,
/os_cloud_node/points_decim_1,random 0.200000,77,0.199997,1933,0,3.625,0.724989,
/os_cloud_node/points_decim_1,random 0.200000,78,0.199997,1914,0,3.625,0.724989,
/os_cloud_node/points_decim_1,random 0.200000,79,0.199997,1920,0,3.625,0.724989,
/os_cloud_node/points_decim_1,random 0.200000,80,0.199997,1907,0,3.625,0.724989,
/os_cloud_node/points_decim_1,random 0.200000,81,0.199997,1914,0,3.625,0.724989,
/os_cloud_node/points_decim_1,random 0.200000,82,0.199997,1879,0,3.625,0.724989,
/os_cloud_node/points_decim_1,random 0.200000,83,0.199997,1957,0,3.625,0.724989,
/os_cloud_node/points_decim_1,random 0.200000,84,0.199997,1936,0,3.625,0.724989,
/os_cloud_node/points_decim_1,random 0.200000,85,0.199997,1922,0,3.625,0.724989,
/os_cloud_node/points_decim_1,random 0.200000,86,0.199997,1955,0,3.625,0.724989,
/os_cloud_node/points_decim_1,random 0.200000,87,0.199997,1908,0,3.625,0.724989,
/os_cloud_node/points_decim_1,random 0.200000,88,0.199997,1983,0,3.625,0.724989,
/os_cloud_node/points_decim_1,random 0.200000,89,0.199997,1914,0,3.625,0.724989,
/os_cloud_node/points_decim_1,random 0.200000,90,0.199997,1869,0,3.625,0.724989,
/os_cloud_node/points_decim_1,random 0.200000,91,0.199997,1956,0,3.625,0.724989,
/os_cloud_node/points_decim_1,random 0.200000,92,0.199997,1912,0,3.625,0.724989,
/os_cloud_node/points_decim_1,random 0.200000,93,0.199997,1874,0,3.625,0.724989,
/os_cloud_node/points_decim_1,random 0.200000,94,0.199997,1949,0,3.625,0.724989,
/os_cloud_node/points_decim_1,random 0.200000,95,0.199997,1877,0,3.625,0.724989,
/os_cloud_node/points_decim_1,random 0.200000,96,0.199997,1975,0,3.625,0.724989,
/os_cloud_node/points_decim_1,random 0.200000,97,0.199997,1946,0,3.625,0.724989,
/os_cloud_node/points_decim_1,random 0.200000,98,0.199997,1965,0,3.625,0.724989,
/os_cloud_node/points_decim_1,random 0.200000,99,0.199997,1910,0,3.625,0.724989,
/os_cloud_node/points_decim_1,random 0.200000,100,0.199997,1936,0,3.625,0.724989,
/os_cloud_node/points_decim_1,random 0.200000,101,0.199997,1949,0,3.625,0.724989,
/os_cloud_node/points_decim_1,random 0.200000,102,0.199997,1908,0,3.625,0.724989,
/os_cloud_node/points_decim_1,random 0.200000,103,0.199997,1887,0,3.625,0.724989,
/os_cloud_node/points_decim_1,random 0.200000,104,0.199997,1913,0,3.625,0.724989,
/os_cloud_node/points_decim_1,random 0.200000,105,0.199997,1926,0,3.625,0.724989,
/os_cloud_node/points_decim_1,random 0.200000,106,0.199997,1930,0,3.625,0.724989,
/os_cloud_node/points_decim_1,random 0.200000,107,0.199997,1889,0,3.625,0.724989,
/os_cloud_node/points_decim_1,random 0.200000,108,0.199997,1930,0,3.625,0.724989,
/os_cloud_node/points_decim_1,random 0.200000,109,0.199997,1930,0,3.625,0.724989,
/os_cloud_node/points_decim_1,random 0.200000,110,0.199997,1890,0,3.625,0.724989,
/os_cloud_node/points_decim_1,random 0.200000,111,0.199997,1925,0,3.625,0.724989,
/os_cloud_node/points_decim_1,random 0.200000,112,0.199997,1894,0,3.625,0.724989,
/os_cloud_node/points_decim_1,random 0.200000,113,0.199997,1930,0,3.625,0.724989,
/os_cloud_node/points_decim_1,random 0.200000,114,0.199997,1927,0,3.625,0.724989,
/os_cloud_node/points_decim_1,random 0.200000,115,0.199997,1864,0,3.625,0.724989,
/os_cloud_node/points_decim_1,random 0.200000,116,0.199997,1898,0,3.625,0.724989,
/os_cloud_node/points_decim_1,random 0.200000,117,0.199997,1932,0,3.625,0.724989,
/os_cloud_node/points_decim_1,random 0.200000,118,0.199997,2013,0,3.625,0.724989,
/os_cloud_node/points_decim_1,random 0.200000,119,0.199997,1902,0,3.625,0.724989,
/os_cloud_node/points_decim_1,random 0.200000,120,0.199997,1920,0,3.625,0.724989,
/os_cloud_node/points_decim_1,random 0.200000,121,0.199997,1929,0,3.625,0.724989,
/os_cloud_node/points_decim_1,random 0.200000,122,0.199997,1874,0,3.625,0.724989,
/os_cloud_node/points_decim_1,random 0.200000,123,0.199997,1868,0,3.625,0.724989,
/os_cloud_node/points_decim_1,random 0.200000,124,0.199997,1907,0,3.625,0.724989,
/os_cloud_node/points_decim_1,random 0.200000,125,0.199997,1864,0,3.625,0.724989,
/os_cloud_node/points_decim_1,random 0.200000,126,0.199997,1910,0,3.625,0.724989,
/os_cloud_node/points_decim_1,random 0.200000,127,0.199997,1901,0,3.625,0.724989,
/os_cloud_node/points_decim_1,random 0.200000,128,0.199997,1997,0,3.625,0.724989,
/os_cloud_node/points_decim_1,random 0.200000,129,0.199997,1889,0,3.625,0.724989,
/os_cloud_node/points_decim_1,random 0.200000,130,0.199997,1877,0,3.625,0.724989,
/os_cloud_node/points_decim_1,random 0.200000,131,0.199997,1905,0,3.625,0.724989,
/os_cloud_node/points_decim_1,random 0.200000,132,0.199997,1877,0,3.625,0.724989,
/os_cloud_node/points_decim_1,random 0.200000,133,0.199997,1941,0,3.625,0.724989,
/os_cloud_node/points_decim_1,random 0.200000,134,0.199997,1901,0,3.625,0.724989,
/os_cloud_node/points_decim_1,random 0.200000,135,0.199997,1890,0,3.625,0.724989,
/os_cloud_node/points_decim_1,random 0.200000,136,0.199997,1894,0,3.625,0.724989,
/os_cloud_node/points_decim_1,random 0.200000,137,0.199997,1863,0,3.625,0.724989,
/os_cloud_node/points_decim_1,random 0.200000,138,0.199997,2003,0,3.625,0.724989,
/os_cloud_node/points_decim_1,random 0.200000,139,0.199997,1902,0,3.625,0.724989,
/os_cloud_node/points_decim_1,random 0.200000,140,0.199997,1906,0,3.625,0.724989,
/os_cloud_node/points_decim_1,random 0.200000,141,0.199997,1867,0,3.625,0.724989,
/os_cloud_node/points_decim_1,random 0.200000,142,0.199997,1907,0,3.625,0.724989,
/os_cloud_node/points_decim_1,random 0.200000,143,0.199997,1907,0,3.625,0.724989,
/os_cloud_node/points_decim_1,random 0.200000,144,0.199997,1966,0,3.625,0.724989,
/os_cloud_node/points_decim_1,random 0.200000,145,0.199997,1861,0,3.625,0.724989,
/os_cloud_node/points_decim_1,random 0.200000,146,0.199997,1904,0,3.625,0.724989,
/os_cloud_node/points_decim_1,random 0.200000,147,0.199997,1964,0,3.625,0.724989,
/os_cloud_node/points_decim_1,random 0.200000,148,0.199997,1864,0,3.625,0.724989,
/os_cloud_node/points_decim_1,random 0.200000,149,0.199997,1906,0,3.625,0.724989,
/os_cloud_node/points_decim_1,random 0.200000,150,0.199997,1874,0,3.625,0.724989,
/os_cloud_node/points_decim_1,random 0.200000,151,0.199997,1862,0,3.625,0.724989,
/os_cloud_node/points_decim_1,random 0.200000,152,0.199997,1947,0,3.625,0.724989,
/os_cloud_node/points_decim_1,random 0.200000,153,0.199997,1928,0,3.625,0.724989,
/os_cloud_node/points_decim_1,random 0.200000,154,0.199997,1962,0,3.625,0.724989,
/os_cloud_node/points_decim_1,random 0.200000,155,0.199997,1909,0,3.625,0.724989,
/os_cloud_node/points_decim_1,random 0.200000,156,0.199997,1898,0,3.625,0.724989,
/os_cloud_node/points_decim_1,random 0.200000,157,0.199997,2002,0,3.625,0.724989,
/os_cloud_node/points_decim_1,random 0.200000,158,0.199997,1919,0,3.625,0.724989,
/os_cloud_node/points_decim_1,random 0.200000,159,0.199997,1891,0,3.625,0.724989,
/os_cloud_node/points_decim_1,random 0.200000,160,0.199997,1928,0,3.625,0.724989,
/os_cloud_node/points_decim_1,random 0.200000,161,0.199997,1911,0,3.625,0.724989,
/os_cloud_node/points_decim_1,random 0.200000,162,0.199997,2025,0,3.625,0.724989,
/os_cloud_node/points_decim_1,random 0.200000,163,0.199997,1927,0,3.625,0.724989,
/os_cloud_node/points_decim_1,random 0.200000,164,0.199997,1898,0,3.625,0.724989,
/os_cloud_node/points_decim_1,random 0.200000,165,0.199997,1888,0,3.625,0.724989,
/os_cloud_node/points_decim_1,random 0.200000,166,0.199997,1921,0,3.625,0.724989,
/os_cloud_node/points_decim_1,random 0.200000,167,0.199997,1918,0,3.625,0.724989,
/os_cloud_node/points_decim_1,random 0.200000,168,0.199997,1985,0,3.625,0.724989,
/os_cloud_node/points_decim_1,random 0.200000,169,0.199997,1949,0,3.625,0.724989,
/os_cloud_node/points_decim_1,random 0.200000,170,0.199997,1890,0,3.625,0.724989,
/os_cloud_node/points_decim_1,random 0.200000,171,0.199997,1944,0,3.625,0.724989,
/os_cloud_node/points_decim_1,random 0.200000,172,0.199997,1885,0,3.625,0.724989,
/os_cloud_node/points_decim_1,random 0.200000,173,0.199997,1893,0,3.625,0.724989,
/os_cloud_node/points_decim_1,random 0.200000,174,0.199997,1941,0,3.625,0.724989,
/os_cloud_node/points_decim_1,random 0.200000,175,0.199997,1906,0,3.625,0.724989,
/os_cloud_node/points_decim_1,random 0.200000,176,0.199997,1942,0,3.625,0.724989,
/os_cloud_node/points_decim_1,random 0.200000,177,0.199997,1872,0,3.625,0.724989,
/os_cloud_node/points_decim_1,random 0.200000,178,0.199997,1964,0,3.625,0.724989,
/os_cloud_node/points_decim_1,random 0.200000,179,0.199997,1931,0,3.625,0.724989,
/os_cloud_node/points_decim_1,random 0.200000,180,0.199997,1895,0,3.625,0.724989,
/os_cloud_node/points_decim_1,random 0.200000,181,0.199997,1899,0,3.625,0.724989,
/os_cloud_node/points_decim_1,random 0.200000,182,0.199997,1902,0,3.625,0.724989,
/os_cloud_node/points_decim_1,random 0.200000,183,0.199997,1926,0,3.625,0.724989,
/os_cloud_node/points_decim_1,random 0.200000,184,0.199997,1924,0,3.625,0.724989,
/os_cloud_node/points_decim_1,random 0.200000,185,0.199997,1881,0,3.625,0.724989,
/os_cloud_node/points_decim_1,random 0.200000,186,0.199997,1921,0,3.625,0.724989,
/os_cloud_node/points_decim_1,random 0.200000,187,0.199997,1921,0,3.625,0.724989,
/os_cloud_node/points_decim_1,random 0.200000,188,0.199997,1992,0,3.625,0.724989,
/os_cloud_node/points_decim_1,random 0.200000,189,0.199997,1889,0,3.625,0.724989,
/os_cloud_node/points_decim_1,random 0.200000,190,0.199997,1928,0,3.625,0.724989,
/os_cloud_node/points_decim_1,random 0.200000,191,0.199997,1862,0,3.625,0.724989,
/os_cloud_node/points_decim_1,random 0.200000,192,0.199997,1905,0,3.625,0.724989,
/os_cloud_node/points_decim_1,random 0.200000,193,0.199997,1908,0,3.625,0.724989,
/os_cloud_node/points_decim_1,random 0.200000,194,0.199997,2035,0,3.625,0.724989,
/os_cloud_node/points_decim_1,random 0.200000,195,0.199997,1941,0,3.625,0.724989,
/os_cloud_node/points_decim_1,random 0.200000,196,0.199997,1892,0,3.625,0.724989,
/os_cloud_node/points_decim_1,random 0.200000,197,0.199997,1965,0,3.625,0.724989,
/os_cloud_node/points_decim_1,random 0.200000,198,0.199997,1938,0,3.625,0.724989,
/os_cloud_node/points_decim_1,random 0.200000,199,0.199997,1896,0,3.625,0.724989,
/os_cloud_node/points_decim_1,random 0.200000,200,0.199997,1897,0,3.625,0.724989,
/os_cloud_node/points_decim_1,random 0.200000,201,0.199997,1930,0,3.625,0.724989,
/os_cloud_node/points_decim_1,random 0.200000,202,0.199997,1961,0,3.625,0.724989,
/os_cloud_node/points_decim_1,random 0.200000,203,0.199997,1973,0,3.625,0.724989,
/os_cloud_node/points_decim_1,random 0.200000,204,0.199997,1893,0,3.625,0.724989,
/os_cloud_node/points_decim_1,random 0.200000,205,0.199997,1966,0,3.625,0.724989,
/os_cloud_node/points_decim_1,random 0.200000,206,0.199997,1901,0,3.625,0.724989,
/os_cloud_node/points_decim_1,random 0.200000,207,0.199997,1975,0,3.625,0.724989,
/os_cloud_node/points_decim_1,random 0.200000,208,0.199997,1970,0,3.625,0.724989,
/os_cloud_node/points_decim_1,random 0.200000,209,0.199997,1870,0,3.625,0.724989,
/os_cloud_node/points_decim_1,random 0.200000,210,0.199997,1868,0,3.625,0.724989,
/os_cloud_node/points_decim_1,random 0.200000,211,0.199997,1861,0,3.625,0.724989,
/os_cloud_node/points_decim_1,random 0.200000,212,0.199997,2003,0,3.625,0.724989,
/os_cloud_node/points_decim_1,random 0.200000,213,0.199997,1896,0,3.625,0.724989,
/os_cloud_node/points_decim_1,random 0.200000,214,0.199997,1887,0,3.625,0.724989,
/os_cloud_node/points_decim_1,random 0.200000,215,0.199997,1934,0,3.625,0.724989,
/os_cloud_node/points_decim_1,random 0.200000,216,0.199997,1960,0,3.625,0.724989,
/os_cloud_node/points_decim_1,random 0.200000,217,0.199997,1964,0,3.625,0.724989,
/os_cloud_node/points_decim_1,random 0.200000,218,0.199997,1930,0,3.625,0.724989,
/os_cloud_node/points_decim_1,random 0.200000,219,0.199997,1911,0,3.625,0.724989,
/os_cloud_node/points_decim_1,random 0.200000,220,0.199997,1984,0,3.625,0.724989,
/os_cloud_node/points_decim_1,random 0.200000,221,0.199997,1862,0,3.625,0.724989,
/os_cloud_node/points_decim_1,random 0.200000,222,0.199997,1912,0,3.625,0.724989,
/os_cloud_node/points_decim_1,random 0.200000,223,0.199997,1950,0,3.625,0.724989,
/os_cloud_node/points_decim_1,random 0.200000,224,0.199997,1906,0,3.625,0.724989,
/os_cloud_node/points_decim_1,random 0.200000,225,0.199997,1889,0,3.625,0.724989,
/os_cloud_node/points_decim_1,random 0.200000,226,0.199997,2004,0,3.625,0.724989,
/os_cloud_node/points_decim_1,random 0.200000,227,0.199997,1913,0,3.625,0.724989,
/os_cloud_node/points_decim_1,random 0.200000,228,0.199997,1919,0,3.625,0.724989,
/os_cloud_node/points_decim_1,random 0.200000,229,0.199997,1865,0,3.625,0.724989,
/os_cloud_node/points_decim_1,random 0.200000,230,0.199997,1901,0,3.625,0.724989,
/os_cloud_node/points_decim_1,random 0.200000,231,0.199997,1907,0,3.625,0.724989,
/os_cloud_node/points_decim_1,random 0.200000,232,0.199997,1871,0,3.625,0.724989,
/os_cloud_node/points_decim_1,random 0.200000,233,0.199997,1874,0,3.625,0.724989,
/os_cloud_node/points_decim_1,random 0.200000,234,0.199997,2020,0,3.625,0.724989,
/os_cloud_node/points_decim_1,random 0.200000,235,0.199997,1979,0,3.625,0.724989,
/os_cloud_node/points_decim_1,random 0.200000,236,0.199997,1914,0,3.625,0.724989,
/os_cloud_node/points_decim_1,random 0.200000,237,0.199997,1894,0,3.625,0.724989,
/os_cloud_node/points_decim_1,random 0.300000,0,0.299995,2155,0,3.625,1.08748,
/os_cloud_node/points_decim_1,random 0.300000,1,0.299995,2050,0,3.625,1.08748,
/os_cloud_node/points_decim_1,random 0.300000,2,0.299995,2074,0,3.625,1.08748,
/os_cloud_node/points_decim_1,random 0.300000,3,0.299995,2088,0,3.625,1.08748,
/os_cloud_node/points_decim_1,random 0.300000,4,0.299995,2096,0,3.625,1.08748,
/os_cloud_node/points_decim_1,random 0.300000,5,0.299995,2091,0,3.625,1.08748,
/os_cloud_node/points_decim_1,random 0.300000,6,0.299995,2159,0,3.625,1.08748,
/os_cloud_node/points_decim_1,random 0.300000,7,0.299995,2081,0,3.625,1.08748,
/os_cloud_node/points_decim_1,random 0.300000,8,0.299995,2120,0,3.625,1.08748,
/os_cloud_node/points_decim_1,random 0.300000,9,0.299995,2115,0,3.625,1.08748,
/os_cloud_node/points_decim_1,random 0.300000,10,0.299995,2139,0,3.625,1.08748,
/os_cloud_node/points_decim_1,random 0.300000,11,0.299995,2145,0,3.625,1.08748,
/os_cloud_node/points_decim_1,random 0.300000,12,0.299995,2145,0,3.625,1.08748,
/os_cloud_node/points_decim_1,random 0.300000,13,0.299995,2082,0,3.625,1.08748,
/os_cloud_node/points_decim_1,random 0.300000,14,0.299995,2162,0,3.625,1.08748,
/os_cloud_node/points_decim_1,random 0.300000,15,0.299995,2131,0,3.625,1.08748,
/os_cloud_node/points_decim_1,random 0.300000,16,0.299995,2238,0,3.625,1.08748,
/os_cloud_node/points_decim_1,random 0.300000,17,0.299995,2097,0,3.625,1.08748,
/os_cloud_node/points_decim_1,random 0.300000,18,0.299995,2190,0,3.625,1.08748,
/os_cloud_node/points_decim_1,random 0.300000,19,0.299995,2132,0,3.625,1.08748,
/os_cloud_node/points_decim_1,random 0.300000,20,0.299995,2142,0,3.625,1.08748,
/os_cloud_node/points_decim_1,random 0.300000,21,0.299995,2098,0,3.625,1.08748,
/os_cloud_node/points_decim_1,random 0.300000,22,0.299995,2149,0,3.625,1.08748,
/os_cloud_node/points_decim_1,random 0.300000,23,0.299995,2129,0,3.625,1.08748,
/os_cloud_node/points_decim_1,random 0.300000,24,0.299995,2140,0,3.625,1.08748,
/os_cloud_node/points_decim_1,random 0.300000,25,0.299995,2043,0,3.625,1.08748,
/os_cloud_node/points_decim_1,random 0.300000,26,0.299995,2089,0,3.625,1.08748,
/os_cloud_node/points_decim_1,random 0.300000,27,0.299995,2047,0,3.625,1.08748,
/os_cloud_node/points_decim_1,random 0.300000,28,0.299995,2085,0,3.625,1.08748,
/os_cloud_node/points_decim_1,random 0.300000,29,0.299995,2087,0,3.625,1.08748,
/os_cloud_node/points_decim_1,random 0.300000,30,0.299995,2074,0,3.625,1.08748,
/os_cloud_node/points_decim_1,random 0.300000,31,0.299995,2158,0,3.625,1.08748,
/os_cloud_node/points_decim_1,random 0.300000,32,0.299995,2074,0,3.625,1.08748,
/os_cloud_node/points_decim_1,random 0.300000,33,0.299995,2208,0,3.625,1.08748,
/os_cloud_node/points_decim_1,random 0.300000,34,0.299995,2140,0,3.625,1.08748,
/os_cloud_node/points_decim_1,random 0.300000,35,0.299995,2043,0,3.625,1.08748,
/os_cloud_node/points_decim_1,random 0.300000,36,0.299995,2042,0,3.625,1.08748,
/os_cloud_node/points_decim_1,random 0.300000,37,0.299995,2255,0,3.625,1.08748,
/os_cloud_node/points_decim_1,random 0.300000,38,0.299995,2077,0,3.625,1.08748,
/os_cloud_node/points_decim_1,random 0.300000,39,0.299995,2119,0,3.625,1.08748,
/os_cloud_node/points_decim_1,random 0.300000,40,0.299995,2091,0,3.625,1.08748,
/os_cloud_node/points_decim_1,random 0.300000,41,0.299995,2142,0,3.625,1.08748,
/os_cloud_node/points_decim_1,random 0.300000,42,0.299995,2176,0,3.625,1.08748,
/os_cloud_node/points_decim_1,random 0.300000,43,0.299995,2153,0,3.625,1.08748,
/os_cloud_node/points_decim_1,random 0.300000,44,0.299995,2144,0,3.625,1.08748,
/os_cloud_node/points_decim_1,random 0.300000,45,0.299995,2094,0,3.625,1.08748,
/os_cloud_node/points_decim_1,random 0.300000,46,0.299995,2111,0,3.625,1.08748,
/os_cloud_node/points_decim_1,random 0.300000,47,0.299995,2109,0,3.625,1.08748,
/os_cloud_node/points_decim_1,random 0.300000,48,0.299995,2110,0,3.625,1.08748,
/os_cloud_node/points_decim_1,random 0.300000,49,0.299995,2103,0,3.625,1.08748,
/os_cloud_node/points_decim_1,random 0.300000,50,0.299995,2125,0,3.625,1.08748,
/os_cloud_node/points_decim_1,random 0.300000,51,0.299995,2277,0,3.625,1.08748,
/os_cloud_node/points_decim_1,random 0.300000,52,0.299995,2176,0,3.625,1.08748,
/os_cloud_node/points_decim_1,random 0.300000,53,0.299995,2158,0,3.625,1.08748,
/os_cloud_node/points_decim_1,random 0.300000,54,0.299995,2122,0,3.625,1.08748,
/os_cloud_node/points_decim_1,random 0.300000,55,0.299995,2140,0,3.625,1.08748,
/os_cloud_node/points_decim_1,random 0.300000,56,0.299995,2189,0,3.625,1.08748,
/os_cloud_node/points_decim_1,random 0.300000,57,0.299995,2042,0,3.625,1.08748,
/os_cloud_node/points_decim_1,random 0.300000,58,0.299995,2113,0,3.625,1.08748,
/os_cloud_node/points_decim_1,random 0.300000,59,0.299995,2120,0,3.625,1.08748,
/os_cloud_node/points_decim_1,random 0.300000,60,0.299995,2046,0,3.625,1.08748,
/os_cloud_node/points_decim_1,random 0.300000,61,0.299995,2133,0,3.625,1.08748,
/os_cloud_node/points_decim_1,random 0.300000,62,0.299995,2083,0,3.625,1.08748,
/os_cloud_node/points_decim_1,random 0.300000,63,0.299995,2202,0,3.625,1.08748,
/os_cloud_node/points_decim_1,random 0.300000,64,0.299995,2174,0,3.625,1.08748,
/os_cloud_node/points_decim_1,random 0.300000,65,0.299995,2090,0,3.625,1.08748,
/os_cloud_node/points_decim_1,random 0.300000,66,0.299995,2225,0,3.625,1.08748,
/os_cloud_node/points_decim_1,random 0.300000,67,0.299995,2176,0,3.625,1.08748,
/os_cloud_node/points_decim_1,random 0.300000,68,0.299995,2083,0,3.625,1.08748,
/os_cloud_node/points_decim_1,random 0.300000,69,0.299995,2083,0,3.625,1.08748,
/os_cloud_node/points_decim_1,random 0.300000,70,0.299995,2120,0,3.625,1.08748,
/os_cloud_node/points_decim_1,random 0.300000,71,0.299995,2139,0,3.625,1.08748,
/os_cloud_node/points_decim_1,random 0.300000,72,0.299995,2110,0,3.625,1.08748,
/os_cloud_node/points_decim_1,random 0.300000,73,0.299995,2052,0,3.625,1.08748,
/os_cloud_node/points_decim_1,random 0.300000,74,0.299995,2043,0,3.625,1.08748,
/os_cloud_node/points_decim_1,random 0.300000,75,0.299995,2050,0,3.625,1.08748,
/os_cloud_node/points_decim_1,random 0.300000,76,0.299995,2155,0,3.625,1.08748,
/os_cloud_node/points_decim_1,random 0.300000,77,0.299995,2081,0,3.625,1.08748,
/os_cloud_node/points_decim_1,random 0.300000,78,0.299995,2100,0,3.625,1.08748,
/os_cloud_node/points_decim_1,random 0.300000,79,0.299995,2113,0,3.625,1.08748,
/os_cloud_node/points_decim_1,random 0.300000,80,0.299995,2100,0,3.625,1.08748,
/os_cloud_node/points_decim_1,random 0.300000,81,0.299995,2129,0,3.625,1.08748,
/os_cloud_node/points_decim_1,random 0.300000,82,0.299995,2110,0,3.625,1.08748,
/os_cloud_node/points_decim_1,random 0.300000,83,0.299995,2043,0,3.625,1.08748,
/os_cloud_node/points_decim_1,random 0.300000,84,0.299995,2055,0,3.625,1.08748,
/os_cloud_node/points_decim_1,random 0.300000,85,0.299995,2081,0,3.625,1.08748,
/os_cloud_node/points_decim_1,random 0.300000,86,0.299995,2193,0,3.625,1.08748,
/os_cloud_node/points_decim_1,random 0.300000,87,0.299995,2090,0,3.625,1.08748,
/os_cloud_node/points_decim_1,random 0.300000,88,0.299995,2114,0,3.625,1.08748,
/os_cloud_node/points_decim_1,random 0.300000,89,0.299995,2253,0,3.625,1.08748,
/os_cloud_node/points_decim_1,random 0.300000,90,0.299995,2048,0,3.625,1.08748,
/os_cloud_node/points_decim_1,random 0.300000,91,0.299995,2062,0,3.625,1.08748,
/os_cloud_node/points_decim_1,random 0.300000,92,0.299995,2050,0,3.625,1.08748,
/os_cloud_node/points_decim_1,random 0.300000,93,0.299995,2044,0,3.625,1.08748,
/os_cloud_node/points_decim_1,random 0.300000,94,0.299995,2139,0,3.625,1.08748,
/os_cloud_node/points_decim_1,random 0.300000,95,0.299995,2062,0,3.625,1.08748,
/os_cloud_node/points_decim_1,random 0.300000,96,0.299995,2087,0,3.625,1.08748,
/os_cloud_node/points_decim_1,random 0.300000,97,0.299995,2080,0,3.625,1.08748,
/os_cloud_node/points_decim_1,random 0.300000,98,0.299995,2092,0,3.625,1.08748,
/os_cloud_node/points_decim_1,random 0.300000,99,0.299995,2276,0,3.625,1.08748,
/os_cloud_node/points_decim_1,random 0.300000,100,0.299995,2140,0,3.625,1.08748,
/os_cloud_node/points_decim_1,random 0.300000,101,0.299995,2085,0,3.625,1.08748,
/os_cloud_node/points_decim_1,random 0.300000,102,0.299995,2088,0,3.625,1.08748,
/os_cloud_node/points_decim_1,random 0.300000,103,0.299995,2080,0,3.625,1.08748,
/os_cloud_node/points_decim_1,random 0.300000,104,0.299995,2121,0,3.625,1.08748,
/os_cloud_node/points_decim_1,random 0.300000,105,0.299995,2118,0,3.625,1.08748,
/os_cloud_node/points_decim_1,random 0.300000,106,0.299995,2121,0,3.625,1.08748,
/os_cloud_node/points_decim_1,random 0.300000,107,0.299995,2078,0,3.625,1.08748,
/os_cloud_node/points_decim_1,random 0.300000,108,0.299995,2130,0,3.625,1.08748,
/os_cloud_node/points_decim_1,random 0.300000,109,0.299995,2124,0,3.625,1.08748,
/os_cloud_node/points_decim_1,random 0.300000,110,0.299995,2079,0,3.625,1.08748,
/os_cloud_node/points_decim_1,random 0.300000,111,0.299995,2135,0,3.625,1.08748,
/os_cloud_node/points_decim_1,random 0.300000,112,0.299995,2071,0,3.625,1.08748,
/os_cloud_node/points_decim_1,random 0.300000,113,0.299995,2081,0,3.625,1.08748,
/os_cloud_node/points_decim_1,random 0.300000,114,0.299995,2192,0,3.625,1.08748,
/os_cloud_node/points_decim_1,random 0.300000,115,0.299995,2048,0,3.625,1.08748,
/os_cloud_node/points_decim_1,random 0.300000,116,0.299995,2049,0,3.625,1.08748,
/os_cloud_node/points_decim_1,random 0.300000,117,0.299995,2126,0,3.625,1.08748,
/os_cloud_node/points_decim_1,random 0.300000,118,0.299995,2137,0,3.625,1.08748,
/os_cloud_node/points_decim_1,random 0.300000,119,0.299995,2086,0,3.625,1.08748,
/os_cloud_node/points_decim_1,random 0.300000,120,0.299995,2139,0,3.625,1.08748,
/os_cloud_node/points_decim_1,random 0.300000,121,0.299995,2121,0,3.625,1.08748,
/os_cloud_node/points_decim_1,random 0.300000,122,0.299995,2054,0,3.625,1.08748,
/os_cloud_node/points_decim_1,random 0.300000,123,0.299995,2044,0,3.625,1.08748,
/os_cloud_node/points_decim_1,random 0.300000,124,0.299995,2125,0,3.625,1.08748,
/os_cloud_node/points_decim_1,random 0.300000,125,0.299995,2046,0,3.625,1.08748,
/os_cloud_node/points_decim_1,random 0.300000,126,0.299995,2091,0,3.625,1.08748,
/os_cloud_node/points_decim_1,random 0.300000,127,0.299995,2138,0,3.625,1.08748,
/os_cloud_node/points_decim_1,random 0.300000,128,0.299995,2185,0,3.625,1.08748,
/os_cloud_node/points_decim_1,random 0.300000,129,0.299995,2033,0,3.625,1.08748,
/os_cloud_node/points_decim_1,random 0.300000,130,0.299995,2041,0,3.625,1.08748,
/os_cloud_node/points_decim_1,random 0.300000,131,0.299995,2045,0,3.625,1.08748,
/os_cloud_node/points_decim_1,random 0.300000,132,0.299995,2090,0,3.625,1.08748,
/os_cloud_node/points_decim_1,random 0.300000,133,0.299995,2079,0,3.625,1.08748,
/os_cloud_node/points_decim_1,random 0.300000,134,0.299995,2082,0,3.625,1.08748,
/os_cloud_node/points_decim_1,random 0.300000,135,0.299995,2117,0,3.625,1.08748,
/os_cloud_node/points_decim_1,random 0.300000,136,0.299995,2103,0,3.625,1.08748,
/os_cloud_node/points_decim_1,random 0.300000,137,0.299995,2112,0,3.625,1.08748,
/os_cloud_node/points_decim_1,random 0.300000,138,0.299995,2127,0,3.625,1.08748,
/os_cloud_node/points_decim_1,random 0.300000,139,0.299995,2093,0,3.625,1.08748,
/os_cloud_node/points_decim_1,random 0.300000,140,0.299995,2085,0,3.625,1.08748,
/os_cloud_node/points_decim_1,random 0.300000,141,0.299995,2095,0,3.625,1.08748,
/os_cloud_node/points_decim_1,random 0.300000,142,0.299995,2084,0,3.625,1.08748,
/os_cloud_node/points_decim_1,random 0.300000,143,0.299995,2120,0,3.625,1.08748,
/os_cloud_node/points_decim_1,random 0.300000,144,0.299995,2049,0,3.625,1.08748,
/os_cloud_node/points_decim_1,random 0.300000,145,0.299995,2037,0,3.625,1.08748,
/os_cloud_node/points_decim_1,random 0.300000,146,0.299995,2084,0,3.625,1.08748,
/os_cloud_node/points_decim_1,random 0.300000,147,0.299995,2171,0,3.625,1.08748,
/os_cloud_node/points_decim_1,random 0.300000,148,0.299995,2166,0,3.625,1.08748,
/os_cloud_node/points_decim_1,random 0.300000,149,0.299995,2091,0,3.625,1.08748,
/os_cloud_node/points_decim_1,random 0.300000,150,0.299995,2049,0,3.625,1.08748,
/os_cloud_node/points_decim_1,random 0.300000,151,0.299995,2096,0,3.625,1.08748,
/os_cloud_node/points_decim_1,random 0.300000,152,0.299995,2092,0,3.625,1.08748,
/os_cloud_node/points_decim_1,random 0.300000,153,0.299995,2087,0,3.625,1.08748,
/os_cloud_node/points_decim_1,random 0.300000,154,0.299995,2117,0,3.625,1.08748,
/os_cloud_node/points_decim_1,random 0.300000,155,0.299995,2148,0,3.625,1.08748,
/os_cloud_node/points_decim_1,random 0.300000,156,0.299995,2139,0,3.625,1.08748,
/os_cloud_node/points_decim_1,random 0.300000,157,0.299995,2194,0,3.625,1.08748,
/os_cloud_node/points_decim_1,random 0.300000,158,0.299995,2038,0,3.625,1.08748,
/os_cloud_node/points_decim_1,random 0.300000,159,0.299995,2039,0,3.625,1.08748,
/os_cloud_node/points_decim_1,random 0.300000,160,0.299995,2148,0,3.625,1.08748,
/os_cloud_node/points_decim_1,random 0.300000,161,0.299995,2085,0,3.625,1.08748,
/os_cloud_node/points_decim_1,random 0.300000,162,0.299995,2201,0,3.625,1.08748,
/os_cloud_node/points_decim_1,random 0.300000,163,0.299995,2107,0,3.625,1.08748,
/os_cloud_node/points_decim_1,random 0.300000,164,0.299995,2158,0,3.625,1.08748,
/os_cloud_node/points_decim_1,random 0.300000,165,0.299995,2073,0,3.625,1.08748,
/os_cloud_node/points_decim_1,random 0.300000,166,0.299995,2090,0,3.625,1.08748,
/os_cloud_node/points_decim_1,random 0.300000,167,0.299995,2087,0,3.625,1.08748,
/os_cloud_node/points_decim_1,random 0.300000,168,0.299995,2164,0,3.625,1.08748,
/os_cloud_node/points_decim_1,random 0.300000,169,0.299995,2177,0,3.625,1.08748,
/os_cloud_node/points_decim_1,random 0.300000,170,0.299995,2107,0,3.625,1.08748,
/os_cloud_node/points_decim_1,random 0.300000,171,0.299995,2084,0,3.625,1.08748,
/os_cloud_node/points_decim_1,random 0.300000,172,0.299995,2082,0,3.625,1.08748,
/os_cloud_node/points_decim_1,random 0.300000,173,0.299995,2130,0,3.625,1.08748,
/os_cloud_node/points_decim_1,random 0.300000,174,0.299995,2090,0,3.625,1.08748,
/os_cloud_node/points_decim_1,random 0.300000,175,0.299995,2187,0,3.625,1.08748,
/os_cloud_node/points_decim_1,random 0.300000,176,0.299995,2199,0,3.625,1.08748,
/os_cloud_node/points_decim_1,random 0.300000,177,0.299995,2051,0,3.625,1.08748,
/os_cloud_node/points_decim_1,random 0.300000,178,0.299995,2262,0,3.625,1.08748,
/os_cloud_node/points_decim_1,random 0.300000,179,0.299995,2189,0,3.625,1.08748,
/os_cloud_node/points_decim_1,random 0.300000,180,0.299995,2088,0,3.625,1.08748,
/os_cloud_node/points_decim_1,random 0.300000,181,0.299995,2161,0,3.625,1.08748,
/os_cloud_node/points_decim_1,random 0.300000,182,0.299995,2087,0,3.625,1.08748,
/os_cloud_node/points_decim_1,random 0.300000,183,0.299995,2114,0,3.625,1.08748,
/os_cloud_node/points_decim_1,random 0.300000,184,0.299995,2140,0,3.625,1.08748,
/os_cloud_node/points_decim_1,random 0.300000,185,0.299995,2075,0,3.625,1.08748,
/os_cloud_node/points_decim_1,random 0.300000,186,0.299995,2086,0,3.625,1.08748,
/os_cloud_node/points_decim_1,random 0.300000,187,0.299995,2151,0,3.625,1.08748,
/os_cloud_node/points_decim_1,random 0.300000,188,0.299995,2195,0,3.625,1.08748,
/os_cloud_node/points_decim_1,random 0.300000,189,0.299995,2195,0,3.625,1.08748,
/os_cloud_node/points_decim_1,random 0.300000,190,0.299995,2160,0,3.625,1.08748,
/os_cloud_node/points_decim_1,random 0.300000,191,0.299995,2042,0,3.625,1.08748,
/os_cloud_node/points_decim_1,random 0.300000,192,0.299995,2088,0,3.625,1.08748,
/os_cloud_node/points_decim_1,random 0.300000,193,0.299995,2188,0,3.625,1.08748,
/os_cloud_node/points_decim_1,random 0.300000,194,0.299995,2144,0,3.625,1.08748,
/os_cloud_node/points_decim_1,random 0.300000,195,0.299995,2167,0,3.625,1.08748,
/os_cloud_node/points_decim_1,random 0.300000,196,0.299995,2086,0,3.625,1.08748,
/os_cloud_node/points_decim_1,random 0.300000,197,0.299995,2088,0,3.625,1.08748,
/os_cloud_node/points_decim_1,random 0.300000,198,0.299995,2144,0,3.625,1.08748,
/os_cloud_node/points_decim_1,random 0.300000,199,0.299995,2081,0,3.625,1.08748,
/os_cloud_node/points_decim_1,random 0.300000,200,0.299995,2130,0,3.625,1.08748,
/os_cloud_node/points_decim_1,random 0.300000,201,0.299995,2131,0,3.625,1.08748,
/os_cloud_node/points_decim_1,random 0.300000,202,0.299995,2058,0,3.625,1.08748,
/os_cloud_node/points_decim_1,random 0.300000,203,0.299995,2170,0,3.625,1.08748,
/os_cloud_node/points_decim_1,random 0.300000,204,0.299995,2213,0,3.625,1.08748,
/os_cloud_node/points_decim_1,random 0.300000,205,0.299995,2054,0,3.625,1.08748,
/os_cloud_node/points_decim_1,random 0.300000,206,0.299995,2086,0,3.625,1.08748,
/os_cloud_node/points_decim_1,random 0.300000,207,0.299995,2090,0,3.625,1.08748,
/os_cloud_node/points_decim_1,random 0.300000,208,0.299995,2127,0,3.625,1.08748,
/os_cloud_node/points_decim_1,random 0.300000,209,0.299995,2043,0,3.625,1.08748,
/os_cloud_node/points_decim_1,random 0.300000,210,0.299995,2174,0,3.625,1.08748,
/os_cloud_node/points_decim_1,random 0.300000,211,0.299995,2035,0,3.625,1.08748,
/os_cloud_node/points_decim_1,random 0.300000,212,0.299995,2163,0,3.625,1.08748,
/os_cloud_node/points_decim_1,random 0.300000,213,0.299995,2090,0,3.625,1.08748,
/os_cloud_node/points_decim_1,random 0.300000,214,0.299995,2169,0,3.625,1.08748,
/os_cloud_node/points_decim_1,random 0.300000,215,0.299995,2135,0,3.625,1.08748,
/os_cloud_node/points_decim_1,random 0.300000,216,0.299995,2081,0,3.625,1.08748,
/os_cloud_node/points_decim_1,random 0.300000,217,0.299995,2132,0,3.625,1.08748,
/os_cloud_node/points_decim_1,random 0.300000,218,0.299995,2131,0,3.625,1.08748,
/os_cloud_node/points_decim_1,random 0.300000,219,0.299995,2147,0,3.625,1.08748,
/os_cloud_node/points_decim_1,random 0.300000,220,0.299995,2251,0,3.625,1.08748,
/os_cloud_node/points_decim_1,random 0.300000,221,0.299995,2072,0,3.625,1.08748,
/os_cloud_node/points_decim_1,random 0.300000,222,0.299995,2129,0,3.625,1.08748,
/os_cloud_node/points_decim_1,random 0.300000,223,0.299995,2079,0,3.625,1.08748,
/os_cloud_node/points_decim_1,random 0.300000,224,0.299995,2119,0,3.625,1.08748,
/os_cloud_node/points_decim_1,random 0.300000,225,0.299995,2049,0,3.625,1.08748,
/os_cloud_node/points_decim_1,random 0.300000,226,0.299995,2110,0,3.625,1.08748,
/os_cloud_node/points_decim_1,random 0.300000,227,0.299995,2091,0,3.625,1.08748,
/os_cloud_node/points_decim_1,random 0.300000,228,0.299995,2106,0,3.625,1.08748,
/os_cloud_node/points_decim_1,random 0.300000,229,0.299995,2043,0,3.625,1.08748,
/os_cloud_node/points_decim_1,random 0.300000,230,0.299995,2210,0,3.625,1.08748,
/os_cloud_node/points_decim_1,random 0.300000,231,0.299995,2090,0,3.625,1.08748,
/os_cloud_node/points_decim_1,random 0.300000,232,0.299995,2138,0,3.625,1.08748,
/os_cloud_node/points_decim_1,random 0.300000,233,0.299995,2050,0,3.625,1.08748,
/os_cloud_node/points_decim_1,random 0.300000,234,0.299995,2038,0,3.625,1.08748,
/os_cloud_node/points_decim_1,random 0.300000,235,0.299995,2061,0,3.625,1.08748,
/os_cloud_node/points_decim_1,random 0.300000,236,0.299995,2124,0,3.625,1.08748,
/os_cloud_node/points_decim_1,random 0.300000,237,0.299995,2187,0,3.625,1.08748,
/os_cloud_node/points_decim_1,random 0.400000,0,0.399994,2341,0,3.625,1.44998,
/os_cloud_node/points_decim_1,random 0.400000,1,0.399994,2237,0,3.625,1.44998,
/os_cloud_node/points_decim_1,random 0.400000,2,0.399994,2305,0,3.625,1.44998,
/os_cloud_node/points_decim_1,random 0.400000,3,0.399994,2316,0,3.625,1.44998,
/os_cloud_node/points_decim_1,random 0.400000,4,0.399994,2244,0,3.625,1.44998,
/os_cloud_node/points_decim_1,random 0.400000,5,0.399994,2339,0,3.625,1.44998,
/os_cloud_node/points_decim_1,random 0.400000,6,0.399994,2326,0,3.625,1.44998,
/os_cloud_node/points_decim_1,random 0.400000,7,0.399994,2324,0,3.625,1.44998,
/os_cloud_node/points_decim_1,random 0.400000,8,0.399994,2311,0,3.625,1.44998,
/os_cloud_node/points_decim_1,random 0.400000,9,0.399994,2281,0,3.625,1.44998,
/os_cloud_node/points_decim_1,random 0.400000,10,0.399994,2217,0,3.625,1.44998,
/os_cloud_node/points_decim_1,random 0.400000,11,0.399994,2331,0,3.625,1.44998,
/os_cloud_node/points_decim_1,random 0.400000,12,0.399994,2333,0,3.625,1.44998,
/os_cloud_node/points_decim_1,random 0.400000,13,0.399994,2351,0,3.625,1.44998,
/os_cloud_node/points_decim_1,random 0.400000,14,0.399994,2316,0,3.625,1.44998,
/os_cloud_node/points_decim_1,random 0.400000,15,0.399994,2288,0,3.625,1.44998,
/os_cloud_node/points_decim_1,random 0.400000,16,0.399994,2308,0,3.625,1.44998,
/os_cloud_node/points_decim_1,random 0.400000,17,0.399994,2316,0,3.625,1.44998,
/os_cloud_node/points_decim_1,random 0.400000,18,0.399994,2380,0,3.625,1.44998,
/os_cloud_node/points_decim_1,random 0.400000,19,0.399994,2347,0,3.625,1.44998,
/os_cloud_node/points_decim_1,random 0.400000,20,0.399994,2249,0,3.625,1.44998,
/os_cloud_node/points_decim_1,random 0.400000,21,0.399994,2326,0,3.625,1.44998,
/os_cloud_node/points_decim_1,random 0.400000,22,0.399994,2401,0,3.625,1.44998,
/os_cloud_node/points_decim_1,random 0.400000,23,0.399994,2363,0,3.625,1.44998,
/os_cloud_node/points_decim_1,random 0.400000,24,0.399994,2266,0,3.625,1.44998,
/os_cloud_node/points_decim_1,random 0.400000,25,0.399994,2257,0,3.625,1.44998,
/os_cloud_node/points_decim_1,random 0.400000,26,0.399994,2290,0,3.625,1.44998,
/os_cloud_node/points_decim_1,random 0.400000,27,0.399994,2272,0,3.625,1.44998,
/os_cloud_node/points_decim_1,random 0.400000,28,0.399994,2311,0,3.625,1.44998,
/os_cloud_node/points_decim_1,random 0.400000,29,0.399994,2391,0,3.625,1.44998,
/os_cloud_node/points_decim_1,random 0.400000,30,0.399994,2306,0,3.625,1.44998,
/os_cloud_node/points_decim_1,random 0.400000,31,0.399994,2286,0,3.625,1.44998,
/os_cloud_node/points_decim_1,random 0.400000,32,0.399994,2298,0,3.625,1.44998,
/os_cloud_node/points_decim_1,random 0.400000,33,0.399994,2354,0,3.625,1.44998,
/os_cloud_node/points_decim_1,random 0.400000,34,0.399994,2289,0,3.625,1.44998,
/os_cloud_node/points_decim_1,random 0.400000,35,0.399994,2315,0,3.625,1.44998,
/os_cloud_node/points_decim_1,random 0.400000,36,0.399994,2303,0,3.625,1.44998,
/os_cloud_node/points_decim_1,random 0.400000,37,0.399994,2362,0,3.625,1.44998,
/os_cloud_node/points_decim_1,random 0.400000,38,0.399994,2236,0,3.625,1.44998,
/os_cloud_node/points_decim_1,random 0.400000,39,0.399994,2463,0,3.625,1.44998,
/os_cloud_node/points_decim_1,random 0.400000,40,0.399994,2308,0,3.625,1.44998,
/os_cloud_node/points_decim_1,random 0.400000,41,0.399994,2347,0,3.625,1.44998,
/os_cloud_node/points_decim_1,random 0.400000,42,0.399994,2340,0,3.625,1.44998,
/os_cloud_node/points_decim_1,random 0.400000,43,0.399994,2291,0,3.625,1.44998,
/os_cloud_node/points_decim_1,random 0.400000,44,0.399994,2311,0,3.625,1.44998,
/os_cloud_node/points_decim_1,random 0.400000,45,0.399994,2392,0,3.625,1.44998,
/os_cloud_node/points_decim_1,random 0.400000,46,0.399994,2408,0,3.625,1.44998,
/os_cloud_node/points_decim_1,random 0.400000,47,0.399994,2369,0,3.625,1.44998,
/os_cloud_node/points_decim_1,random 0.400000,48,0.399994,2230,0,3.625,1.44998,
/os_cloud_node/points_decim_1,random 0.400000,49,0.399994,2268,0,3.625,1.44998,
/os_cloud_node/points_decim_1,random 0.400000,50,0.399994,2320,0,3.625,1.44998,
/os_cloud_node/points_decim_1,random 0.400000,51,0.399994,2486,0,3.625,1.44998,
/os_cloud_node/points_decim_1,random 0.400000,52,0.399994,2296,0,3.625,1.44998,
/os_cloud_node/points_decim_1,random 0.400000,53,0.399994,2292,0,3.625,1.44998,
/os_cloud_node/points_decim_1,random 0.400000,54,0.399994,2276,0,3.625,1.44998,
/os_cloud_node/points_decim_1,random 0.400000,55,0.399994,2239,0,3.625,1.44998,
/os_cloud_node/points_decim_1,random 0.400000,56,0.399994,2317,0,3.625,1.44998,
/os_cloud_node/points_decim_1,random 0.400000,57,0.399994,2232,0,3.625,1.44998,
/os_cloud_node/points_decim_1,random 0.400000,58,0.399994,2375,0,3.625,1.44998,
/os_cloud_node/points_decim_1,random 0.400000,59,0.399994,2245,0,3.625,1.44998,
/os_cloud_node/points_decim_1,random 0.400000,60,0.399994,2317,0,3.625,1.44998,
/os_cloud_node/points_decim_1,random 0.400000,61,0.399994,2337,0,3.625,1.44998,
/os_cloud_node/points_decim_1,random 0.400000,62,0.399994,2421,0,3.625,1.44998,
/os_cloud_node/points_decim_1,random 0.400000,63,0.399994,2496,0,3.625,1.44998,
/os_cloud_node/points_decim_1,random 0.400000,64,0.399994,2362,0,3.625,1.44998,
/os_cloud_node/points_decim_1,random 0.400000,65,0.399994,2283,0,3.625,1.44998,
/os_cloud_node/points_decim_1,random 0.400000,66,0.399994,2383,0,3.625,1.44998,
/os_cloud_node/points_decim_1,random 0.400000,67,0.399994,2262,0,3.625,1.44998,
/os_cloud_node/points_decim_1,random 0.400000,68,0.399994,2420,0,3.625,1.44998,
/os_cloud_node/points_decim_1,random 0.400000,69,0.399994,2347,0,3.625,1.44998,
/os_cloud_node/points_decim_1,random 0.400000,70,0.399994,2300,0,3.625,1.44998,
/os_cloud_node/points_decim_1,random 0.400000,71,0.399994,2284,0,3.625,1.44998,
/os_cloud_node/points_decim_1,random 0.400000,72,0.399994,2294,0,3.625,1.44998,
/os_cloud_node/points_decim_1,random 0.400000,73,0.399994,2309,0,3.625,1.44998,
/os_cloud_node/points_decim_1,random 0.400000,74,0.399994,2255,0,3.625,1.44998,
/os_cloud_node/points_decim_1,random 0.400000,75,0.399994,2348,0,3.625,1.44998,
/os_cloud_node/points_decim_1,random 0.400000,76,0.399994,2364,0,3.625,1.44998,
/os_cloud_node/points_decim_1,random 0.400000,77,0.399994,2315,0,3.625,1.44998,
/os_cloud_node/points_decim_1,random 0.400000,78,0.399994,2300,0,3.625,1.44998,
/os_cloud_node/points_decim_1,random 0.400000,79,0.399994,2319,0,3.625,1.44998,
/os_cloud_node/points_decim_1,random 0.400000,80,0.399994,2280,0,3.625,1.44998,
/os_cloud_node/points_decim_1,random 0.400000,81,0.399994,2289,0,3.625,1.44998,
/os_cloud_node/points_decim_1,random 0.400000,82,0.399994,2307,0,3.625,1.44998,
/os_cloud_node/points_decim_1,random 0.400000,83,0.399994,2342,0,3.625,1.44998,
/os_cloud_node/points_decim_1,random 0.400000,84,0.399994,2308,0,3.625,1.44998,
/os_cloud_node/points_decim_1,random 0.400000,85,0.399994,2302,0,3.625,1.44998,
/os_cloud_node/points_decim_1,random 0.400000,86,0.399994,2335,0,3.625,1.44998,
/os_cloud_node/points_decim_1,random 0.400000,87,0.399994,2295,0,3.625,1.44998,
/os_cloud_node/points_decim_1,random 0.400000,88,0.399994,2333,0,3.625,1.44998,
/os_cloud_node/points_decim_1,random 0.400000,89,0.399994,2347,0,3.625,1.44998,
/os_cloud_node/points_decim_1,random 0.400000,90,0.399994,2239,0,3.625,1.44998,
/os_cloud_node/points_decim_1,random 0.400000,91,0.399994,2258,0,3.625,1.44998,
/os_cloud_node/points_decim_1,random 0.400000,92,0.399994,2257,0,3.625,1.44998,
/os_cloud_node/points_decim_1,random 0.400000,93,0.399994,2229,0,3.625,1.44998,
/os_cloud_node/points_decim_1,random 0.400000,94,0.399994,2307,0,3.625,1.44998,
/os_cloud_node/points_decim_1,random 0.400000,95,0.399994,2225,0,3.625,1.44998,
/os_cloud_node/points_decim_1,random 0.400000,96,0.399994,2281,0,3.625,1.44998,
/os_cloud_node/points_decim_1,random 0.400000,97,0.399994,2428,0,3.625,1.44998,
/os_cloud_node/points_decim_1,random 0.400000,98,0.399994,2280,0,3.625,1.44998,
/os_cloud_node/points_decim_1,random 0.400000,99,0.399994,2414,0,3.625,1.44998,
/os_cloud_node/points_decim_1,random 0.400000,100,0.399994,2344,0,3.625,1.44998,
/os_cloud_node/points_decim_1,random 0.400000,101,0.399994,2385,0,3.625,1.44998,
/os_cloud_node/points_decim_1,random 0.400000,102,0.399994,2272,0,3.625,1.44998,
/os_cloud_node/points_decim_1,random 0.400000,103,0.399994,2370,0,3.625,1.44998,
/os_cloud_node/points_decim_1,random 0.400000,104,0.399994,2395,0,3.625,1.44998,
/os_cloud_node/points_decim_1,random 0.400000,105,0.399994,2455,0,3.625,1.44998,
/os_cloud_node/points_decim_1,random 0.400000,106,0.399994,2325,0,3.625,1.44998,
/os_cloud_node/points_decim_1,random 0.400000,107,0.399994,2379,0,3.625,1.44998,
/os_cloud_node/points_decim_1,random 0.400000,108,0.399994,2334,0,3.625,1.44998,
/os_cloud_node/points_decim_1,random 0.400000,109,0.399994,2476,0,3.625,1.44998,
/os_cloud_node/points_decim_1,random 0.400000,110,0.399994,2348,0,3.625,1.44998,
/os_cloud_node/points_decim_1,random 0.400000,111,0.399994,2331,0,3.625,1.44998,
/os_cloud_node/points_decim_1,random 0.400000,112,0.399994,2218,0,3.625,1.44998,
/os_cloud_node/points_decim_1,random 0.400000,113,0.399994,2233,0,3.625,1.44998,
/os_cloud_node/points_decim_1,random 0.400000,114,0.399994,2349,0,3.625,1.44998,
/os_cloud_node/points_decim_1,random 0.400000,115,0.399994,2270,0,3.625,1.44998,
/os_cloud_node/points_decim_1,random 0.400000,116,0.399994,2309,0,3.625,1.44998,
/os_cloud_node/points_decim_1,random 0.400000,117,0.399994,2342,0,3.625,1.44998,
/os_cloud_node/points_decim_1,random 0.400000,118,0.399994,2356,0,3.625,1.44998,
/os_cloud_node/points_decim_1,random 0.400000,119,0.399994,2368,0,3.625,1.44998,
/os_cloud_node/points_decim_1,random 0.400000,120,0.399994,2434,0,3.625,1.44998,
/os_cloud_node/points_decim_1,random 0.400000,121,0.399994,2322,0,3.625,1.44998,
/os_cloud_node/points_decim_1,random 0.400000,122,0.399994,2266,0,3.625,1.44998,
/os_cloud_node/points_decim_1,random 0.400000,123,0.399994,2263,0,3.625,1.44998,
/os_cloud_node/points_decim_1,random 0.400000,124,0.399994,2290,0,3.625,1.44998,
/os_cloud_node/points_decim_1,random 0.400000,125,0.399994,2299,0,3.625,1.44998,
/os_cloud_node/points_decim_1,random 0.400000,126,0.399994,2293,0,3.625,1.44998,
/os_cloud_node/points_decim_1,random 0.400000,127,0.399994,2377,0,3.625,1.44998,
/os_cloud_node/points_decim_1,random 0.400000,128,0.399994,2318,0,3.625,1.44998,
/os_cloud_node/points_decim_1,random 0.400000,129,0.399994,2202,0,3.625,1.44998,
/os_cloud_node/points_decim_1,random 0.400000,130,0.399994,2340,0,3.625,1.44998,
/os_cloud_node/points_decim_1,random 0.400000,131,0.399994,2363,0,3.625,1.44998,
/os_cloud_node/points_decim_1,random 0.400000,132,0.399994,2390,0,3.625,1.44998,
/os_cloud_node/points_decim_1,random 0.400000,133,0.399994,2264,0,3.625,1.44998,
/os_cloud_node/points_decim_1,random 0.400000,134,0.399994,2279,0,3.625,1.44998,
/os_cloud_node/points_decim_1,random 0.400000,135,0.399994,2319,0,3.625,1.44998,
/os_cloud_node/points_decim_1,random 0.400000,136,0.399994,2325,0,3.625,1.44998,
/os_cloud_node/points_decim_1,random 0.400000,137,0.399994,2211,0,3.625,1.44998,
/os_cloud_node/points_decim_1,random 0.400000,138,0.399994,2426,0,3.625,1.44998,
/os_cloud_node/points_decim_1,random 0.400000,139,0.399994,2273,0,3.625,1.44998,
/os_cloud_node/points_decim_1,random 0.400000,140,0.399994,2257,0,3.625,1.44998,
/os_cloud_node/points_decim_1,random 0.400000,141,0.399994,2289,0,3.625,1.44998,
/os_cloud_node/points_decim_1,random 0.400000,142,0.399994,2335,0,3.625,1.44998,
/os_cloud_node/points_decim_1,random 0.400000,143,0.399994,2270,0,3.625,1.44998,
/os_cloud_node/points_decim_1,random 0.400000,144,0.399994,2288,0,3.625,1.44998,
/os_cloud_node/points_decim_1,random 0.400000,145,0.399994,2304,0,3.625,1.44998,
/os_cloud_node/points_decim_1,random 0.400000,146,0.399994,2302,0,3.625,1.44998,
/os_cloud_node/points_decim_1,random 0.400000,147,0.399994,2302,0,3.625,1.44998,
/os_cloud_node/points_decim_1,random 0.400000,148,0.399994,2208,0,3.625,1.44998,
/os_cloud_node/points_decim_1,random 0.400000,149,0.399994,2259,0,3.625,1.44998,
/os_cloud_node/points_decim_1,random 0.400000,150,0.399994,2235,0,3.625,1.44998,
/os_cloud_node/points_decim_1,random 0.400000,151,0.399994,2275,0,3.625,1.44998,
/os_cloud_node/points_decim_1,random 0.400000,152,0.399994,2301,0,3.625,1.44998,
/os_cloud_node/points_decim_1,random 0.400000,153,0.399994,2394,0,3.625,1.44998,
/os_cloud_node/points_decim_1,random 0.400000,154,0.399994,2322,0,3.625,1.44998,
/os_cloud_node/points_decim_1,random 0.400000,155,0.399994,2275,0,3.625,1.44998,
/os_cloud_node/points_decim_1,random 0.400000,156,0.399994,2427,0,3.625,1.44998,
/os_cloud_node/points_decim_1,random 0.400000,157,0.399994,2324,0,3.625,1.44998,
/os_cloud_node/points_decim_1,random 0.400000,158,0.399994,2295,0,3.625,1.44998,
/os_cloud_node/points_decim_1,random 0.400000,159,0.399994,2249,0,3.625,1.44998,
/os_cloud_node/points_decim_1,random 0.400000,160,0.399994,2289,0,3.625,1.44998,
/os_cloud_node/points_decim_1,random 0.400000,161,0.399994,2277,0,3.625,1.44998,
/os_cloud_node/points_decim_1,random 0.400000,162,0.399994,2357,0,3.625,1.44998,
/os_cloud_node/points_decim_1,random 0.400000,163,0.399994,2309,0,3.625,1.44998,
/os_cloud_node/points_decim_1,random 0.400000,164,0.399994,2258,0,3.625,1.44998,
/os_cloud_node/points_decim_1,random 0.400000,165,0.399994,2288,0,3.625,1.44998,
/os_cloud_node/points_decim_1,random 0.400000,166,0.399994,2281,0,3.625,1.44998,
/os_cloud_node/points_decim_1,random 0.400000,167,0.399994,2388,0,3.625,1.44998,
/os_cloud_node/points_decim_1,random 0.400000,168,0.399994,2316,0,3.625,1.44998,
/os_cloud_node/points_decim_1,random 0.400000,169,0.399994,2277,0,3.625,1.44998,
/os_cloud_node/points_decim_1,random 0.400000,170,0.399994,2438,0,3.625,1.44998,
/os_cloud_node/points_decim_1,random 0.400000,171,0.399994,2353,0,3.625,1.44998,
/os_cloud_node/points_decim_1,random 0.400000,172,0.399994,2290,0,3.625,1.44998,
/os_cloud_node/points_decim_1,random 0.400000,173,0.399994,2379,0,3.625,1.44998,
/os_cloud_node/points_decim_1,random 0.400000,174,0.399994,2274,0,3.625,1.44998,
/os_cloud_node/points_decim_1,random 0.400000,175,0.399994,2333,0,3.625,1.44998,
/os_cloud_node/points_decim_1,random 0.400000,176,0.399994,2308,0,3.625,1.44998,
/os_cloud_node/points_decim_1,random 0.400000,177,0.399994,2238,0,3.625,1.44998,
/os_cloud_node/points_decim_1,random 0.400000,178,0.399994,2374,0,3.625,1.44998,
/os_cloud_node/points_decim_1,random 0.400000,179,0.399994,2362,0,3.625,1.44998,
/os_cloud_node/points_decim_1,random 0.400000,180,0.399994,2427,0,3.625,1.44998,
/os_cloud_node/points_decim_1,random 0.400000,181,0.399994,2324,0,3.625,1.44998,
/os_cloud_node/points_decim_1,random 0.400000,182,0.399994,2272,0,3.625,1.44998,
/os_cloud_node/points_decim_1,random 0.400000,183,0.399994,2373,0,3.625,1.44998,
/os_cloud_node/points_decim_1,random 0.400000,184,0.399994,2532,0,3.625,1.44998,
/os_cloud_node/points_decim_1,random 0.400000,185,0.399994,2294,0,3.625,1.44998,
/os_cloud_node/points_decim_1,random 0.400000,186,0.399994,2286,0,3.625,1.44998,
/os_cloud_node/points_decim_1,random 0.400000,187,0.399994,2276,0,3.625,1.44998,
/os_cloud_node/points_decim_1,random 0.400000,188,0.399994,2286,0,3.625,1.44998,
/os_cloud_node/points_decim_1,random 0.400000,189,0.399994,2334,0,3.625,1.44998,
/os_cloud_node/points_decim_1,random 0.400000,190,0.399994,2325,0,3.625,1.44998,
/os_cloud_node/points_decim_1,random 0.400000,191,0.399994,2228,0,3.625,1.44998,
/os_cloud_node/points_decim_1,random 0.400000,192,0.399994,2254,0,3.625,1.44998,
/os_cloud_node/points_decim_1,random 0.400000,193,0.399994,2431,0,3.625,1.44998,
/os_cloud_node/points_decim_1,random 0.400000,194,0.399994,2330,0,3.625,1.44998,
/os_cloud_node/points_decim_1,random 0.400000,195,0.399994,2352,0,3.625,1.44998,
/os_cloud_node/points_decim_1,random 0.400000,196,0.399994,2362,0,3.625,1.44998,
/os_cloud_node/points_decim_1,random 0.400000,197,0.399994,2347,0,3.625,1.44998,
/os_cloud_node/points_decim_1,random 0.400000,198,0.399994,2287,0,3.625,1.44998,
/os_cloud_node/points_decim_1,random 0.400000,199,0.399994,2272,0,3.625,1.44998,
/os_cloud_node/points_decim_1,random 0.400000,200,0.399994,2290,0,3.625,1.44998,
/os_cloud_node/points_decim_1,random 0.400000,201,0.399994,2326,0,3.625,1.44998,
/os_cloud_node/points_decim_1,random 0.400000,202,0.399994,2209,0,3.625,1.44998,
/os_cloud_node/points_decim_1,random 0.400000,203,0.399994,2290,0,3.625,1.44998,
/os_cloud_node/points_decim_1,random 0.400000,204,0.399994,2220,0,3.625,1.44998,
/os_cloud_node/points_decim_1,random 0.400000,205,0.399994,2294,0,3.625,1.44998,
/os_cloud_node/points_decim_1,random 0.400000,206,0.399994,2271,0,3.625,1.44998,
/os_cloud_node/points_decim_1,random 0.400000,207,0.399994,2267,0,3.625,1.44998,
/os_cloud_node/points_decim_1,random 0.400000,208,0.399994,2214,0,3.625,1.44998,
/os_cloud_node/points_decim_1,random 0.400000,209,0.399994,2220,0,3.625,1.44998,
/os_cloud_node/points_decim_1,random 0.400000,210,0.399994,2297,0,3.625,1.44998,
/os_cloud_node/points_decim_1,random 0.400000,211,0.399994,2296,0,3.625,1.44998,
/os_cloud_node/points_decim_1,random 0.400000,212,0.399994,2363,0,3.625,1.44998,
/os_cloud_node/points_decim_1,random 0.400000,213,0.399994,2285,0,3.625,1.44998,
/os_cloud_node/points_decim_1,random 0.400000,214,0.399994,2322,0,3.625,1.44998,
/os_cloud_node/points_decim_1,random 0.400000,215,0.399994,2350,0,3.625,1.44998,
/os_cloud_node/points_decim_1,random 0.400000,216,0.399994,2259,0,3.625,1.44998,
/os_cloud_node/points_decim_1,random 0.400000,217,0.399994,2371,0,3.625,1.44998,
/os_cloud_node/points_decim_1,random 0.400000,218,0.399994,2341,0,3.625,1.44998,
/os_cloud_node/points_decim_1,random 0.400000,219,0.399994,2271,0,3.625,1.44998,
/os_cloud_node/points_decim_1,random 0.400000,220,0.399994,2311,0,3.625,1.44998,
/os_cloud_node/points_decim_1,random 0.400000,221,0.399994,2328,0,3.625,1.44998,
/os_cloud_node/points_decim_1,random 0.400000,222,0.399994,2354,0,3.625,1.44998,
/os_cloud_node/points_decim_1,random 0.400000,223,0.399994,2463,0,3.625,1.44998,
/os_cloud_node/points_decim_1,random 0.400000,224,0.399994,2269,0,3.625,1.44998,
/os_cloud_node/points_decim_1,random 0.400000,225,0.399994,2282,0,3.625,1.44998,
/os_cloud_node/points_decim_1,random 0.400000,226,0.399994,2275,0,3.625,1.44998,
/os_cloud_node/points_decim_1,random 0.400000,227,0.399994,2332,0,3.625,1.44998,
/os_cloud_node/points_decim_1,random 0.400000,228,0.399994,2284,0,3.625,1.44998,
/os_cloud_node/points_decim_1,random 0.400000,229,0.399994,2212,0,3.625,1.44998,
/os_cloud_node/points_decim_1,random 0.400000,230,0.399994,2287,0,3.625,1.44998,
/os_cloud_node/points_decim_1,random 0.400000,231,0.399994,2263,0,3.625,1.44998,
/os_cloud_node/points_decim_1,random 0.400000,232,0.399994,2295,0,3.625,1.44998,
/os_cloud_node/points_decim_1,random 0.400000,233,0.399994,2223,0,3.625,1.44998,
/os_cloud_node/points_decim_1,random 0.400000,234,0.399994,2254,0,3.625,1.44998,
/os_cloud_node/points_decim_1,random 0.400000,235,0.399994,2242,0,3.625,1.44998,
/os_cloud_node/points_decim_1,random 0.400000,236,0.399994,2276,0,3.625,1.44998,
/os_cloud_node/points_decim_1,random 0.400000,237,0.399994,2277,0,3.625,1.44998,
/os_cloud_node/points_decim_1,random 0.600000,0,0.599998,2447,0,3.625,2.17499,
/os_cloud_node/points_decim_1,random 0.600000,1,0.599998,2376,0,3.625,2.17499,
/os_cloud_node/points_decim_1,random 0.600000,2,0.599998,2412,0,3.625,2.17499,
/os_cloud_node/points_decim_1,random 0.600000,3,0.599998,2549,0,3.625,2.17499,
/os_cloud_node/points_decim_1,random 0.600000,4,0.599998,2369,0,3.625,2.17499,
/os_cloud_node/points_decim_1,random 0.600000,5,0.599998,2452,0,3.625,2.17499,
/os_cloud_node/points_decim_1,random 0.600000,6,0.599998,2542,0,3.625,2.17499,
/os_cloud_node/points_decim_1,random 0.600000,7,0.599998,2440,0,3.625,2.17499,
/os_cloud_node/points_decim_1,random 0.600000,8,0.599998,2368,0,3.625,2.17499,
/os_cloud_node/points_decim_1,random 0.600000,9,0.599998,2427,0,3.625,2.17499,
/os_cloud_node/points_decim_1,random 0.600000,10,0.599998,2441,0,3.625,2.17499,
/os_cloud_node/points_decim_1,random 0.600000,11,0.599998,3119,0,3.625,2.17499,
/os_cloud_node/points_decim_1,random 0.600000,12,0.599998,2477,0,3.625,2.17499,
/os_cloud_node/points_decim_1,random 0.600000,13,0.599998,2461,0,3.625,2.17499,
/os_cloud_node/points_decim_1,random 0.600000,14,0.599998,2465,0,3.625,2.17499,
/os_cloud_node/points_decim_1,random 0.600000,15,0.599998,2390,0,3.625,2.17499,
/os_cloud_node/points_decim_1,random 0.600000,16,0.599998,2538,0,3.625,2.17499,
/os_cloud_node/points_decim_1,random 0.600000,17,0.599998,2414,0,3.625,2.17499,
/os_cloud_node/points_decim_1,random 0.600000,18,0.599998,2453,0,3.625,2.17499,
/os_cloud_node/points_decim_1,random 0.600000,19,0.599998,2528,0,3.625,2.17499,
/os_cloud_node/points_decim_1,random 0.600000,20,0.599998,2398,0,3.625,2.17499,
/os_cloud_node/points_decim_1,random 0.600000,21,0.599998,2430,0,3.625,2.17499,
/os_cloud_node/points_decim_1,random 0.600000,22,0.599998,2566,0,3.625,2.17499,
/os_cloud_node/points_decim_1,random 0.600000,23,0.599998,2374,0,3.625,2.17499,
/os_cloud_node/points_decim_1,random 0.600000,24,0.599998,2368,0,3.625,2.17499,
/os_cloud_node/points_decim_1,random 0.600000,25,0.599998,2407,0,3.625,2.17499,
/os_cloud_node/points_decim_1,random 0.600000,26,0.599998,2376,0,3.625,2.17499,
/os_cloud_node/points_decim_1,random 0.600000,27,0.599998,2387,0,3.625,2.17499,
/os_cloud_node/points_decim_1,random 0.600000,28,0.599998,2430,0,3.625,2.17499,
/os_cloud_node/points_decim_1,random 0.600000,29,0.599998,2344,0,3.625,2.17499,
/os_cloud_node/points_decim_1,random 0.600000,30,0.599998,2362,0,3.625,2.17499,
/os_cloud_node/points_decim_1,random 0.600000,31,0.599998,2540,0,3.625,2.17499,
/os_cloud_node/points_decim_1,random 0.600000,32,0.599998,2477,0,3.625,2.17499,
/os_cloud_node/points_decim_1,random 0.600000,33,0.599998,2395,0,3.625,2.17499,
/os_cloud_node/points_decim_1,random 0.600000,34,0.599998,2357,0,3.625,2.17499,
/os_cloud_node/points_decim_1,random 0.600000,35,0.599998,2357,0,3.625,2.17499,
/os_cloud_node/points_decim_1,random 0.600000,36,0.599998,2345,0,3.625,2.17499,
/os_cloud_node/points_decim_1,random 0.600000,37,0.599998,2330,0,3.625,2.17499,
/os_cloud_node/points_decim_1,random 0.600000,38,0.599998,2471,0,3.625,2.17499,
/os_cloud_node/points_decim_1,random 0.600000,39,0.599998,2544,0,3.625,2.17499,
/os_cloud_node/points_decim_1,random 0.600000,40,0.599998,2392,0,3.625,2.17499,
/os_cloud_node/points_decim_1,random 0.600000,41,0.599998,2486,0,3.625,2.17499,
/os_cloud_node/points_decim_1,random 0.600000,42,0.599998,2442,0,3.625,2.17499,
/os_cloud_node/points_decim_1,random 0.600000,43,0.599998,2326,0,3.625,2.17499,
/os_cloud_node/points_decim_1,random 0.600000,44,0.599998,2414,0,3.625,2.17499,
/os_cloud_node/points_decim_1,random 0.600000,45,0.599998,2386,0,3.625,2.17499,
/os_cloud_node/points_decim_1,random 0.600000,46,0.599998,2391,0,3.625,2.17499,
/os_cloud_node/points_decim_1,random 0.600000,47,0.599998,2431,0,3.625,2.17499,
/os_cloud_node/points_decim_1,random 0.600000,48,0.599998,2395,0,3.625,2.17499,
/os_cloud_node/points_decim_1,random 0.600000,49,0.599998,2325,0,3.625,2.17499,
/os_cloud_node/points_decim_1,random 0.600000,50,0.599998,2491,0,3.625,2.17499,
/os_cloud_node/points_decim_1,random 0.600000,51,0.599998,2468,0,3.625,2.17499,
/os_cloud_node/points_decim_1,random 0.600000,52,0.599998,2391,0,3.625,2.17499,
/os_cloud_node/points_decim_1,random 0.600000,53,0.599998,2534,0,3.625,2.17499,
/os_cloud_node/points_decim_1,random 0.600000,54,0.599998,2467,0,3.625,2.17499,
/os_cloud_node/points_decim_1,random 0.600000,55,0.599998,2353,0,3.625,2.17499,
/os_cloud_node/points_decim_1,random 0.600000,56,0.599998,2451,0,3.625,2.17499,
/os_cloud_node/points_decim_1,random 0.600000,57,0.599998,2328,0,3.625,2.17499,
/os_cloud_node/points_decim_1,random 0.600000,58,0.599998,2454,0,3.625,2.17499,
/os_cloud_node/points_decim_1,random 0.600000,59,0.599998,2378,0,3.625,2.17499,
/os_cloud_node/points_decim_1,random 0.600000,60,0.599998,2403,0,3.625,2.17499,
/os_cloud_node/points_decim_1,random 0.600000,61,0.599998,2495,0,3.625,2.17499,
/os_cloud_node/points_decim_1,random 0.600000,62,0.599998,2454,0,3.625,2.17499,
/os_cloud_node/points_decim_1,random 0.600000,63,0.599998,2469,0,3.625,2.17499,
/os_cloud_node/points_decim_1,random 0.600000,64,0.599998,2458,0,3.625,2.17499,
/os_cloud_node/points_decim_1,random 0.600000,65,0.599998,2486,0,3.625,2.17499,
/os_cloud_node/points_decim_1,random 0.600000,66,0.599998,2550,0,3.625,2.17499,
/os_cloud_node/points_decim_1,random 0.600000,67,0.599998,2379,0,3.625,2.17499,
/os_cloud_node/points_decim_1,random 0.600000,68,0.599998,2455,0,3.625,2.17499,
/os_cloud_node/points_decim_1,random 0.600000,69,0.599998,2492,0,3.625,2.17499,
/os_cloud_node/points_decim_1,random 0.600000,70,0.599998,2530,0,3.625,2.17499,
/os_cloud_node/points_decim_1,random 0.600000,71,0.599998,2399,0,3.625,2.17499,
/os_cloud_node/points_decim_1,random 0.600000,72,0.599998,2512,0,3.625,2.17499,
/os_cloud_node/points_decim_1,random 0.600000,73,0.599998,2350,0,3.625,2.17499,
/os_cloud_node/points_decim_1,random 0.600000,74,0.599998,2340,0,3.625,2.17499,
/os_cloud_node/points_decim_1,random 0.600000,75,0.599998,2401,0,3.625,2.17499,
/os_cloud_node/points_decim_1,random 0.600000,76,0.599998,2593,0,3.625,2.17499,
/os_cloud_node/points_decim_1,random 0.600000,77,0.599998,2493,0,3.625,2.17499,
/os_cloud_node/points_decim_1,random 0.600000,78,0.599998,2390,0,3.625,2.17499,
/os_cloud_node/points_decim_1,random 0.600000,79,0.599998,2344,0,3.625,2.17499,
/os_cloud_node/points_decim_1,random 0.600000,80,0.599998,2428,0,3.625,2.17499,
/os_cloud_node/points_decim_1,random 0.600000,81,0.599998,2478,0,3.625,2.17499,
/os_cloud_node/points_decim_1,random 0.600000,82,0.599998,2346,0,3.625,2.17499,
/os_cloud_node/points_decim_1,random 0.600000,83,0.599998,2339,0,3.625,2.17499,
/os_cloud_node/points_decim_1,random 0.600000,84,0.599998,2476,0,3.625,2.17499,
/os_cloud_node/points_decim_1,random 0.600000,85,0.599998,2604,0,3.625,2.17499,
/os_cloud_node/points_decim_1,random 0.600000,86,0.599998,2494,0,3.625,2.17499,
/os_cloud_node/points_decim_1,random 0.600000,87,0.599998,2440,0,3.625,2.17499,
/os_cloud_node/points_decim_1,random 0.600000,88,0.599998,2590,0,3.625,2.17499,
/os_cloud_node/points_decim_1,random 0.600000,89,0.599998,2485,0,3.625,2.17499,
/os_cloud_node/points_decim_1,random 0.600000,90,0.599998,2429,0,3.625,2.17499,
/os_cloud_node/points_decim_1,random 0.600000,91,0.599998,2413,0,3.625,2.17499,
/os_cloud_node/points_decim_1,random 0.600000,92,0.599998,2463,0,3.625,2.17499,
/os_cloud_node/points_decim_1,random 0.600000,93,0.599998,2353,0,3.625,2.17499,
/os_cloud_node/points_decim_1,random 0.600000,94,0.599998,2402,0,3.625,2.17499,
/os_cloud_node/points_decim_1,random 0.600000,95,0.599998,2352,0,3.625,2.17499,
/os_cloud_node/points_decim_1,random 0.600000,96,0.599998,2615,0,3.625,2.17499,
/os_cloud_node/points_decim_1,random 0.600000,97,0.599998,2567,0,3.625,2.17499,
/os_cloud_node/points_decim_1,random 0.600000,98,0.599998,2402,0,3.625,2.17499,
/os_cloud_node/points_decim_1,random 0.600000,99,0.599998,2471,0,3.625,2.17499,
/os_cloud_node/points_decim_1,random 0.600000,100,0.599998,2495,0,3.625,2.17499,
/os_cloud_node/points_decim_1,random 0.600000,101,0.599998,2478,0,3.625,2.17499,
/os_cloud_node/points_decim_1,random 0.600000,102,0.599998,2413,0,3.625,2.17499,
/os_cloud_node/points_decim_1,random 0.600000,103,0.599998,2466,0,3.625,2.17499,
/os_cloud_node/points_decim_1,random 0.600000,104,0.599998,2420,0,3.625,2.17499,
/os_cloud_node/points_decim_1,random 0.600000,105,0.599998,2439,0,3.625,2.17499,
/os_cloud_node/points_decim_1,random 0.600000,106,0.599998,2463,0,3.625,2.17499,
/os_cloud_node/points_decim_1,random 0.600000,107,0.599998,2463,0,3.625,2.17499,
/os_cloud_node/points_decim_1,random 0.600000,108,0.599998,2473,0,3.625,2.17499,
/os_cloud_node/points_decim_1,random 0.600000,109,0.599998,2483,0,3.625,2.17499,
/os_cloud_node/points_decim_1,random 0.600000,110,0.599998,2473,0,3.625,2.17499,
/os_cloud_node/points_decim_1,random 0.600000,111,0.599998,2469,0,3.625,2.17499,
/os_cloud_node/points_decim_1,random 0.600000,112,0.599998,2395,0,3.625,2.17499,
/os_cloud_node/points_decim_1,random 0.600000,113,0.599998,2437,0,3.625,2.17499,
/os_cloud_node/points_decim_1,random 0.600000,114,0.599998,2524,0,3.625,2.17499,
/os_cloud_node/points_decim_1,random 0.600000,115,0.599998,2429,0,3.625,2.17499,
/os_cloud_node/points_decim_1,random 0.600000,116,0.599998,2370,0,3.625,2.17499,
/os_cloud_node/points_decim_1,random 0.600000,117,0.599998,2509,0,3.625,2.17499,
/os_cloud_node/points_decim_1,random 0.600000,118,0.599998,2445,0,3.625,2.17499,
/os_cloud_node/points_decim_1,random 0.600000,119,0.599998,2400,0,3.625,2.17499,
/os_cloud_node/points_decim_1,random 0.600000,120,0.599998,2468,0,3.625,2.17499,
/os_cloud_node/points_decim_1,random 0.600000,121,0.599998,2530,0,3.625,2.17499,
/os_cloud_node/points_decim_1,random 0.600000,122,0.599998,2369,0,3.625,2.17499,
/os_cloud_node/points_decim_1,random 0.600000,123,0.599998,2331,0,3.625,2.17499,
/os_cloud_node/points_decim_1,random 0.600000,124,0.599998,2474,0,3.625,2.17499,
/os_cloud_node/points_decim_1,random 0.600000,125,0.599998,2396,0,3.625,2.17499,
/os_cloud_node/points_decim_1,random 0.600000,126,0.599998,2383,0,3.625,2.17499,
/os_cloud_node/points_decim_1,random 0.600000,127,0.599998,2457,0,3.625,2.17499,
/os_cloud_node/points_decim_1,random 0.600000,128,0.599998,2412,0,3.625,2.17499,
/os_cloud_node/points_decim_1,random 0.600000,129,0.599998,2343,0,3.625,2.17499,
/os_cloud_node/points_decim_1,random 0.600000,130,0.599998,2398,0,3.625,2.17499,
/os_cloud_node/points_decim_1,random 0.600000,131,0.599998,2402,0,3.625,2.17499,
/os_cloud_node/points_decim_1,random 0.600000,132,0.599998,2398,0,3.625,2.17499,
/os_cloud_node/points_decim_1,random 0.600000,133,0.599998,2396,0,3.625,2.17499,
/os_cloud_node/points_decim_1,random 0.600000,134,0.599998,2393,0,3.625,2.17499,
/os_cloud_node/points_decim_1,random 0.600000,135,0.599998,2444,0,3.625,2.17499,
/os_cloud_node/points_decim_1,random 0.600000,136,0.599998,2408,0,3.625,2.17499,
/os_cloud_node/points_decim_1,random 0.600000,137,0.599998,2363,0,3.625,2.17499,
/os_cloud_node/points_decim_1,random 0.600000,138,0.599998,2491,0,3.625,2.17499,
/os_cloud_node/points_decim_1,random 0.600000,139,0.599998,2412,0,3.625,2.17499,
/os_cloud_node/points_decim_1,random 0.600000,140,0.599998,2400,0,3.625,2.17499,
/os_cloud_node/points_decim_1,random 0.600000,141,0.599998,2345,0,3.625,2.17499,
/os_cloud_node/points_decim_1,random 0.600000,142,0.599998,2398,0,3.625,2.17499,
/os_cloud_node/points_decim_1,random 0.600000,143,0.599998,2422,0,3.625,2.17499,
/os_cloud_node/points_decim_1,random 0.600000,144,0.599998,2521,0,3.625,2.17499,
/os_cloud_node/points_decim_1,random 0.600000,145,0.599998,2430,0,3.625,2.17499,
/os_cloud_node/points_decim_1,random 0.600000,146,0.599998,2390,0,3.625,2.17499,
/os_cloud_node/points_decim_1,random 0.600000,147,0.599998,2399,0,3.625,2.17499,
/os_cloud_node/points_decim_1,random 0.600000,148,0.599998,2401,0,3.625,2.17499,
/os_cloud_node/points_decim_1,random 0.600000,149,0.599998,2414,0,3.625,2.17499,
/os_cloud_node/points_decim_1,random 0.600000,150,0.599998,2397,0,3.625,2.17499,
/os_cloud_node/points_decim_1,random 0.600000,151,0.599998,2381,0,3.625,2.17499,
/os_cloud_node/points_decim_1,random 0.600000,152,0.599998,2422,0,3.625,2.17499,
/os_cloud_node/points_decim_1,random 0.600000,153,0.599998,2475,0,3.625,2.17499,
/os_cloud_node/points_decim_1,random 0.600000,154,0.599998,2601,0,3.625,2.17499,
/os_cloud_node/points_decim_1,random 0.600000,155,0.599998,2456,0,3.625,2.17499,
/os_cloud_node/points_decim_1,random 0.600000,156,0.599998,2479,0,3.625,2.17499,
/os_cloud_node/points_decim_1,random 0.600000,157,0.599998,2405,0,3.625,2.17499,
/os_cloud_node/points_decim_1,random 0.600000,158,0.599998,2337,0,3.625,2.17499,
/os_cloud_node/points_decim_1,random 0.600000,159,0.599998,2402,0,3.625,2.17499,
/os_cloud_node/points_decim_1,random 0.600000,160,0.599998,2347,0,3.625,2.17499,
/os_cloud_node/points_decim_1,random 0.600000,161,0.599998,2391,0,3.625,2.17499,
/os_cloud_node/points_decim_1,random 0.600000,162,0.599998,2350,0,3.625,2.17499,
/os_cloud_node/points_decim_1,random 0.600000,163,0.599998,2400,0,3.625,2.17499,
/os_cloud_node/points_decim_1,random 0.600000,164,0.599998,2410,0,3.625,2.17499,
/os_cloud_node/points_decim_1,random 0.600000,165,0.599998,2430,0,3.625,2.17499,
/os_cloud_node/points_decim_1,random 0.600000,166,0.599998,2354,0,3.625,2.17499,
/os_cloud_node/points_decim_1,random 0.600000,167,0.599998,2540,0,3.625,2.17499,
/os_cloud_node/points_decim_1,random 0.600000,168,0.599998,2420,0,3.625,2.17499,
/os_cloud_node/points_decim_1,random 0.600000,169,0.599998,2482,0,3.625,2.17499,
/os_cloud_node/points_decim_1,random 0.600000,170,0.599998,2496,0,3.625,2.17499,
/os_cloud_node/points_decim_1,random 0.600000,171,0.599998,2388,0,3.625,2.17499,
/os_cloud_node/points_decim_1,random 0.600000,172,0.599998,2381,0,3.625,2.17499,
/os_cloud_node/points_decim_1,random 0.600000,173,0.599998,2491,0,3.625,2.17499,
/os_cloud_node/points_decim_1,random 0.600000,174,0.599998,2419,0,3.625,2.17499,
/os_cloud_node/points_decim_1,random 0.600000,175,0.599998,2480,0,3.625,2.17499,
/os_cloud_node/points_decim_1,random 0.600000,176,0.599998,2493,0,3.625,2.17499,
/os_cloud_node/points_decim_1,random 0.600000,177,0.599998,2360,0,3.625,2.17499,
/os_cloud_node/points_decim_1,random 0.600000,178,0.599998,2467,0,3.625,2.17499,
/os_cloud_node/points_decim_1,random 0.600000,179,0.599998,2569,0,3.625,2.17499,
/os_cloud_node/points_decim_1,random 0.600000,180,0.599998,2479,0,3.625,2.17499,
/os_cloud_node/points_decim_1,random 0.600000,181,0.599998,2443,0,3.625,2.17499,
/os_cloud_node/points_decim_1,random 0.600000,182,0.599998,2383,0,3.625,2.17499,
/os_cloud_node/points_decim_1,random 0.600000,183,0.599998,2417,0,3.625,2.17499,
/os_cloud_node/points_decim_1,random 0.600000,184,0.599998,2561,0,3.625,2.17499,
/os_cloud_node/points_decim_1,random 0.600000,185,0.599998,2360,0,3.625,2.17499,
/os_cloud_node/points_decim_1,random 0.600000,186,0.599998,2382,0,3.625,2.17499,
/os_cloud_node/points_decim_1,random 0.600000,187,0.599998,2485,0,3.625,2.17499,
/os_cloud_node/points_decim_1,random 0.600000,188,0.599998,2426,0,3.625,2.17499,
/os_cloud_node/points_decim_1,random 0.600000,189,0.599998,2439,0,3.625,2.17499,
/os_cloud_node/points_decim_1,random 0.600000,190,0.599998,2492,0,3.625,2.17499,
/os_cloud_node/points_decim_1,random 0.600000,191,0.599998,2336,0,3.625,2.17499,
/os_cloud_node/points_decim_1,random 0.600000,192,0.599998,2420,0,3.625,2.17499,
/os_cloud_node/points_decim_1,random 0.600000,193,0.599998,2450,0,3.625,2.17499,
/os_cloud_node/points_decim_1,random 0.600000,194,0.599998,2468,0,3.625,2.17499,
/os_cloud_node/points_decim_1,random 0.600000,195,0.599998,2536,0,3.625,2.17499,
/os_cloud_node/points_decim_1,random 0.600000,196,0.599998,2477,0,3.625,2.17499,
/os_cloud_node/points_decim_1,random 0.600000,197,0.599998,2486,0,3.625,2.17499,
/os_cloud_node/points_decim_1,random 0.600000,198,0.599998,2404,0,3.625,2.17499,
/os_cloud_node/points_decim_1,random 0.600000,199,0.599998,2414,0,3.625,2.17499,
/os_cloud_node/points_decim_1,random 0.600000,200,0.599998,2347,0,3.625,2.17499,
/os_cloud_node/points_decim_1,random 0.600000,201,0.599998,2501,0,3.625,2.17499,
/os_cloud_node/points_decim_1,random 0.600000,202,0.599998,2423,0,3.625,2.17499,
/os_cloud_node/points_decim_1,random 0.600000,203,0.599998,2474,0,3.625,2.17499,
/os_cloud_node/points_decim_1,random 0.600000,204,0.599998,2459,0,3.625,2.17499,
/os_cloud_node/points_decim_1,random 0.600000,205,0.599998,2341,0,3.625,2.17499,
/os_cloud_node/points_decim_1,random 0.600000,206,0.599998,2439,0,3.625,2.17499,
/os_cloud_node/points_decim_1,random 0.600000,207,0.599998,2467,0,3.625,2.17499,
/os_cloud_node/points_decim_1,random 0.600000,208,0.599998,2403,0,3.625,2.17499,
/os_cloud_node/points_decim_1,random 0.600000,209,0.599998,2437,0,3.625,2.17499,
/os_cloud_node/points_decim_1,random 0.600000,210,0.599998,2390,0,3.625,2.17499,
/os_cloud_node/points_decim_1,random 0.600000,211,0.599998,2372,0,3.625,2.17499,
/os_cloud_node/points_decim_1,random 0.600000,212,0.599998,2429,0,3.625,2.17499,
/os_cloud_node/points_decim_1,random 0.600000,213,0.599998,2445,0,3.625,2.17499,
/os_cloud_node/points_decim_1,random 0.600000,214,0.599998,2536,0,3.625,2.17499,
/os_cloud_node/points_decim_1,random 0.600000,215,0.599998,2473,0,3.625,2.17499,
/os_cloud_node/points_decim_1,random 0.600000,216,0.599998,2366,0,3.625,2.17499,
/os_cloud_node/points_decim_1,random 0.600000,217,0.599998,2613,0,3.625,2.17499,
/os_cloud_node/points_decim_1,random 0.600000,218,0.599998,2438,0,3.625,2.17499,
/os_cloud_node/points_decim_1,random 0.600000,219,0.599998,2388,0,3.625,2.17499,
/os_cloud_node/points_decim_1,random 0.600000,220,0.599998,2471,0,3.625,2.17499,
/os_cloud_node/points_decim_1,random 0.600000,221,0.599998,2397,0,3.625,2.17499,
/os_cloud_node/points_decim_1,random 0.600000,222,0.599998,2547,0,3.625,2.17499,
/os_cloud_node/points_decim_1,random 0.600000,223,0.599998,2445,0,3.625,2.17499,
/os_cloud_node/points_decim_1,random 0.600000,224,0.599998,2443,0,3.625,2.17499,
/os_cloud_node/points_decim_1,random 0.600000,225,0.599998,2414,0,3.625,2.17499,
/os_cloud_node/points_decim_1,random 0.600000,226,0.599998,2517,0,3.625,2.17499,
/os_cloud_node/points_decim_1,random 0.600000,227,0.599998,2424,0,3.625,2.17499,
/os_cloud_node/points_decim_1,random 0.600000,228,0.599998,2407,0,3.625,2.17499,
/os_cloud_node/points_decim_1,random 0.600000,229,0.599998,2477,0,3.625,2.17499,
/os_cloud_node/points_decim_1,random 0.600000,230,0.599998,2552,0,3.625,2.17499,
/os_cloud_node/points_decim_1,random 0.600000,231,0.599998,2393,0,3.625,2.17499,
/os_cloud_node/points_decim_1,random 0.600000,232,0.599998,2358,0,3.625,2.17499,
/os_cloud_node/points_decim_1,random 0.600000,233,0.599998,2399,0,3.625,2.17499,
/os_cloud_node/points_decim_1,random 0.600000,234,0.599998,2444,0,3.625,2.17499,
/os_cloud_node/points_decim_1,random 0.600000,235,0.599998,2486,0,3.625,2.17499,
/os_cloud_node/points_decim_1,random 0.600000,236,0.599998,2454,0,3.625,2.17499,
/os_cloud_node/points_decim_1,random 0.600000,237,0.599998,2566,0,3.625,2.17499,
/os_cloud_node/points_decim_1,random 0.800000,0,0.799995,2297,0,3.625,2.89998,
/os_cloud_node/points_decim_1,random 0.800000,1,0.799995,2267,0,3.625,2.89998,
/os_cloud_node/points_decim_1,random 0.800000,2,0.799995,2266,0,3.625,2.89998,
/os_cloud_node/points_decim_1,random 0.800000,3,0.799995,2395,0,3.625,2.89998,
/os_cloud_node/points_decim_1,random 0.800000,4,0.799995,2365,0,3.625,2.89998,
/os_cloud_node/points_decim_1,random 0.800000,5,0.799995,2397,0,3.625,2.89998,
/os_cloud_node/points_decim_1,random 0.800000,6,0.799995,2430,0,3.625,2.89998,
/os_cloud_node/points_decim_1,random 0.800000,7,0.799995,2457,0,3.625,2.89998,
/os_cloud_node/points_decim_1,random 0.800000,8,0.799995,2241,0,3.625,2.89998,
/os_cloud_node/points_decim_1,random 0.800000,9,0.799995,2329,0,3.625,2.89998,
/os_cloud_node/points_decim_1,random 0.800000,10,0.799995,2229,0,3.625,2.89998,
/os_cloud_node/points_decim_1,random 0.800000,11,0.799995,2296,0,3.625,2.89998,
/os_cloud_node/points_decim_1,random 0.800000,12,0.799995,2497,0,3.625,2.89998,
/os_cloud_node/points_decim_1,random 0.800000,13,0.799995,2364,0,3.625,2.89998,
/os_cloud_node/points_decim_1,random 0.800000,14,0.799995,2378,0,3.625,2.89998,
/os_cloud_node/points_decim_1,random 0.800000,15,0.799995,2308,0,3.625,2.89998,
/os_cloud_node/points_decim_1,random 0.800000,16,0.799995,2527,0,3.625,2.89998,
/os_cloud_node/points_decim_1,random 0.800000,17,0.799995,2288,0,3.625,2.89998,
/os_cloud_node/points_decim_1,random 0.800000,18,0.799995,2248,0,3.625,2.89998,
/os_cloud_node/points_decim_1,random 0.800000,19,0.799995,2438,0,3.625,2.89998,
/os_cloud_node/points_decim_1,random 0.800000,20,0.799995,2309,0,3.625,2.89998,
/os_cloud_node/points_decim_1,random 0.800000,21,0.799995,2242,0,3.625,2.89998,
/os_cloud_node/points_decim_1,random 0.800000,22,0.799995,2362,0,3.625,2.89998,
/os_cloud_node/points_decim_1,random 0.800000,23,0.799995,2230,0,3.625,2.89998,
/os_cloud_node/points_decim_1,random 0.800000,24,0.799995,2305,0,3.625,2.89998,
/os_cloud_node/points_decim_1,random 0.800000,25,0.799995,2229,0,3.625,2.89998,
/os_cloud_node/points_decim_1,random 0.800000,26,0.799995,2301,0,3.625,2.89998,
/os_cloud_node/points_decim_1,random 0.800000,27,0.799995,2223,0,3.625,2.89998,
/os_cloud_node/points_decim_1,random 0.800000,28,0.799995,2300,0,3.625,2.89998,
/os_cloud_node/points_decim_1,random 0.800000,29,0.799995,2262,0,3.625,2.89998,
/os_cloud_node/points_decim_1,random 0.800000,30,0.799995,2227,0,3.625,2.89998,
/os_cloud_node/points_decim_1,random 0.800000,31,0.799995,2315,0,3.625,2.89998,
/os_cloud_node/points_decim_1,random 0.800000,32,0.799995,2353,0,3.625,2.89998,
/os_cloud_node/points_decim_1,random 0.800000,33,0.799995,2269,0,3.625,2.89998,
/os_cloud_node/points_decim_1,random 0.800000,34,0.799995,2313,0,3.625,2.89998,
/os_cloud_node/points_decim_1,random 0.800000,35,0.799995,2305,0,3.625,2.89998,
/os_cloud_node/points_decim_1,random 0.800000,36,0.799995,2222,0,3.625,2.89998,
/os_cloud_node/points_decim_1,random 0.800000,37,0.799995,2222,0,3.625,2.89998,
/os_cloud_node/points_decim_1,random 0.800000,38,0.799995,2232,0,3.625,2.89998,
/os_cloud_node/points_decim_1,random 0.800000,39,0.799995,2329,0,3.625,2.89998,
/os_cloud_node/points_decim_1,random 0.800000,40,0.799995,2249,0,3.625,2.89998,
/os_cloud_node/points_decim_1,random 0.800000,41,0.799995,2371,0,3.625,2.89998,
/os_cloud_node/points_decim_1,random 0.800000,42,0.799995,2401,0,3.625,2.89998,
/os_cloud_node/points_decim_1,random 0.800000,43,0.799995,2286,0,3.625,2.89998,
/os_cloud_node/points_decim_1,random 0.800000,44,0.799995,2425,0,3.625,2.89998,
/os_cloud_node/points_decim_1,random 0.800000,45,0.799995,2286,0,3.625,2.89998,
/os_cloud_node/points_decim_1,random 0.800000,46,0.799995,2350,0,3.625,2.89998,
/os_cloud_node/points_decim_1,random 0.800000,47,0.799995,2379,0,3.625,2.89998,
/os_cloud_node/points_decim_1,random 0.800000,48,0.799995,2298,0,3.625,2.89998,
/os_cloud_node/points_decim_1,random 0.800000,49,0.799995,2382,0,3.625,2.89998,
/os_cloud_node/points_decim_1,random 0.800000,50,0.799995,2369,0,3.625,2.89998,
/os_cloud_node/points_decim_1,random 0.800000,51,0.799995,2372,0,3.625,2.89998,
/os_cloud_node/points_decim_1,random 0.800000,52,0.799995,2262,0,3.625,2.89998,
/os_cloud_node/points_decim_1,random 0.800000,53,0.799995,2311,0,3.625,2.89998,
/os_cloud_node/points_decim_1,random 0.800000,54,0.799995,2316,0,3.625,2.89998,
/os_cloud_node/points_decim_1,random 0.800000,55,0.799995,2199,0,3.625,2.89998,
/os_cloud_node/points_decim_1,random 0.800000,56,0.799995,2332,0,3.625,2.89998,
/os_cloud_node/points_decim_1,random 0.800000,57,0.799995,2267,0,3.625,2.89998,
/os_cloud_node/points_decim_1,random 0.800000,58,0.799995,2349,0,3.625,2.89998,
/os_cloud_node/points_decim_1,random 0.800000,59,0.799995,2314,0,3.625,2.89998,
/os_cloud_node/points_decim_1,random 0.800000,60,0.799995,2231,0,3.625,2.89998,
/os_cloud_node/points_decim_1,random 0.800000,61,0.799995,2370,0,3.625,2.89998,
/os_cloud_node/points_decim_1,random 0.800000,62,0.799995,2321,0,3.625,2.89998,
/os_cloud_node/points_decim_1,random 0.800000,63,0.799995,2326,0,3.625,2.89998,
/os_cloud_node/points_decim_1,random 0.800000,64,0.799995,2476,0,3.625,2.89998,
/os_cloud_node/points_decim_1,random 0.800000,65,0.799995,2372,0,3.625,2.89998,
/os_cloud_node/points_decim_1,random 0.800000,66,0.799995,2410,0,3.625,2.89998,
/os_cloud_node/points_decim_1,random 0.800000,67,0.799995,2225,0,3.625,2.89998,
/os_cloud_node/points_decim_1,random 0.800000,68,0.799995,2462,0,3.625,2.89998,
/os_cloud_node/points_decim_1,random 0.800000,69,0.799995,2474,0,3.625,2.89998,
/os_cloud_node/points_decim_1,random 0.800000,70,0.799995,2419,0,3.625,2.89998,
/os_cloud_node/points_decim_1,random 0.800000,71,0.799995,2316,0,3.625,2.89998,
/os_cloud_node/points_decim_1,random 0.800000,72,0.799995,2353,0,3.625,2.89998,
/os_cloud_node/points_decim_1,random 0.800000,73,0.799995,2255,0,3.625,2.89998,
/os_cloud_node/points_decim_1,random 0.800000,74,0.799995,2223,0,3.625,2.89998,
/os_cloud_node/points_decim_1,random 0.800000,75,0.799995,2217,0,3.625,2.89998,
/os_cloud_node/points_decim_1,random 0.800000,76,0.799995,2407,0,3.625,2.89998,
/os_cloud_node/points_decim_1,random 0.800000,77,0.799995,2424,0,3.625,2.89998,
/os_cloud_node/points_decim_1,random 0.800000,78,0.799995,2266,0,3.625,2.89998,
/os_cloud_node/points_decim_1,random 0.800000,79,0.799995,2265,0,3.625,2.89998,
/os_cloud_node/points_decim_1,random 0.800000,80,0.799995,2272,0,3.625,2.89998,
/os_cloud_node/points_decim_1,random 0.800000,81,0.799995,2288,0,3.625,2.89998,
/os_cloud_node/points_decim_1,random 0.800000,82,0.799995,2292,0,3.625,2.89998,
/os_cloud_node/points_decim_1,random 0.800000,83,0.799995,2324,0,3.625,2.89998,
/os_cloud_node/points_decim_1,random 0.800000,84,0.799995,2420,0,3.625,2.89998,
/os_cloud_node/points_decim_1,random 0.800000,85,0.799995,2355,0,3.625,2.89998,
/os_cloud_node/points_decim_1,random 0.800000,86,0.799995,2397,0,3.625,2.89998,
/os_cloud_node/points_decim_1,random 0.800000,87,0.799995,2262,0,3.625,2.89998,
/os_cloud_node/points_decim_1,random 0.800000,88,0.799995,2365,0,3.625,2.89998,
/os_cloud_node/points_decim_1,random 0.800000,89,0.799995,2278,0,3.625,2.89998,
/os_cloud_node/points_decim_1,random 0.800000,90,0.799995,2249,0,3.625,2.89998,
/os_cloud_node/points_decim_1,random 0.800000,91,0.799995,2227,0,3.625,2.89998,
/os_cloud_node/points_decim_1,random 0.800000,92,0.799995,2235,0,3.625,2.89998,
/os_cloud_node/points_decim_1,random 0.800000,93,0.799995,2361,0,3.625,2.89998,
/os_cloud_node/points_decim_1,random 0.800000,94,0.799995,2289,0,3.625,2.89998,
/os_cloud_node/points_decim_1,random 0.800000,95,0.799995,2366,0,3.625,2.89998,
/os_cloud_node/points_decim_1,random 0.800000,96,0.799995,2350,0,3.625,2.89998,
/os_cloud_node/points_decim_1,random 0.800000,97,0.799995,2351,0,3.625,2.89998,
/os_cloud_node/points_decim_1,random 0.800000,98,0.799995,2274,0,3.625,2.89998,
/os_cloud_node/points_decim_1,random 0.800000,99,0.799995,2312,0,3.625,2.89998,
/os_cloud_node/points_decim_1,random 0.800000,100,0.799995,2479,0,3.625,2.89998,
/os_cloud_node/points_decim_1,random 0.800000,101,0.799995,2461,0,3.625,2.89998,
/os_cloud_node/points_decim_1,random 0.800000,102,0.799995,2227,0,3.625,2.89998,
/os_cloud_node/points_decim_1,random 0.800000,103,0.799995,2386,0,3.625,2.89998,
/os_cloud_node/points_decim_1,random 0.800000,104,0.799995,2278,0,3.625,2.89998,
/os_cloud_node/points_decim_1,random 0.800000,105,0.799995,2379,0,3.625,2.89998,
/os_cloud_node/points_decim_1,random 0.800000,106,0.799995,2416,0,3.625,2.89998,
/os_cloud_node/points_decim_1,random 0.800000,107,0.799995,2355,0,3.625,2.89998,
/os_cloud_node/points_decim_1,random 0.800000,108,0.799995,2381,0,3.625,2.89998,
/os_cloud_node/points_decim_1,random 0.800000,109,0.799995,2404,0,3.625,2.89998,
/os_cloud_node/points_decim_1,random 0.800000,110,0.799995,2445,0,3.625,2.89998,
/os_cloud_node/points_decim_1,random 0.800000,111,0.799995,2464,0,3.625,2.89998,
/os_cloud_node/points_decim_1,random 0.800000,112,0.799995,2320,0,3.625,2.89998,
/os_cloud_node/points_decim_1,random 0.800000,113,0.799995,2228,0,3.625,2.89998,
/os_cloud_node/points_decim_1,random 0.800000,114,0.799995,2528,0,3.625,2.89998,
/os_cloud_node/points_decim_1,random 0.800000,115,0.799995,2365,0,3.625,2.89998,
/os_cloud_node/points_decim_1,random 0.800000,116,0.799995,2227,0,3.625,2.89998,
/os_cloud_node/points_decim_1,random 0.800000,117,0.799995,2354,0,3.625,2.89998,
/os_cloud_node/points_decim_1,random 0.800000,118,0.799995,2389,0,3.625,2.89998,
/os_cloud_node/points_decim_1,random 0.800000,119,0.799995,2401,0,3.625,2.89998,
/os_cloud_node/points_decim_1,random 0.800000,120,0.799995,2351,0,3.625,2.89998,
/os_cloud_node/points_decim_1,random 0.800000,121,0.799995,2383,0,3.625,2.89998,
/os_cloud_node/points_decim_1,random 0.800000,122,0.799995,2272,0,3.625,2.89998,
/os_cloud_node/points_decim_1,random 0.800000,123,0.799995,2385,0,3.625,2.89998,
/os_cloud_node/points_decim_1,random 0.800000,124,0.799995,2268,0,3.625,2.89998,
/os_cloud_node/points_decim_1,random 0.800000,125,0.799995,2305,0,3.625,2.89998,
/os_cloud_node/points_decim_1,random 0.800000,126,0.799995,2367,0,3.625,2.89998,
/os_cloud_node/points_decim_1,random 0.800000,127,0.799995,2314,0,3.625,2.89998,
/os_cloud_node/points_decim_1,random 0.800000,128,0.799995,2325,0,3.625,2.89998,
/os_cloud_node/points_decim_1,random 0.800000,129,0.799995,2259,0,3.625,2.89998,
/os_cloud_node/points_decim_1,random 0.800000,130,0.799995,2231,0,3.625,2.89998,
/os_cloud_node/points_decim_1,random 0.800000,131,0.799995,2232,0,3.625,2.89998,
/os_cloud_node/points_decim_1,random 0.800000,132,0.799995,2244,0,3.625,2.89998,
/os_cloud_node/points_decim_1,random 0.800000,133,0.799995,2345,0,3.625,2.89998,
/os_cloud_node/points_decim_1,random 0.800000,134,0.799995,2346,0,3.625,2.89998,
/os_cloud_node/points_decim_1,random 0.800000,135,0.799995,2227,0,3.625,2.89998,
/os_cloud_node/points_decim_1,random 0.800000,136,0.799995,2266,0,3.625,2.89998,
/os_cloud_node/points_decim_1,random 0.800000,137,0.799995,2257,0,3.625,2.89998,
/os_cloud_node/points_decim_1,random 0.800000,138,0.799995,2291,0,3.625,2.89998,
/os_cloud_node/points_decim_1,random 0.800000,139,0.799995,2230,0,3.625,2.89998,
/os_cloud_node/points_decim_1,random 0.800000,140,0.799995,2260,0,3.625,2.89998,
/os_cloud_node/points_decim_1,random 0.800000,141,0.799995,2265,0,3.625,2.89998,
/os_cloud_node/points_decim_1,random 0.800000,142,0.799995,2316,0,3.625,2.89998,
/os_cloud_node/points_decim_1,random 0.800000,143,0.799995,2264,0,3.625,2.89998,
/os_cloud_node/points_decim_1,random 0.800000,144,0.799995,2230,0,3.625,2.89998,
/os_cloud_node/points_decim_1,random 0.800000,145,0.799995,2226,0,3.625,2.89998,
/os_cloud_node/points_decim_1,random 0.800000,146,0.799995,2285,0,3.625,2.89998,
/os_cloud_node/points_decim_1,random 0.800000,147,0.799995,2386,0,3.625,2.89998,
/os_cloud_node/points_decim_1,random 0.800000,148,0.799995,2243,0,3.625,2.89998,
/os_cloud_node/points_decim_1,random 0.800000,149,0.799995,2284,0,3.625,2.89998,
/os_cloud_node/points_decim_1,random 0.800000,150,0.799995,2336,0,3.625,2.89998,
/os_cloud_node/points_decim_1,random 0.800000,151,0.799995,2300,0,3.625,2.89998,
/os_cloud_node/points_decim_1,random 0.800000,152,0.799995,2317,0,3.625,2.89998,
/os_cloud_node/points_decim_1,random 0.800000,153,0.799995,2397,0,3.625,2.89998,
/os_cloud_node/points_decim_1,random 0.800000,154,0.799995,2388,0,3.625,2.89998,
/os_cloud_node/points_decim_1,random 0.800000,155,0.799995,2345,0,3.625,2.89998,
/os_cloud_node/points_decim_1,random 0.800000,156,0.799995,2388,0,3.625,2.89998,
/os_cloud_node/points_decim_1,random 0.800000,157,0.799995,2318,0,3.625,2.89998,
/os_cloud_node/points_decim_1,random 0.800000,158,0.799995,2268,0,3.625,2.89998,
/os_cloud_node/points_decim_1,random 0.800000,159,0.799995,2317,0,3.625,2.89998,
/os_cloud_node/points_decim_1,random 0.800000,160,0.799995,2316,0,3.625,2.89998,
/os_cloud_node/points_decim_1,random 0.800000,161,0.799995,2274,0,3.625,2.89998,
/os_cloud_node/points_decim_1,random 0.800000,162,0.799995,2235,0,3.625,2.89998,
/os_cloud_node/points_decim_1,random 0.800000,163,0.799995,2283,0,3.625,2.89998,
/os_cloud_node/points_decim_1,random 0.800000,164,0.799995,2230,0,3.625,2.89998,
/os_cloud_node/points_decim_1,random 0.800000,165,0.799995,2431,0,3.625,2.89998,
/os_cloud_node/points_decim_1,random 0.800000,166,0.799995,2296,0,3.625,2.89998,
/os_cloud_node/points_decim_1,random 0.800000,167,0.799995,2380,0,3.625,2.89998,
/os_cloud_node/points_decim_1,random 0.800000,168,0.799995,2286,0,3.625,2.89998,
/os_cloud_node/points_decim_1,random 0.800000,169,0.799995,2281,0,3.625,2.89998,
/os_cloud_node/points_decim_1,random 0.800000,170,0.799995,2383,0,3.625,2.89998,
/os_cloud_node/points_decim_1,random 0.800000,171,0.799995,2328,0,3.625,2.89998,
/os_cloud_node/points_decim_1,random 0.800000,172,0.799995,2335,0,3.625,2.89998,
/os_cloud_node/points_decim_1,random 0.800000,173,0.799995,2506,0,3.625,2.89998,
/os_cloud_node/points_decim_1,random 0.800000,174,0.799995,2271,0,3.625,2.89998,
/os_cloud_node/points_decim_1,random 0.800000,175,0.799995,2458,0,3.625,2.89998,
/os_cloud_node/points_decim_1,random 0.800000,176,0.799995,2359,0,3.625,2.89998,
/os_cloud_node/points_decim_1,random 0.800000,177,0.799995,2339,0,3.625,2.89998,
/os_cloud_node/points_decim_1,random 0.800000,178,0.799995,2387,0,3.625,2.89998,
/os_cloud_node/points_decim_1,random 0.800000,179,0.799995,2384,0,3.625,2.89998,
/os_cloud_node/points_decim_1,random 0.800000,180,0.799995,2412,0,3.625,2.89998,
/os_cloud_node/points_decim_1,random 0.800000,181,0.799995,2393,0,3.625,2.89998,
/os_cloud_node/points_decim_1,random 0.800000,182,0.799995,2311,0,3.625,2.89998,
/os_cloud_node/points_decim_1,random 0.800000,183,0.799995,2267,0,3.625,2.89998,
/os_cloud_node/points_decim_1,random 0.800000,184,0.799995,2347,0,3.625,2.89998,
/os_cloud_node/points_decim_1,random 0.800000,185,0.799995,2223,0,3.625,2.89998,
/os_cloud_node/points_decim_1,random 0.800000,186,0.799995,2246,0,3.625,2.89998,
/os_cloud_node/points_decim_1,random 0.800000,187,0.799995,2348,0,3.625,2.89998,
/os_cloud_node/points_decim_1,random 0.800000,188,0.799995,2298,0,3.625,2.89998,
/os_cloud_node/points_decim_1,random 0.800000,189,0.799995,2365,0,3.625,2.89998,
/os_cloud_node/points_decim_1,random 0.800000,190,0.799995,2404,0,3.625,2.89998,
/os_cloud_node/points_decim_1,random 0.800000,191,0.799995,2258,0,3.625,2.89998,
/os_cloud_node/points_decim_1,random 0.800000,192,0.799995,2276,0,3.625,2.89998,
/os_cloud_node/points_decim_1,random 0.800000,193,0.799995,2346,0,3.625,2.89998,
/os_cloud_node/points_decim_1,random 0.800000,194,0.799995,2410,0,3.625,2.89998,
/os_cloud_node/points_decim_1,random 0.800000,195,0.799995,2388,0,3.625,2.89998,
/os_cloud_node/points_decim_1,random 0.800000,196,0.799995,2380,0,3.625,2.89998,
/os_cloud_node/points_decim_1,random 0.800000,197,0.799995,2371,0,3.625,2.89998,
/os_cloud_node/points_decim_1,random 0.800000,198,0.799995,2400,0,3.625,2.89998,
/os_cloud_node/points_decim_1,random 0.800000,199,0.799995,2280,0,3.625,2.89998,
/os_cloud_node/points_decim_1,random 0.800000,200,0.799995,2250,0,3.625,2.89998,
/os_cloud_node/points_decim_1,random 0.800000,201,0.799995,2381,0,3.625,2.89998,
/os_cloud_node/points_decim_1,random 0.800000,202,0.799995,2287,0,3.625,2.89998,
/os_cloud_node/points_decim_1,random 0.800000,203,0.799995,2281,0,3.625,2.89998,
/os_cloud_node/points_decim_1,random 0.800000,204,0.799995,2292,0,3.625,2.89998,
/os_cloud_node/points_decim_1,random 0.800000,205,0.799995,2328,0,3.625,2.89998,
/os_cloud_node/points_decim_1,random 0.800000,206,0.799995,2276,0,3.625,2.89998,
/os_cloud_node/points_decim_1,random 0.800000,207,0.799995,2262,0,3.625,2.89998,
/os_cloud_node/points_decim_1,random 0.800000,208,0.799995,2232,0,3.625,2.89998,
/os_cloud_node/points_decim_1,random 0.800000,209,0.799995,2362,0,3.625,2.89998,
/os_cloud_node/points_decim_1,random 0.800000,210,0.799995,2233,0,3.625,2.89998,
/os_cloud_node/points_decim_1,random 0.800000,211,0.799995,2223,0,3.625,2.89998,
/os_cloud_node/points_decim_1,random 0.800000,212,0.799995,2291,0,3.625,2.89998,
/os_cloud_node/points_decim_1,random 0.800000,213,0.799995,2232,0,3.625,2.89998,
/os_cloud_node/points_decim_1,random 0.800000,214,0.799995,2376,0,3.625,2.89998,
/os_cloud_node/points_decim_1,random 0.800000,215,0.799995,2427,0,3.625,2.89998,
/os_cloud_node/points_decim_1,random 0.800000,216,0.799995,2225,0,3.625,2.89998,
/os_cloud_node/points_decim_1,random 0.800000,217,0.799995,2460,0,3.625,2.89998,
/os_cloud_node/points_decim_1,random 0.800000,218,0.799995,2364,0,3.625,2.89998,
/os_cloud_node/points_decim_1,random 0.800000,219,0.799995,2280,0,3.625,2.89998,
/os_cloud_node/points_decim_1,random 0.800000,220,0.799995,2360,0,3.625,2.89998,
/os_cloud_node/points_decim_1,random 0.800000,221,0.799995,2315,0,3.625,2.89998,
/os_cloud_node/points_decim_1,random 0.800000,222,0.799995,2349,0,3.625,2.89998,
/os_cloud_node/points_decim_1,random 0.800000,223,0.799995,2397,0,3.625,2.89998,
/os_cloud_node/points_decim_1,random 0.800000,224,0.799995,2292,0,3.625,2.89998,
/os_cloud_node/points_decim_1,random 0.800000,225,0.799995,2262,0,3.625,2.89998,
/os_cloud_node/points_decim_1,random 0.800000,226,0.799995,2347,0,3.625,2.89998,
/os_cloud_node/points_decim_1,random 0.800000,227,0.799995,2273,0,3.625,2.89998,
/os_cloud_node/points_decim_1,random 0.800000,228,0.799995,2362,0,3.625,2.89998,
/os_cloud_node/points_decim_1,random 0.800000,229,0.799995,2226,0,3.625,2.89998,
/os_cloud_node/points_decim_1,random 0.800000,230,0.799995,2444,0,3.625,2.89998,
/os_cloud_node/points_decim_1,random 0.800000,231,0.799995,2341,0,3.625,2.89998,
/os_cloud_node/points_decim_1,random 0.800000,232,0.799995,2323,0,3.625,2.89998,
/os_cloud_node/points_decim_1,random 0.800000,233,0.799995,2217,0,3.625,2.89998,
/os_cloud_node/points_decim_1,random 0.800000,234,0.799995,2333,0,3.625,2.89998,
/os_cloud_node/points_decim_1,random 0.800000,235,0.799995,2259,0,3.625,2.89998,
/os_cloud_node/points_decim_1,random 0.800000,236,0.799995,2370,0,3.625,2.89998,
/os_cloud_node/points_decim_1,random 0.800000,237,0.799995,2274,0,3.625,2.89998,
