data_sequence,method,byte_size,encode_speed,decode_speed,quantization_precision,gigabyte_size,slam_method,rmse,mean,median,std,min,max,sse
campus,cloudini,11034365747.0,,,0.001,,LOAM,1.72,,,,,4.77,
campus,cloudini,11034365747.0,,,0.001,,SPARK-FAST-LIO,1.32,,,,,3.11,
campus,cloudini,11034365747.0,,,0.001,,,,,,,,,
campus,cloudini,10153246387.0,,,0.01,,LOAM,1.58,,,,,4.25,
campus,cloudini,10153246387.0,,,0.01,,SPARK-FAST-LIO,1.35,,,,,3.34,
campus,cloudini,10153246387.0,,,0.01,,,,,,,,,
campus,cloudini,9670856743.0,,,0.1,,LOAM,1.15,,,,,2.74,
campus,cloudini,9670856743.0,,,0.1,,SPARK-FAST-LIO,1.32,,,,,2.92,
campus,cloudini,9670856743.0,,,0.1,,,,,,,,,
campus,cloudini,9511991507.0,,,0.2,,LOAM,1.11,,,,,2.43,
campus,cloudini,9511991507.0,,,0.2,,SPARK-FAST-LIO,0.94,,,,,2.0,
campus,cloudini,9511991507.0,,,0.2,,,,,,,,,
campus,cloudini,9308515399.0,,,0.5,,LOAM,103.17,,,,,300.66,
campus,cloudini,9308515399.0,,,0.5,,SPARK-FAST-LIO,8.93,,,,,16.28,
campus,cloudini,9308515399.0,,,0.5,,,,,,,,,
campus,draco,9552335394.0,10.0,10.0,6.0,,LOAM,220.46,,,,,474.62,
campus,draco,9552335394.0,10.0,10.0,6.0,,SPARK-FAST-LIO,13.68,,,,,45.73,
campus,draco,9552335394.0,10.0,10.0,6.0,,,,,,,,,
campus,draco,9552981246.0,10.0,10.0,8.0,,LOAM,36.85,,,,,104.64,
campus,draco,9552981246.0,10.0,10.0,8.0,,SPARK-FAST-LIO,0.99,,,,,2.45,
campus,draco,9552981246.0,10.0,10.0,8.0,,,,,,,,,
campus,draco,9573501114.0,10.0,10.0,10.0,,LOAM,1.46,,,,,3.93,
campus,draco,9573501114.0,10.0,10.0,10.0,,SPARK-FAST-LIO,1.16,,,,,2.46,
campus,draco,9573501114.0,10.0,10.0,10.0,,,,,,,,,
campus,draco,9702617490.0,10.0,10.0,12.0,,LOAM,1.7,,,,,4.86,
campus,draco,9702617490.0,10.0,10.0,12.0,,SPARK-FAST-LIO,1.32,,,,,2.88,
campus,draco,9702617490.0,10.0,10.0,12.0,,,,,,,,,
campus,draco,10054145602.0,10.0,10.0,14.0,,LOAM,1.45,,,,,4.18,
campus,draco,10054145602.0,10.0,10.0,14.0,,SPARK-FAST-LIO,1.27,,,,,2.92,
campus,draco,10054145602.0,10.0,10.0,14.0,,,,,,,,,
campus,uncompressed,22891490959.0,,,,,LOAM,1.62,,,,,4.5,
campus,uncompressed,22891490959.0,,,,,LOAM,1.62,,,,,4.5,
campus,uncompressed,22891490959.0,,,,,SPARK-FAST-LIO,1.36,,,,,3.27,
campus,uncompressed,22891490959.0,,,,,SPARK-FAST-LIO,1.36,,,,,3.27,
campus,uncompressed,22891490959.0,,,,,,,,,,,,
ciampino,cloudini,28469449869.0,,,0.001,,LOAM,5.9,,,,,16.35,
ciampino,cloudini,28469449869.0,,,0.001,,SPARK-FAST-LIO,5.09,,,,,12.03,
ciampino,cloudini,28469449869.0,,,0.001,,,,,,,,,
ciampino,cloudini,26274598077.0,,,0.01,,LOAM,5.88,,,,,16.4,
ciampino,cloudini,26274598077.0,,,0.01,,SPARK-FAST-LIO,5.04,,,,,13.35,
ciampino,cloudini,26274598077.0,,,0.01,,,,,,,,,
ciampino,cloudini,24978127189.0,,,0.1,,LOAM,8.48,,,,,28.1,
ciampino,cloudini,24978127189.0,,,0.1,,SPARK-FAST-LIO,4.93,,,,,12.61,
ciampino,cloudini,24978127189.0,,,0.1,,,,,,,,,
ciampino,cloudini,24597365517.0,,,0.2,,LOAM,15.89,,,,,35.09,
ciampino,cloudini,24597365517.0,,,0.2,,SPARK-FAST-LIO,3.08,,,,,13.35,
ciampino,cloudini,24597365517.0,,,0.2,,,,,,,,,
ciampino,cloudini,24099387333.0,,,0.5,,LOAM,584.6,,,,,1586.31,
ciampino,cloudini,24099387333.0,,,0.5,,SPARK-FAST-LIO,32.8,,,,,84.35,
ciampino,cloudini,24099387333.0,,,0.5,,,,,,,,,
ciampino,draco,24750594086.0,10.0,10.0,6.0,,LOAM,493.24,,,,,1069.93,
ciampino,draco,24750594086.0,10.0,10.0,6.0,,SPARK-FAST-LIO,114.37,,,,,286.56,
ciampino,draco,24750594086.0,10.0,10.0,6.0,,,,,,,,,
ciampino,draco,24751893750.0,10.0,10.0,8.0,,LOAM,276.16,,,,,584.63,
ciampino,draco,24751893750.0,10.0,10.0,8.0,,SPARK-FAST-LIO,3.75,,,,,11.86,
ciampino,draco,24751893750.0,10.0,10.0,8.0,,,,,,,,,
ciampino,draco,24797923298.0,10.0,10.0,10.0,,LOAM,10.67,,,,,27.77,
ciampino,draco,24797923298.0,10.0,10.0,10.0,,SPARK-FAST-LIO,3.11,,,,,11.02,
ciampino,draco,24797923298.0,10.0,10.0,10.0,,,,,,,,,
ciampino,draco,25122177574.0,10.0,10.0,12.0,,LOAM,7.02,,,,,17.72,
ciampino,draco,25122177574.0,10.0,10.0,12.0,,SPARK-FAST-LIO,2.94,,,,,9.9,
ciampino,draco,25122177574.0,10.0,10.0,12.0,,,,,,,,,
ciampino,draco,26040467346.0,10.0,10.0,14.0,,LOAM,6.04,,,,,16.01,
ciampino,draco,26040467346.0,10.0,10.0,14.0,,SPARK-FAST-LIO,4.59,,,,,12.24,
ciampino,draco,26040467346.0,10.0,10.0,14.0,,,,,,,,,
ciampino,uncompressed,58896690805.0,,,,,LOAM,5.92,,,,,16.33,
ciampino,uncompressed,58896690805.0,,,,,LOAM,5.92,,,,,16.33,
ciampino,uncompressed,58896690805.0,,,,,SPARK-FAST-LIO,4.94,,,,,11.54,
ciampino,uncompressed,58896690805.0,,,,,SPARK-FAST-LIO,4.94,,,,,11.54,
ciampino,uncompressed,58896690805.0,,,,,,,,,,,,
cloister,cloudini,5274888252.0,,,0.001,,LIORF,5.782829918434559,3.1490403769299955,1.3626878611249025,4.850223352589698,0.4863243339228738,20.53950546056638,93100.08327366853
cloister,cloudini,5274888252.0,,,0.001,,LOAM,0.12,,,,,0.33,
cloister,cloudini,5274888252.0,,,0.001,,SPARK-FAST-LIO,0.06,,,,,0.15,
cloister,cloudini,4979576004.0,,,0.01,,LIORF,4.215330839211742,2.490327715317268,1.3312575568272085,3.401070707046862,0.4556553502915737,14.79380109490248,49451.16619579862
cloister,cloudini,4979576004.0,,,0.01,,LOAM,0.12,,,,,0.33,
cloister,cloudini,4979576004.0,,,0.01,,SPARK-FAST-LIO,0.06,,,,,0.16,
cloister,cloudini,4849259860.0,,,0.1,4.5,KISS-ICP,0.6337885983934528,0.4382492834733816,0.307482390462932,0.4578488320271278,0.0304969665035265,3.1724483149684803,1119.5044210330088
cloister,cloudini,4849259860.0,,,0.1,4.5,LIORF,3.428831882647411,1.824949695682684,0.9816104382237838,2.902834250811966,0.1646803144189463,13.903573835425291,32719.41952513548
cloister,cloudini,4849259860.0,,,0.1,,LOAM,0.13,,,,,0.33,
cloister,cloudini,4849259860.0,,,0.1,,LOAM,0.13,,,,,0.33,
cloister,cloudini,4849259860.0,,,0.1,,SPARK-FAST-LIO,0.07,,,,,0.19,
cloister,cloudini,4849259860.0,,,0.1,,SPARK-FAST-LIO,0.07,,,,,0.19,
cloister,cloudini,4800823136.0,,,0.2,4.5,KISS-ICP,0.5614869978811088,0.3454290737662898,0.1989428167431334,0.4426583375318975,0.007073156985318,2.670697805314368,878.6509371764486
cloister,cloudini,4800823136.0,,,0.2,4.5,LIORF,4.542806623400429,2.2483302845471864,0.9059008760647462,3.947417250456147,0.1587930613629628,15.826889017150409,57453.66417702847
cloister,cloudini,4800823136.0,,,0.2,,LOAM,0.22,,,,,0.84,
cloister,cloudini,4800823136.0,,,0.2,,LOAM,0.22,,,,,0.84,
cloister,cloudini,4800823136.0,,,0.2,,SPARK-FAST-LIO,0.1,,,,,0.39,
cloister,cloudini,4800823136.0,,,0.2,,SPARK-FAST-LIO,0.1,,,,,0.39,
cloister,cloudini,4757115220.0,,,0.3,4.4,KISS-ICP,0.4240349166373378,0.3315376675282425,0.2537401686661561,0.2643641154498216,0.0147174680860049,2.1137566466888185,501.11823654051614
cloister,cloudini,4724143400.0,,,0.4,4.4,KISS-ICP,17.56231710209894,13.167119906828576,10.187946656658715,11.621615006266367,0.7084687280425938,54.9871493364891,859608.2948191648
cloister,cloudini,4697483700.0,,,0.5,,LIORF,2864.430560015332,2671.703264014001,2458.3710457248567,1032.9395443135486,607.0096903374061,4675.848027083997,11872580640.767685
cloister,cloudini,4697483700.0,,,0.5,,LOAM,18.03,,,,,31.03,
cloister,cloudini,4697483700.0,,,0.5,,SPARK-FAST-LIO,0.76,,,,,2.6,
cloister,cloudini,4677046012.0,,,0.6,4.4,KISS-ICP,21.901415197979823,20.427996395520168,19.613415932295176,7.897401530814846,2.4529819998421942,38.95597927741062,1336845.829648279
cloister,cloudini,4646942188.0,,,0.8,4.3,KISS-ICP,23.443219529599748,21.94287595829366,20.467275171490435,8.251953501562237,4.753535007008513,36.64734268517581,1531692.118311551
cloister,draco,4265805704.0,10.0,10.0,6.0,4.0,KISS-ICP,20.407469109103555,17.404141062300827,15.95421978278968,10.656484848323585,1.1817666747537985,60.70454036580326,1160687.3848885372
cloister,draco,4265805704.0,10.0,10.0,6.0,4.0,LIORF,1166.5655520386408,1104.3283142869368,935.1927884216224,375.9443595366091,441.1664770719255,1911.9090756990413,1781385620.0490136
cloister,draco,4265805704.0,10.0,10.0,6.0,,LOAM,29.26,,,,,52.23,
cloister,draco,4265805704.0,10.0,10.0,6.0,,LOAM,29.26,,,,,52.23,
cloister,draco,4265805704.0,10.0,10.0,6.0,,SPARK-FAST-LIO,3.04,,,,,16.56,
cloister,draco,4265805704.0,10.0,10.0,6.0,,SPARK-FAST-LIO,3.04,,,,,16.56,
cloister,draco,4266335792.0,10.0,10.0,7.0,4.0,KISS-ICP,2.4965201600289824,1.689359829358667,1.1782282578744967,1.8381175904659608,0.1591099161052039,13.846897224721552,17370.292178584576
cloister,draco,4266335792.0,10.0,10.0,7.0,4.0,LIORF,2354.199724882925,2171.9690983303703,2515.013013386911,908.1886260776436,392.8165926135342,3957.696267763172,6174073567.92767
cloister,draco,4268565668.0,10.0,10.0,8.0,4.0,KISS-ICP,0.4712624672696486,0.3735169514413271,0.2975082259558622,0.2873558769941098,0.035045897677229,1.9243735123949817,618.9601284900727
cloister,draco,4268565668.0,10.0,10.0,8.0,4.0,LIORF,24.593031590571726,5.546506940640791,1.5590173080247625,23.95941283863781,0.2786415482853509,556.4879234800293,1657199.1357127137
cloister,draco,4268565668.0,10.0,10.0,8.0,,LOAM,0.16,,,,,0.44,
cloister,draco,4268565668.0,10.0,10.0,8.0,,LOAM,0.16,,,,,0.44,
cloister,draco,4268565668.0,10.0,10.0,8.0,,SPARK-FAST-LIO,0.26,,,,,1.19,
cloister,draco,4268565668.0,10.0,10.0,8.0,,SPARK-FAST-LIO,0.26,,,,,1.19,
cloister,draco,4276365008.0,10.0,10.0,9.0,4.0,KISS-ICP,0.6532345583035865,0.4565983626870639,0.3456027807903568,0.4671544962360676,0.0037931272367746,3.0137914703666,1189.2557868077215
cloister,draco,4276365008.0,10.0,10.0,9.0,4.0,LIORF,5.8216317089320135,3.759825475937945,2.5237337347159188,4.444671882707507,0.5288846647397222,23.30519552771177,94319.75438461396
cloister,draco,4298244352.0,10.0,10.0,10.0,4.0,KISS-ICP,1.663288591568808,1.19191373001621,0.8664153885625352,1.1601166316546772,0.0991114571569287,7.670778687239739,7710.316152555299
cloister,draco,4298244352.0,10.0,10.0,10.0,4.0,LIORF,23.687487589158657,4.541545656463178,1.2065881136834629,23.24804145163213,0.0810389721343859,505.306001435113,1540211.4524465671
cloister,draco,4298244352.0,10.0,10.0,10.0,,LOAM,0.14,,,,,0.41,
cloister,draco,4298244352.0,10.0,10.0,10.0,,LOAM,0.14,,,,,0.41,
cloister,draco,4298244352.0,10.0,10.0,10.0,,SPARK-FAST-LIO,0.14,,,,,0.58,
cloister,draco,4298244352.0,10.0,10.0,10.0,,SPARK-FAST-LIO,0.14,,,,,0.58,
cloister,draco,4343748180.0,10.0,10.0,11.0,4.1,KISS-ICP,0.4961231193700956,0.3680706401655724,0.2668646408834613,0.3326592151461008,0.0237849368732959,2.0861912322231584,685.9870228613839
cloister,draco,4343748180.0,10.0,10.0,11.0,4.1,LIORF,4.508747503352447,2.596675171806472,1.3390826151652595,3.68593028977906,0.3656959154632931,15.89111312585062,56575.0616683306
cloister,draco,4312582484.0,0.0,6.0,12.0,4.0,KISS-ICP,0.4012405295508752,0.3269628841300914,0.2598455856235886,0.2325709245705473,0.0218169590105166,1.3681244822759149,448.6901736387415
cloister,draco,4418866988.0,0.0,9.0,12.0,4.1,KISS-ICP,0.4012405295508752,0.3269628841300914,0.2598455856235886,0.2325709245705473,0.0218169590105166,1.3681244822759149,448.6901736387415
cloister,draco,4312582484.0,3.0,6.0,12.0,4.0,KISS-ICP,0.4012405295508752,0.3269628841300914,0.2598455856235886,0.2325709245705473,0.0218169590105166,1.3681244822759149,448.6901736387415
cloister,draco,4418866988.0,3.0,9.0,12.0,4.1,KISS-ICP,0.4012405295508752,0.3269628841300914,0.2598455856235886,0.2325709245705473,0.0218169590105166,1.3681244822759149,448.6901736387415
cloister,draco,4312582484.0,6.0,0.0,12.0,4.0,KISS-ICP,0.4012405295508752,0.3269628841300914,0.2598455856235886,0.2325709245705473,0.0218169590105166,1.3681244822759149,448.6901736387415
cloister,draco,4312582484.0,6.0,3.0,12.0,4.0,KISS-ICP,0.4012405295508752,0.3269628841300914,0.2598455856235886,0.2325709245705473,0.0218169590105166,1.3681244822759149,448.6901736387415
cloister,draco,4312582484.0,6.0,6.0,12.0,4.0,KISS-ICP,0.4012405295508752,0.3269628841300914,0.2598455856235886,0.2325709245705473,0.0218169590105166,1.3681244822759149,448.6901736387415
cloister,draco,4418866988.0,6.0,9.0,12.0,4.1,KISS-ICP,0.4012405295508752,0.3269628841300914,0.2598455856235886,0.2325709245705473,0.0218169590105166,1.3681244822759149,448.6901736387415
cloister,draco,4418866988.0,9.0,0.0,12.0,4.1,KISS-ICP,0.4012405295508752,0.3269628841300914,0.2598455856235886,0.2325709245705473,0.0218169590105166,1.3681244822759149,448.6901736387415
cloister,draco,4418866988.0,9.0,3.0,12.0,4.1,KISS-ICP,0.4012405295508752,0.3269628841300914,0.2598455856235886,0.2325709245705473,0.0218169590105166,1.3681244822759149,448.6901736387415
cloister,draco,4418866988.0,9.0,6.0,12.0,4.1,KISS-ICP,0.4012405295508752,0.3269628841300914,0.2598455856235886,0.2325709245705473,0.0218169590105166,1.3681244822759149,448.6901736387415
cloister,draco,4418866988.0,9.0,9.0,12.0,4.1,KISS-ICP,0.4012405295508752,0.3269628841300914,0.2598455856235886,0.2325709245705473,0.0218169590105166,1.3681244822759149,448.6901736387415
cloister,draco,3619824816.0,0.0,0.0,12.0,3.4,KISS-ICP,1.0224125244626612,0.6463548381741476,0.4168224859525521,0.7921822980520223,0.0382416083980095,5.003691820297325,2913.327380686397
cloister,draco,3619824816.0,0.0,3.0,12.0,3.4,KISS-ICP,1.0224125244626612,0.6463548381741476,0.4168224859525521,0.7921822980520223,0.0382416083980095,5.003691820297325,2913.327380686397
cloister,draco,3619824816.0,3.0,0.0,12.0,3.4,KISS-ICP,1.0224125244626612,0.6463548381741476,0.4168224859525521,0.7921822980520223,0.0382416083980095,5.003691820297325,2913.327380686397
cloister,draco,3619824816.0,3.0,3.0,12.0,3.4,KISS-ICP,1.0224125244626612,0.6463548381741476,0.4168224859525521,0.7921822980520223,0.0382416083980095,5.003691820297325,2913.327380686397
cloister,draco,4418866988.0,10.0,10.0,12.0,,LOAM,0.19,,,,,0.46,
cloister,draco,4418866988.0,10.0,10.0,12.0,,SPARK-FAST-LIO,0.12,,,,,0.49,
cloister,draco,4418866988.0,10.0,10.0,12.0,,,,,,,,,
cloister,draco,3869813952.0,0.0,0.0,14.0,3.6,KISS-ICP,0.5737498494529707,0.4179472053094357,0.3156947388192408,0.3930763581307566,0.0241991668114423,2.499965045020971,917.4494357257432
cloister,draco,3869813952.0,0.0,3.0,14.0,3.6,KISS-ICP,0.5737498494529707,0.4179472053094357,0.3156947388192408,0.3930763581307566,0.0241991668114423,2.499965045020971,917.4494357257432
cloister,draco,3869813952.0,3.0,0.0,14.0,3.6,KISS-ICP,0.5737498494529707,0.4179472053094357,0.3156947388192408,0.3930763581307566,0.0241991668114423,2.499965045020971,917.4494357257432
cloister,draco,3869813952.0,3.0,3.0,14.0,3.6,KISS-ICP,0.5737498494529707,0.4179472053094357,0.3156947388192408,0.3930763581307566,0.0241991668114423,2.499965045020971,917.4494357257432
cloister,draco,4560253196.0,0.0,6.0,14.0,4.3,KISS-ICP,0.7528145092066774,0.4461263565589764,0.2640030000775648,0.6063835083967105,0.0332788708350434,3.7146218250042073,1579.4756328533165
cloister,draco,4665217692.0,0.0,9.0,14.0,4.4,KISS-ICP,0.7528145092066774,0.4461263565589764,0.2640030000775648,0.6063835083967105,0.0332788708350434,3.7146218250042073,1579.4756328533165
cloister,draco,4560253196.0,3.0,6.0,14.0,4.3,KISS-ICP,0.7528145092066774,0.4461263565589764,0.2640030000775648,0.6063835083967105,0.0332788708350434,3.7146218250042073,1579.4756328533165
cloister,draco,4665217692.0,3.0,9.0,14.0,4.4,KISS-ICP,0.7528145092066774,0.4461263565589764,0.2640030000775648,0.6063835083967105,0.0332788708350434,3.7146218250042073,1579.4756328533165
cloister,draco,4560253196.0,6.0,0.0,14.0,4.3,KISS-ICP,0.7528145092066774,0.4461263565589764,0.2640030000775648,0.6063835083967105,0.0332788708350434,3.7146218250042073,1579.4756328533165
cloister,draco,4560253196.0,6.0,3.0,14.0,4.3,KISS-ICP,0.7528145092066774,0.4461263565589764,0.2640030000775648,0.6063835083967105,0.0332788708350434,3.7146218250042073,1579.4756328533165
cloister,draco,4560253196.0,6.0,6.0,14.0,4.3,KISS-ICP,0.7528145092066774,0.4461263565589764,0.2640030000775648,0.6063835083967105,0.0332788708350434,3.7146218250042073,1579.4756328533165
cloister,draco,4665217692.0,6.0,9.0,14.0,4.4,KISS-ICP,0.7528145092066774,0.4461263565589764,0.2640030000775648,0.6063835083967105,0.0332788708350434,3.7146218250042073,1579.4756328533165
cloister,draco,4665217692.0,9.0,0.0,14.0,4.4,KISS-ICP,0.7528145092066774,0.4461263565589764,0.2640030000775648,0.6063835083967105,0.0332788708350434,3.7146218250042073,1579.4756328533165
cloister,draco,4665217692.0,9.0,3.0,14.0,4.4,KISS-ICP,0.7528145092066774,0.4461263565589764,0.2640030000775648,0.6063835083967105,0.0332788708350434,3.7146218250042073,1579.4756328533165
cloister,draco,4665217692.0,9.0,6.0,14.0,4.4,KISS-ICP,0.7528145092066774,0.4461263565589764,0.2640030000775648,0.6063835083967105,0.0332788708350434,3.7146218250042073,1579.4756328533165
cloister,draco,4665217692.0,9.0,9.0,14.0,4.4,KISS-ICP,0.7528145092066774,0.4461263565589764,0.2640030000775648,0.6063835083967105,0.0332788708350434,3.7146218250042073,1579.4756328533165
cloister,draco,4665217692.0,10.0,10.0,14.0,,LOAM,0.19,,,,,0.51,
cloister,draco,4665217692.0,10.0,10.0,14.0,,SPARK-FAST-LIO,0.14,,,,,0.55,
cloister,draco,4665217692.0,10.0,10.0,14.0,,,,,,,,,
cloister,draco,4957695480.0,0.0,6.0,16.0,4.6,KISS-ICP,0.4705303194873901,0.3211308166049809,0.2257852129936973,0.3439095523295675,0.0156034938581903,2.049774509586133,617.0384041990953
cloister,draco,5048870492.0,0.0,9.0,16.0,4.7,KISS-ICP,0.4705303194873901,0.3211308166049809,0.2257852129936973,0.3439095523295675,0.0156034938581903,2.049774509586133,617.0384041990953
cloister,draco,4957695480.0,3.0,6.0,16.0,4.6,KISS-ICP,0.4705303194873901,0.3211308166049809,0.2257852129936973,0.3439095523295675,0.0156034938581903,2.049774509586133,617.0384041990953
cloister,draco,5048870492.0,3.0,9.0,16.0,4.7,KISS-ICP,0.4705303194873901,0.3211308166049809,0.2257852129936973,0.3439095523295675,0.0156034938581903,2.049774509586133,617.0384041990953
cloister,draco,4957695480.0,6.0,0.0,16.0,4.6,KISS-ICP,0.4705303194873901,0.3211308166049809,0.2257852129936973,0.3439095523295675,0.0156034938581903,2.049774509586133,617.0384041990953
cloister,draco,4957695480.0,6.0,3.0,16.0,4.6,KISS-ICP,0.4705303194873901,0.3211308166049809,0.2257852129936973,0.3439095523295675,0.0156034938581903,2.049774509586133,617.0384041990953
cloister,draco,4957695480.0,6.0,6.0,16.0,4.6,KISS-ICP,0.4705303194873901,0.3211308166049809,0.2257852129936973,0.3439095523295675,0.0156034938581903,2.049774509586133,617.0384041990953
cloister,draco,5048870492.0,6.0,9.0,16.0,4.7,KISS-ICP,0.4705303194873901,0.3211308166049809,0.2257852129936973,0.3439095523295675,0.0156034938581903,2.049774509586133,617.0384041990953
cloister,draco,5048870492.0,9.0,0.0,16.0,4.7,KISS-ICP,0.4705303194873901,0.3211308166049809,0.2257852129936973,0.3439095523295675,0.0156034938581903,2.049774509586133,617.0384041990953
cloister,draco,5048870492.0,9.0,3.0,16.0,4.7,KISS-ICP,0.4705303194873901,0.3211308166049809,0.2257852129936973,0.3439095523295675,0.0156034938581903,2.049774509586133,617.0384041990953
cloister,draco,5048870492.0,9.0,6.0,16.0,4.7,KISS-ICP,0.4705303194873901,0.3211308166049809,0.2257852129936973,0.3439095523295675,0.0156034938581903,2.049774509586133,617.0384041990953
cloister,draco,5048870492.0,9.0,9.0,16.0,4.7,KISS-ICP,0.4705303194873901,0.3211308166049809,0.2257852129936973,0.3439095523295675,0.0156034938581903,2.049774509586133,617.0384041990953
cloister,draco,4121511892.0,0.0,0.0,16.0,3.8,KISS-ICP,0.8135904607076072,0.6310441254785074,0.4903422317082733,0.5135296967590897,0.0365227666714163,3.367242131683581,1844.797343021559
cloister,draco,4121511892.0,0.0,3.0,16.0,3.8,KISS-ICP,0.8135904607076072,0.6310441254785074,0.4903422317082733,0.5135296967590897,0.0365227666714163,3.367242131683581,1844.797343021559
cloister,draco,4121511892.0,3.0,0.0,16.0,3.8,KISS-ICP,0.8135904607076072,0.6310441254785074,0.4903422317082733,0.5135296967590897,0.0365227666714163,3.367242131683581,1844.797343021559
cloister,draco,4121511892.0,3.0,3.0,16.0,3.8,KISS-ICP,0.8135904607076072,0.6310441254785074,0.4903422317082733,0.5135296967590897,0.0365227666714163,3.367242131683581,1844.797343021559
cloister,draco,5502160384.0,0.0,6.0,18.0,5.1,KISS-ICP,0.4484267511803838,0.3435822734891899,0.2679287703111671,0.2881627535234096,0.0242551127268734,2.293411505137291,560.4282181224783
cloister,draco,5588947028.0,0.0,9.0,18.0,5.2,KISS-ICP,0.4484267511803838,0.3435822734891899,0.2679287703111671,0.2881627535234096,0.0242551127268734,2.293411505137291,560.4282181224783
cloister,draco,5502160384.0,3.0,6.0,18.0,5.1,KISS-ICP,0.4484267511803838,0.3435822734891899,0.2679287703111671,0.2881627535234096,0.0242551127268734,2.293411505137291,560.4282181224783
cloister,draco,5588947028.0,3.0,9.0,18.0,5.2,KISS-ICP,0.4484267511803838,0.3435822734891899,0.2679287703111671,0.2881627535234096,0.0242551127268734,2.293411505137291,560.4282181224783
cloister,draco,5502160384.0,6.0,0.0,18.0,5.1,KISS-ICP,0.4484267511803838,0.3435822734891899,0.2679287703111671,0.2881627535234096,0.0242551127268734,2.293411505137291,560.4282181224783
cloister,draco,5502160384.0,6.0,3.0,18.0,5.1,KISS-ICP,0.4484267511803838,0.3435822734891899,0.2679287703111671,0.2881627535234096,0.0242551127268734,2.293411505137291,560.4282181224783
cloister,draco,5502160384.0,6.0,6.0,18.0,5.1,KISS-ICP,0.4484267511803838,0.3435822734891899,0.2679287703111671,0.2881627535234096,0.0242551127268734,2.293411505137291,560.4282181224783
cloister,draco,5588947028.0,6.0,9.0,18.0,5.2,KISS-ICP,0.4484267511803838,0.3435822734891899,0.2679287703111671,0.2881627535234096,0.0242551127268734,2.293411505137291,560.4282181224783
cloister,draco,5588947028.0,9.0,0.0,18.0,5.2,KISS-ICP,0.4484267511803838,0.3435822734891899,0.2679287703111671,0.2881627535234096,0.0242551127268734,2.293411505137291,560.4282181224783
cloister,draco,5588947028.0,9.0,3.0,18.0,5.2,KISS-ICP,0.4484267511803838,0.3435822734891899,0.2679287703111671,0.2881627535234096,0.0242551127268734,2.293411505137291,560.4282181224783
cloister,draco,5588947028.0,9.0,6.0,18.0,5.2,KISS-ICP,0.4484267511803838,0.3435822734891899,0.2679287703111671,0.2881627535234096,0.0242551127268734,2.293411505137291,560.4282181224783
cloister,draco,5588947028.0,9.0,9.0,18.0,5.2,KISS-ICP,0.4484267511803838,0.3435822734891899,0.2679287703111671,0.2881627535234096,0.0242551127268734,2.293411505137291,560.4282181224783
cloister,draco,4372371276.0,0.0,0.0,18.0,4.1,KISS-ICP,0.8457363467015867,0.4489573131880039,0.2820116755982971,0.7167337714013169,0.0199246717962267,5.205939622378161,1993.4574011842924
cloister,draco,4372371276.0,0.0,3.0,18.0,4.1,KISS-ICP,0.8457363467015867,0.4489573131880039,0.2820116755982971,0.7167337714013169,0.0199246717962267,5.205939622378161,1993.4574011842924
cloister,draco,4372371276.0,3.0,0.0,18.0,4.1,KISS-ICP,0.8457363467015867,0.4489573131880039,0.2820116755982971,0.7167337714013169,0.0199246717962267,5.205939622378161,1993.4574011842924
cloister,draco,4372371276.0,3.0,3.0,18.0,4.1,KISS-ICP,0.8457363467015867,0.4489573131880039,0.2820116755982971,0.7167337714013169,0.0199246717962267,5.205939622378161,1993.4574011842924
cloister,draco,6137414384.0,0.0,6.0,20.0,5.7,KISS-ICP,0.4048594766237875,0.3225252286412458,0.2510549533365425,0.2447216228738264,0.0175114072441179,1.363618227430478,456.8205027282869
cloister,draco,6222531168.0,0.0,9.0,20.0,5.8,KISS-ICP,0.4048594766237875,0.3225252286412458,0.2510549533365425,0.2447216228738264,0.0175114072441179,1.363618227430478,456.8205027282869
cloister,draco,6137414384.0,3.0,6.0,20.0,5.7,KISS-ICP,0.4048594766237875,0.3225252286412458,0.2510549533365425,0.2447216228738264,0.0175114072441179,1.363618227430478,456.8205027282869
cloister,draco,6222531168.0,3.0,9.0,20.0,5.8,KISS-ICP,0.4048594766237875,0.3225252286412458,0.2510549533365425,0.2447216228738264,0.0175114072441179,1.363618227430478,456.8205027282869
cloister,draco,6137414384.0,6.0,0.0,20.0,5.7,KISS-ICP,0.4048594766237875,0.3225252286412458,0.2510549533365425,0.2447216228738264,0.0175114072441179,1.363618227430478,456.8205027282869
cloister,draco,6137414384.0,6.0,3.0,20.0,5.7,KISS-ICP,0.4048594766237875,0.3225252286412458,0.2510549533365425,0.2447216228738264,0.0175114072441179,1.363618227430478,456.8205027282869
cloister,draco,6137414384.0,6.0,6.0,20.0,5.7,KISS-ICP,0.4048594766237875,0.3225252286412458,0.2510549533365425,0.2447216228738264,0.0175114072441179,1.363618227430478,456.8205027282869
cloister,draco,6222531168.0,6.0,9.0,20.0,5.8,KISS-ICP,0.4048594766237875,0.3225252286412458,0.2510549533365425,0.2447216228738264,0.0175114072441179,1.363618227430478,456.8205027282869
cloister,draco,6222531168.0,9.0,0.0,20.0,5.8,KISS-ICP,0.4048594766237875,0.3225252286412458,0.2510549533365425,0.2447216228738264,0.0175114072441179,1.363618227430478,456.8205027282869
cloister,draco,6222531168.0,9.0,3.0,20.0,5.8,KISS-ICP,0.4048594766237875,0.3225252286412458,0.2510549533365425,0.2447216228738264,0.0175114072441179,1.363618227430478,456.8205027282869
cloister,draco,6222531168.0,9.0,6.0,20.0,5.8,KISS-ICP,0.4048594766237875,0.3225252286412458,0.2510549533365425,0.2447216228738264,0.0175114072441179,1.363618227430478,456.8205027282869
cloister,draco,6222531168.0,9.0,9.0,20.0,5.8,KISS-ICP,0.4048594766237875,0.3225252286412458,0.2510549533365425,0.2447216228738264,0.0175114072441179,1.363618227430478,456.8205027282869
cloister,draco,4618507360.0,0.0,0.0,20.0,4.3,KISS-ICP,0.8256993066602115,0.4235446584788669,0.1942005462751272,0.7087942348052599,0.0065505737389979,4.168455738369072,1900.1190345683824
cloister,draco,4618507360.0,0.0,3.0,20.0,4.3,KISS-ICP,0.8256993066602115,0.4235446584788669,0.1942005462751272,0.7087942348052599,0.0065505737389979,4.168455738369072,1900.1190345683824
cloister,draco,4618507360.0,3.0,0.0,20.0,4.3,KISS-ICP,0.8256993066602115,0.4235446584788669,0.1942005462751272,0.7087942348052599,0.0065505737389979,4.168455738369072,1900.1190345683824
cloister,draco,4618507360.0,3.0,3.0,20.0,4.3,KISS-ICP,0.8256993066602115,0.4235446584788669,0.1942005462751272,0.7087942348052599,0.0065505737389979,4.168455738369072,1900.1190345683824
cloister,raw_packets,4443375765.0,,,,,,,,,,,,
cloister,uncompressed,17541329300.0,,,,,LOAM,0.12,,,,,0.33,
cloister,uncompressed,17541329300.0,,,,,LOAM,0.12,,,,,0.33,
cloister,uncompressed,17541329300.0,,,,,SPARK-FAST-LIO,0.06,,,,,0.16,
cloister,uncompressed,17541329300.0,,,,,SPARK-FAST-LIO,0.06,,,,,0.16,
cloister,uncompressed,17541329300.0,,,,,,,,,,,,
colosseo,cloudini,28546309671.0,,,0.001,,LOAM,2.85,,,,,6.18,
colosseo,cloudini,28546309671.0,,,0.001,,SPARK-FAST-LIO,3.19,,,,,7.36,
colosseo,cloudini,28546309671.0,,,0.001,,,,,,,,,
colosseo,cloudini,27968827143.0,,,0.01,,LOAM,3.01,,,,,6.09,
colosseo,cloudini,27968827143.0,,,0.01,,SPARK-FAST-LIO,3.11,,,,,7.25,
colosseo,cloudini,27968827143.0,,,0.01,,,,,,,,,
colosseo,cloudini,26376482167.0,,,0.1,,LOAM,2.53,,,,,4.97,
colosseo,cloudini,26376482167.0,,,0.1,,SPARK-FAST-LIO,2.54,,,,,6.0,
colosseo,cloudini,26376482167.0,,,0.1,,,,,,,,,
colosseo,cloudini,26037993371.0,,,0.2,,LOAM,3.76,,,,,7.7,
colosseo,cloudini,26037993371.0,,,0.2,,SPARK-FAST-LIO,1.95,,,,,4.53,
colosseo,cloudini,26037993371.0,,,0.2,,,,,,,,,
colosseo,cloudini,25829727887.0,,,0.5,,LOAM,140.04,,,,,325.42,
colosseo,cloudini,25829727887.0,,,0.5,,SPARK-FAST-LIO,2.52,,,,,6.71,
colosseo,cloudini,25829727887.0,,,0.5,,,,,,,,,
colosseo,draco,21673349010.0,10.0,10.0,6.0,,LOAM,133.98,,,,,187.65,
colosseo,draco,21673349010.0,10.0,10.0,6.0,,SPARK-FAST-LIO,538335794.96,,,,,839309676.98,
colosseo,draco,21673349010.0,10.0,10.0,6.0,,,,,,,,,
colosseo,draco,21680066826.0,10.0,10.0,8.0,,LOAM,14.67,,,,,34.99,
colosseo,draco,21680066826.0,10.0,10.0,8.0,,SPARK-FAST-LIO,3.11,,,,,6.59,
colosseo,draco,21680066826.0,10.0,10.0,8.0,,,,,,,,,
colosseo,draco,21750601670.0,10.0,10.0,10.0,,LOAM,2.25,,,,,5.11,
colosseo,draco,21750601670.0,10.0,10.0,10.0,,SPARK-FAST-LIO,2.96,,,,,7.16,
colosseo,draco,21750601670.0,10.0,10.0,10.0,,,,,,,,,
colosseo,draco,22010438274.0,10.0,10.0,12.0,,LOAM,2.3,,,,,4.42,
colosseo,draco,22010438274.0,10.0,10.0,12.0,,SPARK-FAST-LIO,3.5,,,,,8.19,
colosseo,draco,22010438274.0,10.0,10.0,12.0,,,,,,,,,
colosseo,draco,22683147630.0,10.0,10.0,14.0,,LOAM,1.9,,,,,4.05,
colosseo,draco,22683147630.0,10.0,10.0,14.0,,SPARK-FAST-LIO,3.54,,,,,8.56,
colosseo,draco,22683147630.0,10.0,10.0,14.0,,,,,,,,,
colosseo,uncompressed,67076372235.0,,,,,LOAM,2.81,,,,,6.23,
colosseo,uncompressed,67076372235.0,,,,,LOAM,2.81,,,,,6.23,
colosseo,uncompressed,67076372235.0,,,,,SPARK-FAST-LIO,3.18,,,,,7.3,
colosseo,uncompressed,67076372235.0,,,,,SPARK-FAST-LIO,3.18,,,,,7.3,
colosseo,uncompressed,67076372235.0,,,,,,,,,,,,
diag,cloudini,32650949513.0,,,0.001,,LOAM,0.41,,,,,1.26,
diag,cloudini,32650949513.0,,,0.001,,SPARK-FAST-LIO,0.9,,,,,1.77,
diag,cloudini,32650949513.0,,,0.001,,,,,,,,,
diag,cloudini,31676179597.0,,,0.01,,LOAM,0.35,,,,,1.05,
diag,cloudini,31676179597.0,,,0.01,,SPARK-FAST-LIO,0.9,,,,,1.78,
diag,cloudini,31676179597.0,,,0.01,,,,,,,,,
diag,cloudini,30180657669.0,,,0.1,,LOAM,0.87,,,,,2.38,
diag,cloudini,30180657669.0,,,0.1,,SPARK-FAST-LIO,0.7,,,,,1.64,
diag,cloudini,30180657669.0,,,0.1,,,,,,,,,
diag,cloudini,29685848049.0,,,0.2,,LOAM,0.99,,,,,2.91,
diag,cloudini,29685848049.0,,,0.2,,SPARK-FAST-LIO,0.56,,,,,1.24,
diag,cloudini,29685848049.0,,,0.2,,,,,,,,,
diag,cloudini,29250191625.0,,,0.5,,LOAM,18.38,,,,,30.84,
diag,cloudini,29250191625.0,,,0.5,,SPARK-FAST-LIO,5.15,,,,,9.8,
diag,cloudini,29250191625.0,,,0.5,,,,,,,,,
diag,draco,26584880282.0,10.0,10.0,6.0,,LOAM,52.24,,,,,125.68,
diag,draco,26584880282.0,10.0,10.0,6.0,,SPARK-FAST-LIO,121821.15,,,,,265429.07,
diag,draco,26584880282.0,10.0,10.0,6.0,,,,,,,,,
diag,draco,26617915038.0,10.0,10.0,8.0,,LOAM,3.25,,,,,7.83,
diag,draco,26617915038.0,10.0,10.0,8.0,,SPARK-FAST-LIO,0.45,,,,,1.14,
diag,draco,26617915038.0,10.0,10.0,8.0,,,,,,,,,
diag,draco,26840071238.0,10.0,10.0,10.0,,LOAM,0.77,,,,,1.69,
diag,draco,26840071238.0,10.0,10.0,10.0,,SPARK-FAST-LIO,0.6,,,,,1.21,
diag,draco,26840071238.0,10.0,10.0,10.0,,,,,,,,,
diag,draco,27517378082.0,10.0,10.0,12.0,,LOAM,0.35,,,,,1.15,
diag,draco,27517378082.0,10.0,10.0,12.0,,SPARK-FAST-LIO,0.73,,,,,1.59,
diag,draco,27517378082.0,10.0,10.0,12.0,,,,,,,,,
diag,draco,28967586510.0,10.0,10.0,14.0,,LOAM,0.54,,,,,1.36,
diag,draco,28967586510.0,10.0,10.0,14.0,,SPARK-FAST-LIO,0.73,,,,,1.67,
diag,draco,28967586510.0,10.0,10.0,14.0,,,,,,,,,
diag,uncompressed,76275330685.0,,,,,LOAM,0.61,,,,,1.66,
diag,uncompressed,76275330685.0,,,,,LOAM,0.61,,,,,1.66,
diag,uncompressed,76275330685.0,,,,,SPARK-FAST-LIO,0.74,,,,,1.54,
diag,uncompressed,76275330685.0,,,,,SPARK-FAST-LIO,0.74,,,,,1.54,
diag,uncompressed,76275330685.0,,,,,,,,,,,,
maths_institute,cloudini,4086275272.0,,,0.001,,LIORF,0.1782214948164903,0.1595674680731268,0.1485115912888201,0.0793796217385541,0.0121524888976836,0.6267722280913911,68.48081501872997
maths_institute,cloudini,4086275272.0,,,0.001,,LOAM,0.09,,,,,0.19,
maths_institute,cloudini,4086275272.0,,,0.001,,SPARK-FAST-LIO,0.1,,,,,0.43,
maths_institute,cloudini,3860211544.0,,,0.01,,LIORF,0.1796813167899648,0.1613599217316271,0.1505886276690382,0.0790465132826165,0.0098660824983763,0.646119374259174,69.60726980087799
maths_institute,cloudini,3860211544.0,,,0.01,,LOAM,0.09,,,,,0.18,
maths_institute,cloudini,3860211544.0,,,0.01,,SPARK-FAST-LIO,0.1,,,,,0.43,
maths_institute,cloudini,3718506612.0,,,0.1,3.5,KISS-ICP,0.1427088589051215,0.1294783917071815,0.120488904276686,0.0600097033064116,0.0098576472566951,0.3830669892532891,43.9901677656041
maths_institute,cloudini,3718506612.0,,,0.1,3.5,LIORF,0.1844272717902911,0.1665459875810001,0.1570303032176678,0.0792202789737529,0.0122043677003536,0.6173088737649902,73.33293045850137
maths_institute,cloudini,3718506612.0,,,0.1,,LOAM,0.1,,,,,0.19,
maths_institute,cloudini,3718506612.0,,,0.1,,LOAM,0.1,,,,,0.19,
maths_institute,cloudini,3718506612.0,,,0.1,,SPARK-FAST-LIO,0.11,,,,,0.43,
maths_institute,cloudini,3718506612.0,,,0.1,,SPARK-FAST-LIO,0.11,,,,,0.43,
maths_institute,cloudini,3675694864.0,,,0.2,3.4,KISS-ICP,0.1535991430980917,0.138306122983422,0.1271927225635767,0.0668140187817093,0.0035442260633438,0.4218433858188934,50.96022500261102
maths_institute,cloudini,3675694864.0,,,0.2,3.4,LIORF,0.1857209757040238,0.1683465680262152,0.1591068174054244,0.0784328620557065,0.0083523434101021,0.6191418646884929,74.33086515945968
maths_institute,cloudini,3675694864.0,,,0.2,,LOAM,0.12,,,,,0.27,
maths_institute,cloudini,3675694864.0,,,0.2,,LOAM,0.12,,,,,0.27,
maths_institute,cloudini,3675694864.0,,,0.2,,SPARK-FAST-LIO,0.11,,,,,0.41,
maths_institute,cloudini,3675694864.0,,,0.2,,SPARK-FAST-LIO,0.11,,,,,0.41,
maths_institute,cloudini,3644589500.0,,,0.3,3.4,KISS-ICP,0.1432400065638431,0.1309653127418944,0.1251289848696665,0.0580153974288515,0.0076954804159377,0.3836774196675901,44.31823087768521
maths_institute,cloudini,3623757100.0,,,0.4,3.4,KISS-ICP,0.1699565537425296,0.1521993410965946,0.1392807175529877,0.0756345868620951,0.0141921736669013,0.5943674995856499,62.39209714568072
maths_institute,cloudini,3608090608.0,,,0.5,,LIORF,0.1860920660222056,0.166873934032563,0.1549479486100869,0.0823610780460573,0.0134940592143807,0.6331472026073378,74.6282039134699
maths_institute,cloudini,3608090608.0,,,0.5,,LOAM,1.05,,,,,3.26,
maths_institute,cloudini,3608090608.0,,,0.5,,SPARK-FAST-LIO,0.21,,,,,0.57,
maths_institute,cloudini,3597373568.0,,,0.6,3.4,KISS-ICP,26.326024615460103,24.60009870813909,26.67507537839432,9.375218162988247,6.512236094625965,38.12017660498302,1497008.6756362324
maths_institute,cloudini,3582529848.0,,,0.8,3.3,KISS-ICP,26.32662751282381,24.600516357818314,26.675426421114302,9.375815224698336,6.512846982580166,38.12087278219639,1497077.2429897783
maths_institute,draco,3164954616.0,10.0,10.0,6.0,3.0,KISS-ICP,0.8047362775580411,0.6334621428482867,0.4628680054492483,0.4963125930258362,0.0166009967574017,3.755760191929952,1398.817029062821
maths_institute,draco,3164954616.0,10.0,10.0,6.0,3.0,LIORF,4069.619685408666,2899.2272532935644,863.1404131490398,2855.9211679641267,486.67097722457817,14119.607881469752,17837063321.42339
maths_institute,draco,3164954616.0,10.0,10.0,6.0,,LOAM,15.86,,,,,33.8,
maths_institute,draco,3164954616.0,10.0,10.0,6.0,,LOAM,15.86,,,,,33.8,
maths_institute,draco,3164954616.0,10.0,10.0,6.0,,SPARK-FAST-LIO,0.99,,,,,2.56,
maths_institute,draco,3164954616.0,10.0,10.0,6.0,,SPARK-FAST-LIO,0.99,,,,,2.56,
maths_institute,draco,3165096216.0,10.0,10.0,7.0,3.0,KISS-ICP,0.1967035950673856,0.1774511339732694,0.1657195561220712,0.0848728423232943,0.0140063611056968,0.679381893616314,83.57537731485746
maths_institute,draco,3165096216.0,10.0,10.0,7.0,3.0,LIORF,0.243138050267242,0.2184922954854655,0.2034490267596958,0.1066640909643351,0.0122592444995315,1.2965937186075556,127.39522025611402
maths_institute,draco,3166077676.0,10.0,10.0,8.0,3.0,KISS-ICP,0.1328632868124217,0.1187848869069426,0.1104152438134239,0.0595214551662228,0.0078191928158102,0.4177237128565235,38.12973044241564
maths_institute,draco,3166077676.0,10.0,10.0,8.0,3.0,LIORF,0.1988348508990627,0.1812167832133527,0.1703613396333403,0.0818277178824952,0.0169743152052066,0.5947198715408081,85.19856704357318
maths_institute,draco,3166077676.0,10.0,10.0,8.0,,LOAM,0.14,,,,,0.32,
maths_institute,draco,3166077676.0,10.0,10.0,8.0,,LOAM,0.14,,,,,0.32,
maths_institute,draco,3166077676.0,10.0,10.0,8.0,,SPARK-FAST-LIO,0.29,,,,,0.59,
maths_institute,draco,3166077676.0,10.0,10.0,8.0,,SPARK-FAST-LIO,0.29,,,,,0.59,
maths_institute,draco,3170441468.0,10.0,10.0,9.0,3.0,KISS-ICP,0.1179206961509136,0.1055998691434396,0.097769997664688,0.0524781689620027,0.0073883928786035,0.3700668836459007,30.03542765434676
maths_institute,draco,3170441468.0,10.0,10.0,9.0,3.0,LIORF,0.1966754070699561,0.1781046834029561,0.1685106151161093,0.0834262398533321,0.0079525535324133,0.599163540741872,83.35801993291648
maths_institute,draco,3183734792.0,10.0,10.0,10.0,3.0,KISS-ICP,0.1143834628462178,0.1027592869427331,0.0958600112369287,0.0502404769057093,0.0049448545290985,0.3146847573256185,28.260525397014906
maths_institute,draco,3183734792.0,10.0,10.0,10.0,3.0,LIORF,0.1888256699909526,0.1707368535990693,0.1617279540922915,0.0806477555212922,0.0092067331603728,0.585289017730794,76.83681301043178
maths_institute,draco,3183734792.0,10.0,10.0,10.0,,LOAM,0.1,,,,,0.19,
maths_institute,draco,3183734792.0,10.0,10.0,10.0,,LOAM,0.1,,,,,0.19,
maths_institute,draco,3183734792.0,10.0,10.0,10.0,,SPARK-FAST-LIO,0.17,,,,,0.44,
maths_institute,draco,3183734792.0,10.0,10.0,10.0,,SPARK-FAST-LIO,0.17,,,,,0.44,
maths_institute,draco,3213153556.0,10.0,10.0,11.0,3.0,KISS-ICP,0.1130781799773927,0.1016257642803899,0.0948439314085139,0.0495870832115203,0.0076720590322943,0.342296900790785,27.61921753991919
maths_institute,draco,3213153556.0,10.0,10.0,11.0,3.0,LIORF,0.1961277705498716,0.1780629952290404,0.1685058978572682,0.0822172251473243,0.0120352951509368,0.596242965927323,82.89445063075993
maths_institute,draco,3174103348.0,0.0,6.0,12.0,,KISS-ICP,0.1101314339669305,0.0998593235905725,0.0940892235346125,0.0464440334127615,0.0054720068128545,0.3027871695291803,26.198494734842765
maths_institute,draco,3262010796.0,0.0,9.0,12.0,,KISS-ICP,0.1101314339669305,0.0998593235905725,0.0940892235346125,0.0464440334127615,0.0054720068128545,0.3027871695291803,26.198494734842765
maths_institute,draco,3174103348.0,3.0,6.0,12.0,,KISS-ICP,0.1101314339669305,0.0998593235905725,0.0940892235346125,0.0464440334127615,0.0054720068128545,0.3027871695291803,26.198494734842765
maths_institute,draco,3262010796.0,3.0,9.0,12.0,,KISS-ICP,0.1101314339669305,0.0998593235905725,0.0940892235346125,0.0464440334127615,0.0054720068128545,0.3027871695291803,26.198494734842765
maths_institute,draco,3174103348.0,6.0,0.0,12.0,,KISS-ICP,0.1101314339669305,0.0998593235905725,0.0940892235346125,0.0464440334127615,0.0054720068128545,0.3027871695291803,26.198494734842765
maths_institute,draco,3174103348.0,6.0,3.0,12.0,,KISS-ICP,0.1101314339669305,0.0998593235905725,0.0940892235346125,0.0464440334127615,0.0054720068128545,0.3027871695291803,26.198494734842765
maths_institute,draco,3174103348.0,6.0,6.0,12.0,,KISS-ICP,0.1101314339669305,0.0998593235905725,0.0940892235346125,0.0464440334127615,0.0054720068128545,0.3027871695291803,26.198494734842765
maths_institute,draco,3262010796.0,6.0,9.0,12.0,,KISS-ICP,0.1101314339669305,0.0998593235905725,0.0940892235346125,0.0464440334127615,0.0054720068128545,0.3027871695291803,26.198494734842765
maths_institute,draco,3262010796.0,9.0,0.0,12.0,,KISS-ICP,0.1101314339669305,0.0998593235905725,0.0940892235346125,0.0464440334127615,0.0054720068128545,0.3027871695291803,26.198494734842765
maths_institute,draco,3262010796.0,9.0,3.0,12.0,,KISS-ICP,0.1101314339669305,0.0998593235905725,0.0940892235346125,0.0464440334127615,0.0054720068128545,0.3027871695291803,26.198494734842765
maths_institute,draco,3262010796.0,9.0,6.0,12.0,,KISS-ICP,0.1101314339669305,0.0998593235905725,0.0940892235346125,0.0464440334127615,0.0054720068128545,0.3027871695291803,26.198494734842765
maths_institute,draco,3262010796.0,9.0,9.0,12.0,,KISS-ICP,0.1101314339669305,0.0998593235905725,0.0940892235346125,0.0464440334127615,0.0054720068128545,0.3027871695291803,26.198494734842765
maths_institute,draco,2484387296.0,0.0,0.0,12.0,,KISS-ICP,0.114892906004135,0.1043759153282418,0.0973493571109048,0.0480213301509518,0.0081581367703558,0.3113430444360977,28.51282047616203
maths_institute,draco,2484387296.0,0.0,3.0,12.0,,KISS-ICP,0.114892906004135,0.1043759153282418,0.0973493571109048,0.0480213301509518,0.0081581367703558,0.3113430444360977,28.51282047616203
maths_institute,draco,2484387296.0,3.0,0.0,12.0,,KISS-ICP,0.114892906004135,0.1043759153282418,0.0973493571109048,0.0480213301509518,0.0081581367703558,0.3113430444360977,28.51282047616203
maths_institute,draco,2484387296.0,3.0,3.0,12.0,,KISS-ICP,0.114892906004135,0.1043759153282418,0.0973493571109048,0.0480213301509518,0.0081581367703558,0.3113430444360977,28.51282047616203
maths_institute,draco,3262010796.0,10.0,10.0,12.0,,LOAM,0.09,,,,,0.19,
maths_institute,draco,3262010796.0,10.0,10.0,12.0,,SPARK-FAST-LIO,0.14,,,,,0.41,
maths_institute,draco,3262010796.0,10.0,10.0,12.0,,,,,,,,,
maths_institute,draco,3330458312.0,0.0,6.0,14.0,,KISS-ICP,0.106902585224889,0.0964446348986043,0.0896989643446063,0.0461150206227815,0.003112915922848,0.2962357200096289,24.684831491971664
maths_institute,draco,3418576528.0,0.0,9.0,14.0,,KISS-ICP,0.106902585224889,0.0964446348986043,0.0896989643446063,0.0461150206227815,0.003112915922848,0.2962357200096289,24.684831491971664
maths_institute,draco,3330458312.0,3.0,6.0,14.0,,KISS-ICP,0.106902585224889,0.0964446348986043,0.0896989643446063,0.0461150206227815,0.003112915922848,0.2962357200096289,24.684831491971664
maths_institute,draco,3418576528.0,3.0,9.0,14.0,,KISS-ICP,0.106902585224889,0.0964446348986043,0.0896989643446063,0.0461150206227815,0.003112915922848,0.2962357200096289,24.684831491971664
maths_institute,draco,3330458312.0,6.0,0.0,14.0,,KISS-ICP,0.106902585224889,0.0964446348986043,0.0896989643446063,0.0461150206227815,0.003112915922848,0.2962357200096289,24.684831491971664
maths_institute,draco,3330458312.0,6.0,3.0,14.0,,KISS-ICP,0.106902585224889,0.0964446348986043,0.0896989643446063,0.0461150206227815,0.003112915922848,0.2962357200096289,24.684831491971664
maths_institute,draco,3330458312.0,6.0,6.0,14.0,,KISS-ICP,0.106902585224889,0.0964446348986043,0.0896989643446063,0.0461150206227815,0.003112915922848,0.2962357200096289,24.684831491971664
maths_institute,draco,3418576528.0,6.0,9.0,14.0,,KISS-ICP,0.106902585224889,0.0964446348986043,0.0896989643446063,0.0461150206227815,0.003112915922848,0.2962357200096289,24.684831491971664
maths_institute,draco,3418576528.0,9.0,0.0,14.0,,KISS-ICP,0.106902585224889,0.0964446348986043,0.0896989643446063,0.0461150206227815,0.003112915922848,0.2962357200096289,24.684831491971664
maths_institute,draco,3418576528.0,9.0,3.0,14.0,,KISS-ICP,0.106902585224889,0.0964446348986043,0.0896989643446063,0.0461150206227815,0.003112915922848,0.2962357200096289,24.684831491971664
maths_institute,draco,3418576528.0,9.0,6.0,14.0,,KISS-ICP,0.106902585224889,0.0964446348986043,0.0896989643446063,0.0461150206227815,0.003112915922848,0.2962357200096289,24.684831491971664
maths_institute,draco,3418576528.0,9.0,9.0,14.0,,KISS-ICP,0.106902585224889,0.0964446348986043,0.0896989643446063,0.0461150206227815,0.003112915922848,0.2962357200096289,24.684831491971664
maths_institute,draco,2640028980.0,0.0,0.0,14.0,,KISS-ICP,0.1144836368325064,0.1042650161486005,0.097865702675095,0.0472790599518358,0.0068128497534455,0.3048955562198026,28.310046701178017
maths_institute,draco,2640028980.0,0.0,3.0,14.0,,KISS-ICP,0.1144836368325064,0.1042650161486005,0.097865702675095,0.0472790599518358,0.0068128497534455,0.3048955562198026,28.310046701178017
maths_institute,draco,2640028980.0,3.0,0.0,14.0,,KISS-ICP,0.1144836368325064,0.1042650161486005,0.097865702675095,0.0472790599518358,0.0068128497534455,0.3048955562198026,28.310046701178017
maths_institute,draco,2640028980.0,3.0,3.0,14.0,,KISS-ICP,0.1144836368325064,0.1042650161486005,0.097865702675095,0.0472790599518358,0.0068128497534455,0.3048955562198026,28.310046701178017
maths_institute,draco,3418576528.0,10.0,10.0,14.0,,LOAM,0.09,,,,,0.19,
maths_institute,draco,3418576528.0,10.0,10.0,14.0,,SPARK-FAST-LIO,0.15,,,,,0.42,
maths_institute,draco,3418576528.0,10.0,10.0,14.0,,,,,,,,,
maths_institute,draco,3575436088.0,0.0,6.0,16.0,,KISS-ICP,0.1071716045450195,0.0961968534852964,0.0882437936404564,0.0472431815215958,0.0082470883624256,0.3146222687229943,24.80922609282875
maths_institute,draco,3656877248.0,0.0,9.0,16.0,,KISS-ICP,0.1071716045450195,0.0961968534852964,0.0882437936404564,0.0472431815215958,0.0082470883624256,0.3146222687229943,24.80922609282875
maths_institute,draco,3575436088.0,3.0,6.0,16.0,,KISS-ICP,0.1071716045450195,0.0961968534852964,0.0882437936404564,0.0472431815215958,0.0082470883624256,0.3146222687229943,24.80922609282875
maths_institute,draco,3656877248.0,3.0,9.0,16.0,,KISS-ICP,0.1071716045450195,0.0961968534852964,0.0882437936404564,0.0472431815215958,0.0082470883624256,0.3146222687229943,24.80922609282875
maths_institute,draco,3575436088.0,6.0,0.0,16.0,,KISS-ICP,0.1071716045450195,0.0961968534852964,0.0882437936404564,0.0472431815215958,0.0082470883624256,0.3146222687229943,24.80922609282875
maths_institute,draco,3575436088.0,6.0,3.0,16.0,,KISS-ICP,0.1071716045450195,0.0961968534852964,0.0882437936404564,0.0472431815215958,0.0082470883624256,0.3146222687229943,24.80922609282875
maths_institute,draco,3575436088.0,6.0,6.0,16.0,,KISS-ICP,0.1071716045450195,0.0961968534852964,0.0882437936404564,0.0472431815215958,0.0082470883624256,0.3146222687229943,24.80922609282875
maths_institute,draco,3656877248.0,6.0,9.0,16.0,,KISS-ICP,0.1071716045450195,0.0961968534852964,0.0882437936404564,0.0472431815215958,0.0082470883624256,0.3146222687229943,24.80922609282875
maths_institute,draco,3656877248.0,9.0,0.0,16.0,,KISS-ICP,0.1071716045450195,0.0961968534852964,0.0882437936404564,0.0472431815215958,0.0082470883624256,0.3146222687229943,24.80922609282875
maths_institute,draco,3656877248.0,9.0,3.0,16.0,,KISS-ICP,0.1071716045450195,0.0961968534852964,0.0882437936404564,0.0472431815215958,0.0082470883624256,0.3146222687229943,24.80922609282875
maths_institute,draco,3656877248.0,9.0,6.0,16.0,,KISS-ICP,0.1071716045450195,0.0961968534852964,0.0882437936404564,0.0472431815215958,0.0082470883624256,0.3146222687229943,24.80922609282875
maths_institute,draco,3656877248.0,9.0,9.0,16.0,,KISS-ICP,0.1071716045450195,0.0961968534852964,0.0882437936404564,0.0472431815215958,0.0082470883624256,0.3146222687229943,24.80922609282875
maths_institute,draco,2796429560.0,0.0,0.0,16.0,,KISS-ICP,0.1176394732017869,0.1074785208278624,0.1014323594201419,0.0478269089096157,0.0035230116778221,0.3246814218674927,29.892338615218907
maths_institute,draco,2796429560.0,0.0,3.0,16.0,,KISS-ICP,0.1176394732017869,0.1074785208278624,0.1014323594201419,0.0478269089096157,0.0035230116778221,0.3246814218674927,29.892338615218907
maths_institute,draco,2796429560.0,3.0,0.0,16.0,,KISS-ICP,0.1176394732017869,0.1074785208278624,0.1014323594201419,0.0478269089096157,0.0035230116778221,0.3246814218674927,29.892338615218907
maths_institute,draco,2796429560.0,3.0,3.0,16.0,,KISS-ICP,0.1176394732017869,0.1074785208278624,0.1014323594201419,0.0478269089096157,0.0035230116778221,0.3246814218674927,29.892338615218907
maths_institute,draco,3910778672.0,0.0,6.0,18.0,,KISS-ICP,0.1094833308979231,0.0987425881332279,0.0916558868205622,0.0472916592355971,0.0048386133867991,0.3071303459796347,25.89105544812891
maths_institute,draco,3985163396.0,0.0,9.0,18.0,,KISS-ICP,0.1094833308979231,0.0987425881332279,0.0916558868205622,0.0472916592355971,0.0048386133867991,0.3071303459796347,25.89105544812891
maths_institute,draco,3910778672.0,3.0,6.0,18.0,,KISS-ICP,0.1094833308979231,0.0987425881332279,0.0916558868205622,0.0472916592355971,0.0048386133867991,0.3071303459796347,25.89105544812891
maths_institute,draco,3985163396.0,3.0,9.0,18.0,,KISS-ICP,0.1094833308979231,0.0987425881332279,0.0916558868205622,0.0472916592355971,0.0048386133867991,0.3071303459796347,25.89105544812891
maths_institute,draco,3910778672.0,6.0,0.0,18.0,,KISS-ICP,0.1094833308979231,0.0987425881332279,0.0916558868205622,0.0472916592355971,0.0048386133867991,0.3071303459796347,25.89105544812891
maths_institute,draco,3910778672.0,6.0,3.0,18.0,,KISS-ICP,0.1094833308979231,0.0987425881332279,0.0916558868205622,0.0472916592355971,0.0048386133867991,0.3071303459796347,25.89105544812891
maths_institute,draco,3910778672.0,6.0,6.0,18.0,,KISS-ICP,0.1094833308979231,0.0987425881332279,0.0916558868205622,0.0472916592355971,0.0048386133867991,0.3071303459796347,25.89105544812891
maths_institute,draco,3985163396.0,6.0,9.0,18.0,,KISS-ICP,0.1094833308979231,0.0987425881332279,0.0916558868205622,0.0472916592355971,0.0048386133867991,0.3071303459796347,25.89105544812891
maths_institute,draco,3985163396.0,9.0,0.0,18.0,,KISS-ICP,0.1094833308979231,0.0987425881332279,0.0916558868205622,0.0472916592355971,0.0048386133867991,0.3071303459796347,25.89105544812891
maths_institute,draco,3985163396.0,9.0,3.0,18.0,,KISS-ICP,0.1094833308979231,0.0987425881332279,0.0916558868205622,0.0472916592355971,0.0048386133867991,0.3071303459796347,25.89105544812891
maths_institute,draco,3985163396.0,9.0,6.0,18.0,,KISS-ICP,0.1094833308979231,0.0987425881332279,0.0916558868205622,0.0472916592355971,0.0048386133867991,0.3071303459796347,25.89105544812891
maths_institute,draco,3985163396.0,9.0,9.0,18.0,,KISS-ICP,0.1094833308979231,0.0987425881332279,0.0916558868205622,0.0472916592355971,0.0048386133867991,0.3071303459796347,25.89105544812891
maths_institute,draco,2952693764.0,0.0,0.0,18.0,,KISS-ICP,0.116929957185686,0.1069137920588199,0.1015549598232814,0.0473503532727028,0.0101777413145464,0.3140909750808141,29.53284815688414
maths_institute,draco,2952693764.0,0.0,3.0,18.0,,KISS-ICP,0.116929957185686,0.1069137920588199,0.1015549598232814,0.0473503532727028,0.0101777413145464,0.3140909750808141,29.53284815688414
maths_institute,draco,2952693764.0,3.0,0.0,18.0,,KISS-ICP,0.116929957185686,0.1069137920588199,0.1015549598232814,0.0473503532727028,0.0101777413145464,0.3140909750808141,29.53284815688414
maths_institute,draco,2952693764.0,3.0,3.0,18.0,,KISS-ICP,0.116929957185686,0.1069137920588199,0.1015549598232814,0.0473503532727028,0.0101777413145464,0.3140909750808141,29.53284815688414
maths_institute,draco,4294576260.0,0.0,6.0,20.0,,KISS-ICP,0.1097252951230222,0.0991955907882622,0.0933633050672806,0.0469028267591831,0.0078605137252981,0.3144672252914838,26.005623242042148
maths_institute,draco,4365303836.0,0.0,9.0,20.0,,KISS-ICP,0.1097252951230222,0.0991955907882622,0.0933633050672806,0.0469028267591831,0.0078605137252981,0.3144672252914838,26.005623242042148
maths_institute,draco,4294576260.0,3.0,6.0,20.0,,KISS-ICP,0.1097252951230222,0.0991955907882622,0.0933633050672806,0.0469028267591831,0.0078605137252981,0.3144672252914838,26.005623242042148
maths_institute,draco,4365303836.0,3.0,9.0,20.0,,KISS-ICP,0.1097252951230222,0.0991955907882622,0.0933633050672806,0.0469028267591831,0.0078605137252981,0.3144672252914838,26.005623242042148
maths_institute,draco,4294576260.0,6.0,0.0,20.0,,KISS-ICP,0.1097252951230222,0.0991955907882622,0.0933633050672806,0.0469028267591831,0.0078605137252981,0.3144672252914838,26.005623242042148
maths_institute,draco,4294576260.0,6.0,3.0,20.0,,KISS-ICP,0.1097252951230222,0.0991955907882622,0.0933633050672806,0.0469028267591831,0.0078605137252981,0.3144672252914838,26.005623242042148
maths_institute,draco,4294576260.0,6.0,6.0,20.0,,KISS-ICP,0.1097252951230222,0.0991955907882622,0.0933633050672806,0.0469028267591831,0.0078605137252981,0.3144672252914838,26.005623242042148
maths_institute,draco,4365303836.0,6.0,9.0,20.0,,KISS-ICP,0.1097252951230222,0.0991955907882622,0.0933633050672806,0.0469028267591831,0.0078605137252981,0.3144672252914838,26.005623242042148
maths_institute,draco,4365303836.0,9.0,0.0,20.0,,KISS-ICP,0.1097252951230222,0.0991955907882622,0.0933633050672806,0.0469028267591831,0.0078605137252981,0.3144672252914838,26.005623242042148
maths_institute,draco,4365303836.0,9.0,3.0,20.0,,KISS-ICP,0.1097252951230222,0.0991955907882622,0.0933633050672806,0.0469028267591831,0.0078605137252981,0.3144672252914838,26.005623242042148
maths_institute,draco,4365303836.0,9.0,6.0,20.0,,KISS-ICP,0.1097252951230222,0.0991955907882622,0.0933633050672806,0.0469028267591831,0.0078605137252981,0.3144672252914838,26.005623242042148
maths_institute,draco,4365303836.0,9.0,9.0,20.0,,KISS-ICP,0.1097252951230222,0.0991955907882622,0.0933633050672806,0.0469028267591831,0.0078605137252981,0.3144672252914838,26.005623242042148
maths_institute,draco,3106625776.0,0.0,0.0,20.0,,KISS-ICP,0.11343156699238,0.1027639038098423,0.0966350998797728,0.0480239571891809,0.0052356184607544,0.3099288368658591,27.792116043149093
maths_institute,draco,3106625776.0,0.0,3.0,20.0,,KISS-ICP,0.11343156699238,0.1027639038098423,0.0966350998797728,0.0480239571891809,0.0052356184607544,0.3099288368658591,27.792116043149093
maths_institute,draco,3106625776.0,3.0,0.0,20.0,,KISS-ICP,0.11343156699238,0.1027639038098423,0.0966350998797728,0.0480239571891809,0.0052356184607544,0.3099288368658591,27.792116043149093
maths_institute,draco,3106625776.0,3.0,3.0,20.0,,KISS-ICP,0.11343156699238,0.1027639038098423,0.0966350998797728,0.0480239571891809,0.0052356184607544,0.3099288368658591,27.792116043149093
maths_institute,raw_packets,3443091345.0,,,,,,,,,,,,
maths_institute,uncompressed,13590126000.0,,,,,LOAM,0.09,,,,,0.19,
maths_institute,uncompressed,13590126000.0,,,,,LOAM,0.09,,,,,0.19,
maths_institute,uncompressed,13590126000.0,,,,,LOAM,0.09,,,,,0.19,
maths_institute,uncompressed,13590126000.0,,,,,LOAM,0.09,,,,,0.19,
maths_institute,uncompressed,13590126000.0,,,,,SPARK-FAST-LIO,0.1,,,,,0.43,
maths_institute,uncompressed,13590126000.0,,,,,SPARK-FAST-LIO,0.1,,,,,0.43,
maths_institute,uncompressed,13590126000.0,,,,,SPARK-FAST-LIO,0.1,,,,,0.43,
maths_institute,uncompressed,13590126000.0,,,,,SPARK-FAST-LIO,0.1,,,,,0.43,
maths_institute,uncompressed,13590126000.0,,,,,,,,,,,,
maths_institute,uncompressed,13590126000.0,,,,,,,,,,,,
park,cloudini,29741233846.0,,,0.001,,LIORF,0.5161756383654473,0.4854445341513194,0.4647482841449015,0.1754448457623807,0.0205068726415332,1.3932850966772716,4180.667511772263
park,cloudini,29741233846.0,,,0.001,,LOAM,1.95,,,,,4.61,
park,cloudini,29741233846.0,,,0.001,,SPARK-FAST-LIO,0.3,,,,,0.58,
park,cloudini,28055277926.0,,,0.01,,LIORF,0.4781181773747866,0.449390618391687,0.4312819519398391,0.1632331572865178,0.0165068183039261,1.3820680463288555,3586.915394194325
park,cloudini,28055277926.0,,,0.01,,LOAM,0.67,,,,,1.84,
park,cloudini,28055277926.0,,,0.01,,SPARK-FAST-LIO,0.29,,,,,0.57,
park,cloudini,26940580574.0,,,0.1,25.1,KISS-ICP,50.61215706385855,38.30818004731988,23.198064125061546,33.076786181834684,10.352436173342348,172.01951881169046,40201600.40705404
park,cloudini,26940580574.0,,,0.1,25.1,LIORF,0.5011395583714957,0.4690937464289548,0.4481612753266463,0.1763289937191987,0.0323798507966501,1.5403525711967554,3940.651186634329
park,cloudini,26940580574.0,,,0.1,,LOAM,17.34,,,,,45.72,
park,cloudini,26940580574.0,,,0.1,,LOAM,17.34,,,,,45.72,
park,cloudini,26940580574.0,,,0.1,,SPARK-FAST-LIO,0.3,,,,,0.56,
park,cloudini,26940580574.0,,,0.1,,SPARK-FAST-LIO,0.3,,,,,0.56,
park,cloudini,26618529186.0,,,0.2,24.8,KISS-ICP,29.66839065437774,25.23268325978926,17.865075037952323,15.605290754481922,5.984287049184998,65.96620428775582,13814069.162701938
park,cloudini,26618529186.0,,,0.2,24.8,LIORF,0.4432107660044162,0.4130813992717865,0.3956379748920101,0.1606223542284332,0.0221636336506286,1.469495014056712,3082.273872656956
park,cloudini,26618529186.0,,,0.2,,LOAM,23.82,,,,,93.14,
park,cloudini,26618529186.0,,,0.2,,LOAM,23.82,,,,,93.14,
park,cloudini,26618529186.0,,,0.2,,SPARK-FAST-LIO,0.29,,,,,0.64,
park,cloudini,26618529186.0,,,0.2,,SPARK-FAST-LIO,0.29,,,,,0.64,
park,cloudini,,,,0.3,24.6,KISS-ICP,57.17978860408625,38.42320148993429,13.156514344400604,42.34602474934221,8.232990660768834,187.7855324016697,51311975.96013662
park,cloudini,,,,0.4,24.5,KISS-ICP,68.59724692791005,43.01447124125385,21.273444639938056,53.43535861135404,1.775746516636332,269.5986832104058,73849408.39787549
park,cloudini,26133438518.0,,,0.5,,LIORF,25.90928167621796,23.45754577754313,18.13967112297768,11.001564573826414,4.879377588454194,48.89056879422109,10533225.150655584
park,cloudini,26133438518.0,,,0.5,,LOAM,58.74,,,,,147.0,
park,cloudini,26133438518.0,,,0.5,,SPARK-FAST-LIO,0.4,,,,,0.94,
park,cloudini,,,,0.6,24.3,KISS-ICP,75.38834733650472,66.90243421056992,70.87342937088401,34.748628905754586,1.848724269090396,122.9905636111721,89195325.33434805
park,cloudini,,,,0.8,24.2,KISS-ICP,75.39024362299298,66.90454554205364,70.87379041531652,34.74867795104586,1.8399163758275672,122.9990511561932,89199812.55348626
park,draco,23303375900.0,10.0,10.0,6.0,21.7,KISS-ICP,78.09771814887465,71.24634709098568,65.92001239508329,31.98767897569095,2.4251982183096006,171.27816340026894,95721685.68547836
park,draco,23303375900.0,10.0,10.0,6.0,21.7,LIORF,11328.525657335407,8706.111681618288,5297.7082654859005,7248.386920970502,2170.093076387992,29172.486056992373,224843784732.72443
park,draco,23303375900.0,10.0,10.0,6.0,,LOAM,117.68,,,,,212.52,
park,draco,23303375900.0,10.0,10.0,6.0,,LOAM,117.68,,,,,212.52,
park,draco,23303375900.0,10.0,10.0,6.0,,SPARK-FAST-LIO,0.71,,,,,2.4,
park,draco,23303375900.0,10.0,10.0,6.0,,SPARK-FAST-LIO,0.71,,,,,2.4,
park,draco,,10.0,10.0,7.0,21.7,KISS-ICP,28.87302275611672,22.3294834651997,16.183064318796134,18.30425117978354,2.0861627306520947,107.5754989269345,13083325.747622725
park,draco,,10.0,10.0,7.0,21.7,LIORF,3006.6099406048666,1902.5728894935885,1074.2363050139802,2328.072106939134,132.7339556685848,10150.113590183071,120056299991.39124
park,draco,23309508528.0,10.0,10.0,8.0,21.7,KISS-ICP,53.28244394304866,35.184648312345864,18.400588520534463,40.0132397548694,4.136920535350821,230.85432776680548,44555561.55794747
park,draco,23309508528.0,10.0,10.0,8.0,21.7,LIORF,0.5285913343104892,0.4897298130346994,0.4773208363512802,0.1989309149758821,0.0196098573956285,1.769840567362106,4383.924051730769
park,draco,23309508528.0,10.0,10.0,8.0,,LOAM,39.93,,,,,165.08,
park,draco,23309508528.0,10.0,10.0,8.0,,LOAM,39.93,,,,,165.08,
park,draco,23309508528.0,10.0,10.0,8.0,,SPARK-FAST-LIO,0.37,,,,,1.06,
park,draco,23309508528.0,10.0,10.0,8.0,,SPARK-FAST-LIO,0.37,,,,,1.06,
park,draco,,10.0,10.0,9.0,21.8,KISS-ICP,65.31913815678784,52.46292448440697,38.6133332739832,38.91312585862191,14.449115872461658,171.44490854902415,66959860.47100766
park,draco,,10.0,10.0,9.0,21.8,LIORF,0.45479542624199,0.420414297311467,0.4056032079375621,0.1734667067386097,0.0190130064860735,2.051389940283539,3245.3020229736385
park,draco,23404065792.0,10.0,10.0,10.0,21.8,KISS-ICP,62.90409625197013,43.70147896982788,26.17163833179803,45.2449561954348,2.744851530394569,296.00319955212035,62099986.05489916
park,draco,23404065792.0,10.0,10.0,10.0,21.8,LIORF,0.4780599384511651,0.4431516309901823,0.4277518516830569,0.1793263413519416,0.0136834963555168,1.437351588079432,3585.813071557809
park,draco,23404065792.0,10.0,10.0,10.0,,LOAM,9.92,,,,,35.09,
park,draco,23404065792.0,10.0,10.0,10.0,,LOAM,9.92,,,,,35.09,
park,draco,23404065792.0,10.0,10.0,10.0,,SPARK-FAST-LIO,0.38,,,,,0.89,
park,draco,23404065792.0,10.0,10.0,10.0,,SPARK-FAST-LIO,0.38,,,,,0.89,
park,draco,,10.0,10.0,11.0,22.0,KISS-ICP,79.03988799604913,64.50055844121493,42.472801604711336,45.68349652992215,10.311801300898184,202.9598502457335,98045187.31915288
park,draco,,10.0,10.0,11.0,22.0,LIORF,0.4614761063493229,0.4248901844295427,0.410691567067637,0.1800792267496749,0.0222058651904763,1.4792383713938708,3341.345486714594
park,draco,,0.0,6.0,12.0,21.7,KISS-ICP,71.3053874076436,49.058890238828845,27.654594914201788,51.74633863268668,5.088989483740585,262.0174056937223,79795488.14201985
park,draco,,0.0,9.0,12.0,22.3,KISS-ICP,71.3053874076436,49.058890238828845,27.654594914201788,51.74633863268668,5.088989483740585,262.0174056937223,79795488.14201985
park,draco,,3.0,6.0,12.0,21.7,KISS-ICP,71.3053874076436,49.058890238828845,27.654594914201788,51.74633863268668,5.088989483740585,262.0174056937223,79795488.14201985
park,draco,,3.0,9.0,12.0,22.3,KISS-ICP,71.3053874076436,49.058890238828845,27.654594914201788,51.74633863268668,5.088989483740585,262.0174056937223,79795488.14201985
park,draco,,6.0,0.0,12.0,21.7,KISS-ICP,71.3053874076436,49.058890238828845,27.654594914201788,51.74633863268668,5.088989483740585,262.0174056937223,79795488.14201985
park,draco,,6.0,3.0,12.0,21.7,KISS-ICP,71.3053874076436,49.058890238828845,27.654594914201788,51.74633863268668,5.088989483740585,262.0174056937223,79795488.14201985
park,draco,,6.0,6.0,12.0,21.7,KISS-ICP,71.3053874076436,49.058890238828845,27.654594914201788,51.74633863268668,5.088989483740585,262.0174056937223,79795488.14201985
park,draco,,6.0,9.0,12.0,22.3,KISS-ICP,71.3053874076436,49.058890238828845,27.654594914201788,51.74633863268668,5.088989483740585,262.0174056937223,79795488.14201985
park,draco,,9.0,0.0,12.0,22.3,KISS-ICP,71.3053874076436,49.058890238828845,27.654594914201788,51.74633863268668,5.088989483740585,262.0174056937223,79795488.14201985
park,draco,,9.0,3.0,12.0,22.3,KISS-ICP,71.3053874076436,49.058890238828845,27.654594914201788,51.74633863268668,5.088989483740585,262.0174056937223,79795488.14201985
park,draco,,9.0,6.0,12.0,22.3,KISS-ICP,71.3053874076436,49.058890238828845,27.654594914201788,51.74633863268668,5.088989483740585,262.0174056937223,79795488.14201985
park,draco,,9.0,9.0,12.0,22.3,KISS-ICP,71.3053874076436,49.058890238828845,27.654594914201788,51.74633863268668,5.088989483740585,262.0174056937223,79795488.14201985
park,draco,,0.0,0.0,12.0,17.3,KISS-ICP,78.14275504903918,53.99736319716136,33.322570461241355,56.485174465588585,1.8825306499811607,286.4657880734261,95832117.87547004
park,draco,,0.0,3.0,12.0,17.3,KISS-ICP,78.14275504903918,53.99736319716136,33.322570461241355,56.485174465588585,1.8825306499811607,286.4657880734261,95832117.87547004
park,draco,,3.0,0.0,12.0,17.3,KISS-ICP,78.14275504903918,53.99736319716136,33.322570461241355,56.485174465588585,1.8825306499811607,286.4657880734261,95832117.87547004
park,draco,,3.0,3.0,12.0,17.3,KISS-ICP,78.14275504903918,53.99736319716136,33.322570461241355,56.485174465588585,1.8825306499811607,286.4657880734261,95832117.87547004
park,draco,23867104184.0,10.0,10.0,12.0,,LOAM,6.85,,,,,25.36,
park,draco,23867104184.0,10.0,10.0,12.0,,SPARK-FAST-LIO,0.35,,,,,0.85,
park,draco,23867104184.0,10.0,10.0,12.0,,,,,,,,,
park,draco,,0.0,6.0,14.0,22.7,KISS-ICP,40.870839241362695,28.57326332169823,19.01234107364796,29.22317784639801,2.110652438186128,156.43463139395865,26215657.80160325
park,draco,,0.0,9.0,14.0,23.3,KISS-ICP,40.870839241362695,28.57326332169823,19.01234107364796,29.22317784639801,2.110652438186128,156.43463139395865,26215657.80160325
park,draco,,3.0,6.0,14.0,22.7,KISS-ICP,40.870839241362695,28.57326332169823,19.01234107364796,29.22317784639801,2.110652438186128,156.43463139395865,26215657.80160325
park,draco,,3.0,9.0,14.0,23.3,KISS-ICP,40.870839241362695,28.57326332169823,19.01234107364796,29.22317784639801,2.110652438186128,156.43463139395865,26215657.80160325
park,draco,,6.0,0.0,14.0,22.7,KISS-ICP,40.870839241362695,28.57326332169823,19.01234107364796,29.22317784639801,2.110652438186128,156.43463139395865,26215657.80160325
park,draco,,6.0,3.0,14.0,22.7,KISS-ICP,40.870839241362695,28.57326332169823,19.01234107364796,29.22317784639801,2.110652438186128,156.43463139395865,26215657.80160325
park,draco,,6.0,6.0,14.0,22.7,KISS-ICP,40.870839241362695,28.57326332169823,19.01234107364796,29.22317784639801,2.110652438186128,156.43463139395865,26215657.80160325
park,draco,,6.0,9.0,14.0,23.3,KISS-ICP,40.870839241362695,28.57326332169823,19.01234107364796,29.22317784639801,2.110652438186128,156.43463139395865,26215657.80160325
park,draco,,9.0,0.0,14.0,23.3,KISS-ICP,40.870839241362695,28.57326332169823,19.01234107364796,29.22317784639801,2.110652438186128,156.43463139395865,26215657.80160325
park,draco,,9.0,3.0,14.0,23.3,KISS-ICP,40.870839241362695,28.57326332169823,19.01234107364796,29.22317784639801,2.110652438186128,156.43463139395865,26215657.80160325
park,draco,,9.0,6.0,14.0,23.3,KISS-ICP,40.870839241362695,28.57326332169823,19.01234107364796,29.22317784639801,2.110652438186128,156.43463139395865,26215657.80160325
park,draco,,9.0,9.0,14.0,23.3,KISS-ICP,40.870839241362695,28.57326332169823,19.01234107364796,29.22317784639801,2.110652438186128,156.43463139395865,26215657.80160325
park,draco,,0.0,0.0,14.0,18.4,KISS-ICP,47.42517458169907,36.74304647972445,23.982041944569744,29.98492487056527,11.00908910116902,147.54250911142998,35298115.90733814
park,draco,,0.0,3.0,14.0,18.4,KISS-ICP,47.42517458169907,36.74304647972445,23.982041944569744,29.98492487056527,11.00908910116902,147.54250911142998,35298115.90733814
park,draco,,3.0,0.0,14.0,18.4,KISS-ICP,47.42517458169907,36.74304647972445,23.982041944569744,29.98492487056527,11.00908910116902,147.54250911142998,35298115.90733814
park,draco,,3.0,3.0,14.0,18.4,KISS-ICP,47.42517458169907,36.74304647972445,23.982041944569744,29.98492487056527,11.00908910116902,147.54250911142998,35298115.90733814
park,draco,24930498628.0,10.0,10.0,14.0,,LOAM,8.59,,,,,29.29,
park,draco,24930498628.0,10.0,10.0,14.0,,SPARK-FAST-LIO,0.34,,,,,0.79,
park,draco,24930498628.0,10.0,10.0,14.0,,,,,,,,,
park,draco,,0.0,0.0,16.0,19.5,KISS-ICP,47.63540281250472,33.84507479100897,18.021675912613148,33.52077734033912,2.191116655104,181.7040161616752,35611751.34781379
park,draco,,0.0,3.0,16.0,19.5,KISS-ICP,47.63540281250472,33.84507479100897,18.021675912613148,33.52077734033912,2.191116655104,181.7040161616752,35611751.34781379
park,draco,,3.0,0.0,16.0,19.5,KISS-ICP,47.63540281250472,33.84507479100897,18.021675912613148,33.52077734033912,2.191116655104,181.7040161616752,35611751.34781379
park,draco,,3.0,3.0,16.0,19.5,KISS-ICP,47.63540281250472,33.84507479100897,18.021675912613148,33.52077734033912,2.191116655104,181.7040161616752,35611751.34781379
park,draco,,0.0,6.0,16.0,24.4,KISS-ICP,54.06206209828884,40.28218083265675,25.92404498653929,36.05624031543472,11.962881562815497,178.26387876492737,45868956.72626214
park,draco,,0.0,9.0,16.0,24.9,KISS-ICP,54.06206209828884,40.28218083265675,25.92404498653929,36.05624031543472,11.962881562815497,178.26387876492737,45868956.72626214
park,draco,,3.0,6.0,16.0,24.4,KISS-ICP,54.06206209828884,40.28218083265675,25.92404498653929,36.05624031543472,11.962881562815497,178.26387876492737,45868956.72626214
park,draco,,3.0,9.0,16.0,24.9,KISS-ICP,54.06206209828884,40.28218083265675,25.92404498653929,36.05624031543472,11.962881562815497,178.26387876492737,45868956.72626214
park,draco,,6.0,0.0,16.0,24.4,KISS-ICP,54.06206209828884,40.28218083265675,25.92404498653929,36.05624031543472,11.962881562815497,178.26387876492737,45868956.72626214
park,draco,,6.0,3.0,16.0,24.4,KISS-ICP,54.06206209828884,40.28218083265675,25.92404498653929,36.05624031543472,11.962881562815497,178.26387876492737,45868956.72626214
park,draco,,6.0,6.0,16.0,24.4,KISS-ICP,54.06206209828884,40.28218083265675,25.92404498653929,36.05624031543472,11.962881562815497,178.26387876492737,45868956.72626214
park,draco,,6.0,9.0,16.0,24.9,KISS-ICP,54.06206209828884,40.28218083265675,25.92404498653929,36.05624031543472,11.962881562815497,178.26387876492737,45868956.72626214
park,draco,,9.0,0.0,16.0,24.9,KISS-ICP,54.06206209828884,40.28218083265675,25.92404498653929,36.05624031543472,11.962881562815497,178.26387876492737,45868956.72626214
park,draco,,9.0,3.0,16.0,24.9,KISS-ICP,54.06206209828884,40.28218083265675,25.92404498653929,36.05624031543472,11.962881562815497,178.26387876492737,45868956.72626214
park,draco,,9.0,6.0,16.0,24.9,KISS-ICP,54.06206209828884,40.28218083265675,25.92404498653929,36.05624031543472,11.962881562815497,178.26387876492737,45868956.72626214
park,draco,,9.0,9.0,16.0,24.9,KISS-ICP,54.06206209828884,40.28218083265675,25.92404498653929,36.05624031543472,11.962881562815497,178.26387876492737,45868956.72626214
park,draco,,0.0,0.0,18.0,20.6,KISS-ICP,53.31217106754421,35.67083765973893,19.99200748258251,39.62043569406637,4.698853219581357,228.01296672263263,44605291.94227743
park,draco,,0.0,3.0,18.0,20.6,KISS-ICP,53.31217106754421,35.67083765973893,19.99200748258251,39.62043569406637,4.698853219581357,228.01296672263263,44605291.94227743
park,draco,,3.0,0.0,18.0,20.6,KISS-ICP,53.31217106754421,35.67083765973893,19.99200748258251,39.62043569406637,4.698853219581357,228.01296672263263,44605291.94227743
park,draco,,3.0,3.0,18.0,20.6,KISS-ICP,53.31217106754421,35.67083765973893,19.99200748258251,39.62043569406637,4.698853219581357,228.01296672263263,44605291.94227743
park,draco,,0.0,6.0,18.0,26.7,KISS-ICP,54.396869479604725,41.17412472160385,25.075932775133683,35.54871112418793,2.3499637558941227,179.14215287942704,46438850.607689
park,draco,,0.0,9.0,18.0,27.2,KISS-ICP,54.396869479604725,41.17412472160385,25.075932775133683,35.54871112418793,2.3499637558941227,179.14215287942704,46438850.607689
park,draco,,3.0,6.0,18.0,26.7,KISS-ICP,54.396869479604725,41.17412472160385,25.075932775133683,35.54871112418793,2.3499637558941227,179.14215287942704,46438850.607689
park,draco,,3.0,9.0,18.0,27.2,KISS-ICP,54.396869479604725,41.17412472160385,25.075932775133683,35.54871112418793,2.3499637558941227,179.14215287942704,46438850.607689
park,draco,,6.0,0.0,18.0,26.7,KISS-ICP,54.396869479604725,41.17412472160385,25.075932775133683,35.54871112418793,2.3499637558941227,179.14215287942704,46438850.607689
park,draco,,6.0,3.0,18.0,26.7,KISS-ICP,54.396869479604725,41.17412472160385,25.075932775133683,35.54871112418793,2.3499637558941227,179.14215287942704,46438850.607689
park,draco,,6.0,6.0,18.0,26.7,KISS-ICP,54.396869479604725,41.17412472160385,25.075932775133683,35.54871112418793,2.3499637558941227,179.14215287942704,46438850.607689
park,draco,,6.0,9.0,18.0,27.2,KISS-ICP,54.396869479604725,41.17412472160385,25.075932775133683,35.54871112418793,2.3499637558941227,179.14215287942704,46438850.607689
park,draco,,9.0,0.0,18.0,27.2,KISS-ICP,54.396869479604725,41.17412472160385,25.075932775133683,35.54871112418793,2.3499637558941227,179.14215287942704,46438850.607689
park,draco,,9.0,3.0,18.0,27.2,KISS-ICP,54.396869479604725,41.17412472160385,25.075932775133683,35.54871112418793,2.3499637558941227,179.14215287942704,46438850.607689
park,draco,,9.0,6.0,18.0,27.2,KISS-ICP,54.396869479604725,41.17412472160385,25.075932775133683,35.54871112418793,2.3499637558941227,179.14215287942704,46438850.607689
park,draco,,9.0,9.0,18.0,27.2,KISS-ICP,54.396869479604725,41.17412472160385,25.075932775133683,35.54871112418793,2.3499637558941227,179.14215287942704,46438850.607689
park,draco,,0.0,6.0,20.0,29.5,KISS-ICP,65.85217747348165,47.886586375089,28.059117512665274,45.20380651383314,3.807680005971427,184.62472312332332,68057176.6089151
park,draco,,0.0,9.0,20.0,29.9,KISS-ICP,65.85217747348165,47.886586375089,28.059117512665274,45.20380651383314,3.807680005971427,184.62472312332332,68057176.6089151
park,draco,,3.0,6.0,20.0,29.5,KISS-ICP,65.85217747348165,47.886586375089,28.059117512665274,45.20380651383314,3.807680005971427,184.62472312332332,68057176.6089151
park,draco,,3.0,9.0,20.0,29.9,KISS-ICP,65.85217747348165,47.886586375089,28.059117512665274,45.20380651383314,3.807680005971427,184.62472312332332,68057176.6089151
park,draco,,6.0,0.0,20.0,29.5,KISS-ICP,65.85217747348165,47.886586375089,28.059117512665274,45.20380651383314,3.807680005971427,184.62472312332332,68057176.6089151
park,draco,,6.0,3.0,20.0,29.5,KISS-ICP,65.85217747348165,47.886586375089,28.059117512665274,45.20380651383314,3.807680005971427,184.62472312332332,68057176.6089151
park,draco,,6.0,6.0,20.0,29.5,KISS-ICP,65.85217747348165,47.886586375089,28.059117512665274,45.20380651383314,3.807680005971427,184.62472312332332,68057176.6089151
park,draco,,6.0,9.0,20.0,29.9,KISS-ICP,65.85217747348165,47.886586375089,28.059117512665274,45.20380651383314,3.807680005971427,184.62472312332332,68057176.6089151
park,draco,,9.0,0.0,20.0,29.9,KISS-ICP,65.85217747348165,47.886586375089,28.059117512665274,45.20380651383314,3.807680005971427,184.62472312332332,68057176.6089151
park,draco,,9.0,3.0,20.0,29.9,KISS-ICP,65.85217747348165,47.886586375089,28.059117512665274,45.20380651383314,3.807680005971427,184.62472312332332,68057176.6089151
park,draco,,9.0,6.0,20.0,29.9,KISS-ICP,65.85217747348165,47.886586375089,28.059117512665274,45.20380651383314,3.807680005971427,184.62472312332332,68057176.6089151
park,draco,,9.0,9.0,20.0,29.9,KISS-ICP,65.85217747348165,47.886586375089,28.059117512665274,45.20380651383314,3.807680005971427,184.62472312332332,68057176.6089151
park,draco,,0.0,0.0,20.0,21.6,KISS-ICP,69.565922882963,43.74805706991624,18.68640775265596,54.08812373493563,0.466542762938149,281.4294903480361,75949820.23120682
park,draco,,0.0,3.0,20.0,21.6,KISS-ICP,69.565922882963,43.74805706991624,18.68640775265596,54.08812373493563,0.466542762938149,281.4294903480361,75949820.23120682
park,draco,,3.0,0.0,20.0,21.6,KISS-ICP,69.565922882963,43.74805706991624,18.68640775265596,54.08812373493563,0.466542762938149,281.4294903480361,75949820.23120682
park,draco,,3.0,3.0,20.0,21.6,KISS-ICP,69.565922882963,43.74805706991624,18.68640775265596,54.08812373493563,0.466542762938149,281.4294903480361,75949820.23120682
park,uncompressed,98918500450.0,,,,,LOAM,5.75,,,,,18.3,
park,uncompressed,98918500450.0,,,,,LOAM,5.75,,,,,18.3,
park,uncompressed,98918500450.0,,,,,SPARK-FAST-LIO,0.29,,,,,0.56,
park,uncompressed,98918500450.0,,,,,SPARK-FAST-LIO,0.29,,,,,0.56,
park,uncompressed,98918500450.0,,,,,,,,,,,,
pincio,cloudini,36209826168.0,,,0.001,,LOAM,1.44,,,,,2.79,
pincio,cloudini,36209826168.0,,,0.001,,SPARK-FAST-LIO,2.29,,,,,4.38,
pincio,cloudini,36209826168.0,,,0.001,,,,,,,,,
pincio,cloudini,35417787480.0,,,0.01,,LOAM,1.4,,,,,2.75,
pincio,cloudini,35417787480.0,,,0.01,,SPARK-FAST-LIO,2.19,,,,,4.25,
pincio,cloudini,35417787480.0,,,0.01,,,,,,,,,
pincio,cloudini,33428060192.0,,,0.1,,LOAM,0.45,,,,,1.05,
pincio,cloudini,33428060192.0,,,0.1,,SPARK-FAST-LIO,2.13,,,,,4.19,
pincio,cloudini,33428060192.0,,,0.1,,,,,,,,,
pincio,cloudini,32923765220.0,,,0.2,,LOAM,0.51,,,,,1.08,
pincio,cloudini,32923765220.0,,,0.2,,SPARK-FAST-LIO,1.37,,,,,2.71,
pincio,cloudini,32923765220.0,,,0.2,,,,,,,,,
pincio,cloudini,32620592168.0,,,0.5,,LOAM,28.11,,,,,76.13,
pincio,cloudini,32620592168.0,,,0.5,,SPARK-FAST-LIO,0.45,,,,,0.75,
pincio,cloudini,32620592168.0,,,0.5,,,,,,,,,
pincio,draco,29569881800.0,10.0,10.0,6.0,,LOAM,65.27,,,,,132.25,
pincio,draco,29569881800.0,10.0,10.0,6.0,,SPARK-FAST-LIO,1.06,,,,,6.6,
pincio,draco,29569881800.0,10.0,10.0,6.0,,,,,,,,,
pincio,draco,29576815300.0,10.0,10.0,8.0,,LOAM,0.75,,,,,4.87,
pincio,draco,29576815300.0,10.0,10.0,8.0,,SPARK-FAST-LIO,0.38,,,,,0.99,
pincio,draco,29576815300.0,10.0,10.0,8.0,,,,,,,,,
pincio,draco,29663964860.0,10.0,10.0,10.0,,LOAM,0.37,,,,,0.87,
pincio,draco,29663964860.0,10.0,10.0,10.0,,SPARK-FAST-LIO,2.17,,,,,4.21,
pincio,draco,29663964860.0,10.0,10.0,10.0,,,,,,,,,
pincio,draco,30000681284.0,10.0,10.0,12.0,,LOAM,0.36,,,,,0.98,
pincio,draco,30000681284.0,10.0,10.0,12.0,,SPARK-FAST-LIO,1.6,,,,,3.12,
pincio,draco,30000681284.0,10.0,10.0,12.0,,,,,,,,,
pincio,draco,30858106496.0,10.0,10.0,14.0,,LOAM,0.36,,,,,0.96,
pincio,draco,30858106496.0,10.0,10.0,14.0,,SPARK-FAST-LIO,1.68,,,,,3.25,
pincio,draco,30858106496.0,10.0,10.0,14.0,,,,,,,,,
pincio,uncompressed,84721647080.0,,,,,LOAM,1.32,,,,,2.61,
pincio,uncompressed,84721647080.0,,,,,LOAM,1.32,,,,,2.61,
pincio,uncompressed,84721647080.0,,,,,SPARK-FAST-LIO,2.43,,,,,4.66,
pincio,uncompressed,84721647080.0,,,,,SPARK-FAST-LIO,2.43,,,,,4.66,
pincio,uncompressed,84721647080.0,,,,,,,,,,,,
quad_easy,cloudini,3842502095.0,,,0.001,,LIORF,0.1721647142116643,0.1576993031637272,0.1485397469431185,0.0690769035297535,0.0128684605935808,0.4312083542881525,58.86640799569391
quad_easy,cloudini,3842502095.0,,,0.001,,LOAM,0.1,,,,,0.23,
quad_easy,cloudini,3842502095.0,,,0.001,,SPARK-FAST-LIO,0.07,,,,,0.18,
quad_easy,cloudini,3618915007.0,,,0.01,,LIORF,0.1732067524460827,0.1587385350664771,0.1497353969753208,0.0693012018500934,0.0108975999480685,0.429673716473022,59.58115007853634
quad_easy,cloudini,3618915007.0,,,0.01,,LOAM,0.1,,,,,0.23,
quad_easy,cloudini,3618915007.0,,,0.01,,SPARK-FAST-LIO,0.07,,,,,0.18,
quad_easy,cloudini,3493667195.0,,,0.1,2.2,KISS-ICP,0.1171882239247097,0.1048708508268617,0.0959598137354516,0.0522989911325067,0.0119294243273645,0.3539260175521869,18.388593887854785
quad_easy,cloudini,3493667195.0,,,0.1,2.2,KISS-ICP,0.1171882239247097,0.1048708508268617,0.0959598137354516,0.0522989911325067,0.0119294243273645,0.3539260175521869,18.388593887854785
quad_easy,cloudini,3493667195.0,,,0.1,2.2,LIORF,0.1720829836442135,0.1573883805075507,0.1479062700300368,0.0695805356483053,0.0132010685536854,0.4345286547148324,58.8105307741508
quad_easy,cloudini,3493667195.0,,,0.1,2.2,LIORF,0.1720829836442135,0.1573883805075507,0.1479062700300368,0.0695805356483053,0.0132010685536854,0.4345286547148324,58.8105307741508
quad_easy,cloudini,3493667195.0,,,0.1,,LOAM,0.1,,,,,0.25,
quad_easy,cloudini,3493667195.0,,,0.1,,LOAM,0.1,,,,,0.25,
quad_easy,cloudini,3493667195.0,,,0.1,,LOAM,0.1,,,,,0.25,
quad_easy,cloudini,3493667195.0,,,0.1,,LOAM,0.1,,,,,0.25,
quad_easy,cloudini,3493667195.0,,,0.1,,SPARK-FAST-LIO,0.07,,,,,0.18,
quad_easy,cloudini,3493667195.0,,,0.1,,SPARK-FAST-LIO,0.07,,,,,0.18,
quad_easy,cloudini,3493667195.0,,,0.1,,SPARK-FAST-LIO,0.07,,,,,0.18,
quad_easy,cloudini,3493667195.0,,,0.1,,SPARK-FAST-LIO,0.07,,,,,0.18,
quad_easy,cloudini,3449910499.0,,,0.2,999.7,KISS-ICP,0.1176432937174678,0.1043532579317015,0.093213292343739,0.0543170517953082,0.0062649528236682,0.331365102183567,8.331646623130041
quad_easy,cloudini,3449910499.0,,,0.2,999.7,KISS-ICP,0.1176432937174678,0.1043532579317015,0.093213292343739,0.0543170517953082,0.0062649528236682,0.331365102183567,8.331646623130041
quad_easy,cloudini,3449910499.0,,,0.2,999.7,LIORF,0.1728578427536776,0.1584628962113118,0.149709963874647,0.0690604396581585,0.0147981205700335,0.4445191072406135,59.34134992968991
quad_easy,cloudini,3449910499.0,,,0.2,999.7,LIORF,0.1728578427536776,0.1584628962113118,0.149709963874647,0.0690604396581585,0.0147981205700335,0.4445191072406135,59.34134992968991
quad_easy,cloudini,3449910499.0,,,0.2,,LOAM,0.11,,,,,0.28,
quad_easy,cloudini,3449910499.0,,,0.2,,LOAM,0.11,,,,,0.28,
quad_easy,cloudini,3449910499.0,,,0.2,,LOAM,0.11,,,,,0.28,
quad_easy,cloudini,3449910499.0,,,0.2,,LOAM,0.11,,,,,0.28,
quad_easy,cloudini,3449910499.0,,,0.2,,SPARK-FAST-LIO,0.07,,,,,0.18,
quad_easy,cloudini,3449910499.0,,,0.2,,SPARK-FAST-LIO,0.07,,,,,0.18,
quad_easy,cloudini,3449910499.0,,,0.2,,SPARK-FAST-LIO,0.07,,,,,0.18,
quad_easy,cloudini,3449910499.0,,,0.2,,SPARK-FAST-LIO,0.07,,,,,0.18,
quad_easy,cloudini,3418191939.0,,,0.3,2.3,KISS-ICP,0.1550651607223644,0.1415404341591111,0.1362426147142359,0.0633364789667299,0.0079934434513398,0.3917206506954373,35.03386232977539
quad_easy,cloudini,3396786491.0,,,0.4,2.3,KISS-ICP,0.5606815623640885,0.4778826495815643,0.4231093841806859,0.2932439046322004,0.013538133961764,2.0371447032611942,448.2827992988002
quad_easy,cloudini,3381459151.0,,,0.5,,LIORF,0.1782896465378863,0.163647395001823,0.1568485864555371,0.0707582374831493,0.0112453886010531,0.4846140142572686,63.09758815426986
quad_easy,cloudini,3381459151.0,,,0.5,,LOAM,4.42,,,,,10.05,
quad_easy,cloudini,3381459151.0,,,0.5,,SPARK-FAST-LIO,0.09,,,,,0.26,
quad_easy,cloudini,3368795635.0,,,0.6,2.2,KISS-ICP,18.587829808531502,18.074273282732754,19.045968127304167,4.3391315135664215,9.724685762709846,25.626778678211505,490275.024710133
quad_easy,cloudini,3354626055.0,,,0.8,2.2,KISS-ICP,18.55358554633577,18.035113964344067,18.971352047589374,4.355479413144027,9.71403906520467,25.45956542354102,484339.400031656
quad_easy,draco,3125809654.0,10.0,10.0,6.0,2.9,KISS-ICP,1.6435787962460189,1.340522832869484,1.0938303861954748,0.9509730774449324,0.0670024915008337,7.487106417575847,5370.286303825389
quad_easy,draco,3125809654.0,10.0,10.0,6.0,2.9,LIORF,10694.56754037715,10406.905289422486,9009.397022298055,2463.7567194588883,1336.9968007124817,14168.432152860232,106024489309.76328
quad_easy,draco,3125809654.0,10.0,10.0,6.0,,LOAM,29.7,,,,,48.16,
quad_easy,draco,3125809654.0,10.0,10.0,6.0,,LOAM,29.7,,,,,48.16,
quad_easy,draco,3125809654.0,10.0,10.0,6.0,,SPARK-FAST-LIO,0.24,,,,,1.48,
quad_easy,draco,3125809654.0,10.0,10.0,6.0,,SPARK-FAST-LIO,0.24,,,,,1.48,
quad_easy,draco,3125821050.0,10.0,10.0,7.0,2.9,KISS-ICP,0.4944913429831296,0.4312317724354814,0.3850489724375832,0.2419934848862925,0.0268308538762966,1.5011853868719731,486.1091163110952
quad_easy,draco,3125821050.0,10.0,10.0,7.0,2.9,LIORF,0.1827896603419031,0.1667105989939387,0.1552215753686626,0.0749642322110381,0.0138464327575746,0.4458059783251997,66.322938956898
quad_easy,draco,3125980514.0,10.0,10.0,8.0,2.9,KISS-ICP,0.1386320640284623,0.1241604226062116,0.1152837453803715,0.061668781689268,0.0093546802084243,0.4504097602852446,38.20707216346186
quad_easy,draco,3125980514.0,10.0,10.0,8.0,2.9,LIORF,0.1772540842484677,0.1623019979980505,0.1519929138894482,0.0712535741461698,0.0100109788114574,0.4435439218171209,62.36673560978439
quad_easy,draco,3125980514.0,10.0,10.0,8.0,,LOAM,0.11,,,,,0.27,
quad_easy,draco,3125980514.0,10.0,10.0,8.0,,LOAM,0.11,,,,,0.27,
quad_easy,draco,3125980514.0,10.0,10.0,8.0,,SPARK-FAST-LIO,0.08,,,,,0.2,
quad_easy,draco,3125980514.0,10.0,10.0,8.0,,SPARK-FAST-LIO,0.08,,,,,0.2,
quad_easy,draco,3127237666.0,10.0,10.0,9.0,2.9,KISS-ICP,0.1213452873525323,0.1089743790432523,0.1001397936086738,0.0533784926239604,0.0084391321616159,0.4076999485304699,29.27266138018527
quad_easy,draco,3127237666.0,10.0,10.0,9.0,2.9,LIORF,0.1763716568076165,0.161166982115867,0.1499501269199616,0.0716391317697767,0.0131054153650607,0.4367638307829724,61.74731823025135
quad_easy,draco,3132408286.0,10.0,10.0,10.0,2.9,KISS-ICP,0.1191671099750696,0.1071503243623863,0.0981077081531921,0.0521498618295939,0.0082844655557882,0.3716064794739938,28.231190598422973
quad_easy,draco,3132408286.0,10.0,10.0,10.0,2.9,LIORF,0.1755708838294002,0.160295678301865,0.149674682500272,0.0716270253911312,0.015625381983004,0.4474039987543984,61.18789346854395
quad_easy,draco,3132408286.0,10.0,10.0,10.0,,LOAM,0.1,,,,,0.26,
quad_easy,draco,3132408286.0,10.0,10.0,10.0,,LOAM,0.1,,,,,0.26,
quad_easy,draco,3132408286.0,10.0,10.0,10.0,,SPARK-FAST-LIO,0.08,,,,,0.2,
quad_easy,draco,3132408286.0,10.0,10.0,10.0,,SPARK-FAST-LIO,0.08,,,,,0.2,
quad_easy,draco,3147277622.0,10.0,10.0,11.0,2.9,KISS-ICP,0.1180097032957402,0.1060658170550765,0.098313295029845,0.0517332825595638,0.007138746314277,0.3366115864230279,27.68546466303389
quad_easy,draco,3147277622.0,10.0,10.0,11.0,2.9,LIORF,0.1759459759425762,0.1606610697959345,0.1505841381554137,0.0717287048705847,0.0147427857981004,0.44625458476714,61.44961810401542
quad_easy,draco,,0.0,6.0,12.0,2.9,KISS-ICP,0.1182209276620698,0.106303388617232,0.098324184321807,0.051727916116678,0.0043346353265772,0.3715370007067869,27.78466122171333
quad_easy,draco,,0.0,9.0,12.0,3.0,KISS-ICP,0.1182209276620698,0.106303388617232,0.098324184321807,0.051727916116678,0.0043346353265772,0.3715370007067869,27.78466122171333
quad_easy,draco,,3.0,6.0,12.0,2.9,KISS-ICP,0.1182209276620698,0.106303388617232,0.098324184321807,0.051727916116678,0.0043346353265772,0.3715370007067869,27.78466122171333
quad_easy,draco,,3.0,9.0,12.0,3.0,KISS-ICP,0.1182209276620698,0.106303388617232,0.098324184321807,0.051727916116678,0.0043346353265772,0.3715370007067869,27.78466122171333
quad_easy,draco,,6.0,0.0,12.0,2.9,KISS-ICP,0.1182209276620698,0.106303388617232,0.098324184321807,0.051727916116678,0.0043346353265772,0.3715370007067869,27.78466122171333
quad_easy,draco,,6.0,3.0,12.0,2.9,KISS-ICP,0.1182209276620698,0.106303388617232,0.098324184321807,0.051727916116678,0.0043346353265772,0.3715370007067869,27.78466122171333
quad_easy,draco,,6.0,6.0,12.0,2.9,KISS-ICP,0.1182209276620698,0.106303388617232,0.098324184321807,0.051727916116678,0.0043346353265772,0.3715370007067869,27.78466122171333
quad_easy,draco,,6.0,9.0,12.0,3.0,KISS-ICP,0.1182209276620698,0.106303388617232,0.098324184321807,0.051727916116678,0.0043346353265772,0.3715370007067869,27.78466122171333
quad_easy,draco,,9.0,0.0,12.0,3.0,KISS-ICP,0.1182209276620698,0.106303388617232,0.098324184321807,0.051727916116678,0.0043346353265772,0.3715370007067869,27.78466122171333
quad_easy,draco,,9.0,3.0,12.0,3.0,KISS-ICP,0.1182209276620698,0.106303388617232,0.098324184321807,0.051727916116678,0.0043346353265772,0.3715370007067869,27.78466122171333
quad_easy,draco,,9.0,6.0,12.0,3.0,KISS-ICP,0.1182209276620698,0.106303388617232,0.098324184321807,0.051727916116678,0.0043346353265772,0.3715370007067869,27.78466122171333
quad_easy,draco,,9.0,9.0,12.0,3.0,KISS-ICP,0.1182209276620698,0.106303388617232,0.098324184321807,0.051727916116678,0.0043346353265772,0.3715370007067869,27.78466122171333
quad_easy,draco,,0.0,0.0,12.0,2.2,KISS-ICP,0.1191500022178103,0.1067743692676729,0.0985133411662667,0.0528768105694247,0.0055038147995418,0.3690532524900364,28.22308538066639
quad_easy,draco,,0.0,3.0,12.0,2.2,KISS-ICP,0.1191500022178103,0.1067743692676729,0.0985133411662667,0.0528768105694247,0.0055038147995418,0.3690532524900364,28.22308538066639
quad_easy,draco,,3.0,0.0,12.0,2.2,KISS-ICP,0.1191500022178103,0.1067743692676729,0.0985133411662667,0.0528768105694247,0.0055038147995418,0.3690532524900364,28.22308538066639
quad_easy,draco,,3.0,3.0,12.0,2.2,KISS-ICP,0.1191500022178103,0.1067743692676729,0.0985133411662667,0.0528768105694247,0.0055038147995418,0.3690532524900364,28.22308538066639
quad_easy,draco,3178057342.0,10.0,10.0,12.0,,LOAM,0.1,,,,,0.22,
quad_easy,draco,3178057342.0,10.0,10.0,12.0,,SPARK-FAST-LIO,0.08,,,,,0.19,
quad_easy,draco,3178057342.0,10.0,10.0,12.0,,,,,,,,,
quad_easy,draco,,0.0,6.0,14.0,3.0,KISS-ICP,0.1179588881170436,0.1059690887890712,0.0983534454073645,0.0518155527522688,0.0042044121357976,0.3516105937751607,27.661626980188725
quad_easy,draco,,0.0,9.0,14.0,3.1,KISS-ICP,0.1179588881170436,0.1059690887890712,0.0983534454073645,0.0518155527522688,0.0042044121357976,0.3516105937751607,27.661626980188725
quad_easy,draco,,3.0,6.0,14.0,3.0,KISS-ICP,0.1179588881170436,0.1059690887890712,0.0983534454073645,0.0518155527522688,0.0042044121357976,0.3516105937751607,27.661626980188725
quad_easy,draco,,3.0,9.0,14.0,3.1,KISS-ICP,0.1179588881170436,0.1059690887890712,0.0983534454073645,0.0518155527522688,0.0042044121357976,0.3516105937751607,27.661626980188725
quad_easy,draco,,6.0,0.0,14.0,3.0,KISS-ICP,0.1179588881170436,0.1059690887890712,0.0983534454073645,0.0518155527522688,0.0042044121357976,0.3516105937751607,27.661626980188725
quad_easy,draco,,6.0,3.0,14.0,3.0,KISS-ICP,0.1179588881170436,0.1059690887890712,0.0983534454073645,0.0518155527522688,0.0042044121357976,0.3516105937751607,27.661626980188725
quad_easy,draco,,6.0,6.0,14.0,3.0,KISS-ICP,0.1179588881170436,0.1059690887890712,0.0983534454073645,0.0518155527522688,0.0042044121357976,0.3516105937751607,27.661626980188725
quad_easy,draco,,6.0,9.0,14.0,3.1,KISS-ICP,0.1179588881170436,0.1059690887890712,0.0983534454073645,0.0518155527522688,0.0042044121357976,0.3516105937751607,27.661626980188725
quad_easy,draco,,9.0,0.0,14.0,3.1,KISS-ICP,0.1179588881170436,0.1059690887890712,0.0983534454073645,0.0518155527522688,0.0042044121357976,0.3516105937751607,27.661626980188725
quad_easy,draco,,9.0,3.0,14.0,3.1,KISS-ICP,0.1179588881170436,0.1059690887890712,0.0983534454073645,0.0518155527522688,0.0042044121357976,0.3516105937751607,27.661626980188725
quad_easy,draco,,9.0,6.0,14.0,3.1,KISS-ICP,0.1179588881170436,0.1059690887890712,0.0983534454073645,0.0518155527522688,0.0042044121357976,0.3516105937751607,27.661626980188725
quad_easy,draco,,9.0,9.0,14.0,3.1,KISS-ICP,0.1179588881170436,0.1059690887890712,0.0983534454073645,0.0518155527522688,0.0042044121357976,0.3516105937751607,27.661626980188725
quad_easy,draco,,0.0,0.0,14.0,2.4,KISS-ICP,0.1195314233388983,0.1071598204632349,0.0999740178878893,0.0529578515775535,0.0094962037018962,0.3693810485227041,28.404069196860792
quad_easy,draco,,0.0,3.0,14.0,2.4,KISS-ICP,0.1195314233388983,0.1071598204632349,0.0999740178878893,0.0529578515775535,0.0094962037018962,0.3693810485227041,28.404069196860792
quad_easy,draco,,3.0,0.0,14.0,2.4,KISS-ICP,0.1195314233388983,0.1071598204632349,0.0999740178878893,0.0529578515775535,0.0094962037018962,0.3693810485227041,28.404069196860792
quad_easy,draco,,3.0,3.0,14.0,2.4,KISS-ICP,0.1195314233388983,0.1071598204632349,0.0999740178878893,0.0529578515775535,0.0094962037018962,0.3693810485227041,28.404069196860792
quad_easy,draco,3299052754.0,10.0,10.0,14.0,,LOAM,0.1,,,,,0.22,
quad_easy,draco,3299052754.0,10.0,10.0,14.0,,SPARK-FAST-LIO,0.08,,,,,0.18,
quad_easy,draco,3299052754.0,10.0,10.0,14.0,,,,,,,,,
quad_easy,draco,,0.0,0.0,16.0,2.5,KISS-ICP,0.1185088640128731,0.1063061190290827,0.0984678110089973,0.0523770933385594,0.0053494594242586,0.3650543366307529,27.92016948904788
quad_easy,draco,,0.0,3.0,16.0,2.5,KISS-ICP,0.1185088640128731,0.1063061190290827,0.0984678110089973,0.0523770933385594,0.0053494594242586,0.3650543366307529,27.92016948904788
quad_easy,draco,,3.0,0.0,16.0,2.5,KISS-ICP,0.1185088640128731,0.1063061190290827,0.0984678110089973,0.0523770933385594,0.0053494594242586,0.3650543366307529,27.92016948904788
quad_easy,draco,,3.0,3.0,16.0,2.5,KISS-ICP,0.1185088640128731,0.1063061190290827,0.0984678110089973,0.0523770933385594,0.0053494594242586,0.3650543366307529,27.92016948904788
quad_easy,draco,,0.0,6.0,16.0,3.2,KISS-ICP,0.1186707475668404,0.1066063709886034,0.0978567252278663,0.0521327919136605,0.0077181746095917,0.3561827541403588,27.99649970020868
quad_easy,draco,,0.0,9.0,16.0,3.3,KISS-ICP,0.1186707475668404,0.1066063709886034,0.0978567252278663,0.0521327919136605,0.0077181746095917,0.3561827541403588,27.99649970020868
quad_easy,draco,,3.0,6.0,16.0,3.2,KISS-ICP,0.1186707475668404,0.1066063709886034,0.0978567252278663,0.0521327919136605,0.0077181746095917,0.3561827541403588,27.99649970020868
quad_easy,draco,,3.0,9.0,16.0,3.3,KISS-ICP,0.1186707475668404,0.1066063709886034,0.0978567252278663,0.0521327919136605,0.0077181746095917,0.3561827541403588,27.99649970020868
quad_easy,draco,,6.0,0.0,16.0,3.2,KISS-ICP,0.1186707475668404,0.1066063709886034,0.0978567252278663,0.0521327919136605,0.0077181746095917,0.3561827541403588,27.99649970020868
quad_easy,draco,,6.0,3.0,16.0,3.2,KISS-ICP,0.1186707475668404,0.1066063709886034,0.0978567252278663,0.0521327919136605,0.0077181746095917,0.3561827541403588,27.99649970020868
quad_easy,draco,,6.0,6.0,16.0,3.2,KISS-ICP,0.1186707475668404,0.1066063709886034,0.0978567252278663,0.0521327919136605,0.0077181746095917,0.3561827541403588,27.99649970020868
quad_easy,draco,,6.0,9.0,16.0,3.3,KISS-ICP,0.1186707475668404,0.1066063709886034,0.0978567252278663,0.0521327919136605,0.0077181746095917,0.3561827541403588,27.99649970020868
quad_easy,draco,,9.0,0.0,16.0,3.3,KISS-ICP,0.1186707475668404,0.1066063709886034,0.0978567252278663,0.0521327919136605,0.0077181746095917,0.3561827541403588,27.99649970020868
quad_easy,draco,,9.0,3.0,16.0,3.3,KISS-ICP,0.1186707475668404,0.1066063709886034,0.0978567252278663,0.0521327919136605,0.0077181746095917,0.3561827541403588,27.99649970020868
quad_easy,draco,,9.0,6.0,16.0,3.3,KISS-ICP,0.1186707475668404,0.1066063709886034,0.0978567252278663,0.0521327919136605,0.0077181746095917,0.3561827541403588,27.99649970020868
quad_easy,draco,,9.0,9.0,16.0,3.3,KISS-ICP,0.1186707475668404,0.1066063709886034,0.0978567252278663,0.0521327919136605,0.0077181746095917,0.3561827541403588,27.99649970020868
quad_easy,draco,,0.0,6.0,18.0,3.5,KISS-ICP,0.1182340708711317,0.106821539154205,0.0995835238908742,0.0506799199632995,0.0037282806889729,0.3391380396170714,27.79083948334249
quad_easy,draco,,0.0,9.0,18.0,3.6,KISS-ICP,0.1182340708711317,0.106821539154205,0.0995835238908742,0.0506799199632995,0.0037282806889729,0.3391380396170714,27.79083948334249
quad_easy,draco,,3.0,6.0,18.0,3.5,KISS-ICP,0.1182340708711317,0.106821539154205,0.0995835238908742,0.0506799199632995,0.0037282806889729,0.3391380396170714,27.79083948334249
quad_easy,draco,,3.0,9.0,18.0,3.6,KISS-ICP,0.1182340708711317,0.106821539154205,0.0995835238908742,0.0506799199632995,0.0037282806889729,0.3391380396170714,27.79083948334249
quad_easy,draco,,6.0,0.0,18.0,3.5,KISS-ICP,0.1182340708711317,0.106821539154205,0.0995835238908742,0.0506799199632995,0.0037282806889729,0.3391380396170714,27.79083948334249
quad_easy,draco,,6.0,3.0,18.0,3.5,KISS-ICP,0.1182340708711317,0.106821539154205,0.0995835238908742,0.0506799199632995,0.0037282806889729,0.3391380396170714,27.79083948334249
quad_easy,draco,,6.0,6.0,18.0,3.5,KISS-ICP,0.1182340708711317,0.106821539154205,0.0995835238908742,0.0506799199632995,0.0037282806889729,0.3391380396170714,27.79083948334249
quad_easy,draco,,6.0,9.0,18.0,3.6,KISS-ICP,0.1182340708711317,0.106821539154205,0.0995835238908742,0.0506799199632995,0.0037282806889729,0.3391380396170714,27.79083948334249
quad_easy,draco,,9.0,0.0,18.0,3.6,KISS-ICP,0.1182340708711317,0.106821539154205,0.0995835238908742,0.0506799199632995,0.0037282806889729,0.3391380396170714,27.79083948334249
quad_easy,draco,,9.0,3.0,18.0,3.6,KISS-ICP,0.1182340708711317,0.106821539154205,0.0995835238908742,0.0506799199632995,0.0037282806889729,0.3391380396170714,27.79083948334249
quad_easy,draco,,9.0,6.0,18.0,3.6,KISS-ICP,0.1182340708711317,0.106821539154205,0.0995835238908742,0.0506799199632995,0.0037282806889729,0.3391380396170714,27.79083948334249
quad_easy,draco,,9.0,9.0,18.0,3.6,KISS-ICP,0.1182340708711317,0.106821539154205,0.0995835238908742,0.0506799199632995,0.0037282806889729,0.3391380396170714,27.79083948334249
quad_easy,draco,,0.0,0.0,18.0,2.7,KISS-ICP,0.1183649935794775,0.1064539345281425,0.0987280103666526,0.0517477683436465,0.0050916657797802,0.3749090389969467,27.852420149678707
quad_easy,draco,,0.0,3.0,18.0,2.7,KISS-ICP,0.1183649935794775,0.1064539345281425,0.0987280103666526,0.0517477683436465,0.0050916657797802,0.3749090389969467,27.852420149678707
quad_easy,draco,,3.0,0.0,18.0,2.7,KISS-ICP,0.1183649935794775,0.1064539345281425,0.0987280103666526,0.0517477683436465,0.0050916657797802,0.3749090389969467,27.852420149678707
quad_easy,draco,,3.0,3.0,18.0,2.7,KISS-ICP,0.1183649935794775,0.1064539345281425,0.0987280103666526,0.0517477683436465,0.0050916657797802,0.3749090389969467,27.852420149678707
quad_easy,draco,,0.0,6.0,20.0,3.8,KISS-ICP,0.1170301289928211,0.1054682757298264,0.0983207443915424,0.0507197585429354,0.0080888366682367,0.3543646873689242,27.227749571047813
quad_easy,draco,,0.0,9.0,20.0,3.9,KISS-ICP,0.1170301289928211,0.1054682757298264,0.0983207443915424,0.0507197585429354,0.0080888366682367,0.3543646873689242,27.227749571047813
quad_easy,draco,,3.0,6.0,20.0,3.8,KISS-ICP,0.1170301289928211,0.1054682757298264,0.0983207443915424,0.0507197585429354,0.0080888366682367,0.3543646873689242,27.227749571047813
quad_easy,draco,,3.0,9.0,20.0,3.9,KISS-ICP,0.1170301289928211,0.1054682757298264,0.0983207443915424,0.0507197585429354,0.0080888366682367,0.3543646873689242,27.227749571047813
quad_easy,draco,,6.0,0.0,20.0,3.8,KISS-ICP,0.1170301289928211,0.1054682757298264,0.0983207443915424,0.0507197585429354,0.0080888366682367,0.3543646873689242,27.227749571047813
quad_easy,draco,,6.0,3.0,20.0,3.8,KISS-ICP,0.1170301289928211,0.1054682757298264,0.0983207443915424,0.0507197585429354,0.0080888366682367,0.3543646873689242,27.227749571047813
quad_easy,draco,,6.0,6.0,20.0,3.8,KISS-ICP,0.1170301289928211,0.1054682757298264,0.0983207443915424,0.0507197585429354,0.0080888366682367,0.3543646873689242,27.227749571047813
quad_easy,draco,,6.0,9.0,20.0,3.9,KISS-ICP,0.1170301289928211,0.1054682757298264,0.0983207443915424,0.0507197585429354,0.0080888366682367,0.3543646873689242,27.227749571047813
quad_easy,draco,,9.0,0.0,20.0,3.9,KISS-ICP,0.1170301289928211,0.1054682757298264,0.0983207443915424,0.0507197585429354,0.0080888366682367,0.3543646873689242,27.227749571047813
quad_easy,draco,,9.0,3.0,20.0,3.9,KISS-ICP,0.1170301289928211,0.1054682757298264,0.0983207443915424,0.0507197585429354,0.0080888366682367,0.3543646873689242,27.227749571047813
quad_easy,draco,,9.0,6.0,20.0,3.9,KISS-ICP,0.1170301289928211,0.1054682757298264,0.0983207443915424,0.0507197585429354,0.0080888366682367,0.3543646873689242,27.227749571047813
quad_easy,draco,,9.0,9.0,20.0,3.9,KISS-ICP,0.1170301289928211,0.1054682757298264,0.0983207443915424,0.0507197585429354,0.0080888366682367,0.3543646873689242,27.227749571047813
quad_easy,draco,,0.0,0.0,20.0,2.8,KISS-ICP,0.1183607585820025,0.1063640639643096,0.0981803619741431,0.0519225872728173,0.006697327204758,0.3740910241404543,27.850427114148893
quad_easy,draco,,0.0,3.0,20.0,2.8,KISS-ICP,0.1183607585820025,0.1063640639643096,0.0981803619741431,0.0519225872728173,0.006697327204758,0.3740910241404543,27.850427114148893
quad_easy,draco,,3.0,0.0,20.0,2.8,KISS-ICP,0.1183607585820025,0.1063640639643096,0.0981803619741431,0.0519225872728173,0.006697327204758,0.3740910241404543,27.850427114148893
quad_easy,draco,,3.0,3.0,20.0,2.8,KISS-ICP,0.1183607585820025,0.1063640639643096,0.0981803619741431,0.0519225872728173,0.006697327204758,0.3740910241404543,27.850427114148893
quad_easy,raw_packets,3172199660.0,,,,3.0,,,,,,,,
quad_easy,raw_packets,3172199660.0,,,,3.0,,,,,,,,
quad_easy,uncompressed,12526824475.0,,,,,LOAM,0.1,,,,,0.22,
quad_easy,uncompressed,12526824475.0,,,,,LOAM,0.1,,,,,0.22,
quad_easy,uncompressed,12526824475.0,,,,,SPARK-FAST-LIO,0.07,,,,,0.18,
quad_easy,uncompressed,12526824475.0,,,,,SPARK-FAST-LIO,0.07,,,,,0.18,
quad_easy,uncompressed,12526824475.0,,,,,,,,,,,,
spagna,cloudini,46403577044.0,,,0.001,,LOAM,1.03,,,,,2.06,
spagna,cloudini,46403577044.0,,,0.001,,SPARK-FAST-LIO,1.5,,,,,3.13,
spagna,cloudini,46403577044.0,,,0.001,,,,,,,,,
spagna,cloudini,45223705056.0,,,0.01,,LOAM,1.1,,,,,2.15,
spagna,cloudini,45223705056.0,,,0.01,,SPARK-FAST-LIO,1.51,,,,,3.17,
spagna,cloudini,45223705056.0,,,0.01,,,,,,,,,
spagna,cloudini,42540207972.0,,,0.1,,LOAM,1.17,,,,,2.34,
spagna,cloudini,42540207972.0,,,0.1,,SPARK-FAST-LIO,1.59,,,,,3.26,
spagna,cloudini,42540207972.0,,,0.1,,,,,,,,,
spagna,cloudini,41958102432.0,,,0.2,,LOAM,1.13,,,,,2.44,
spagna,cloudini,41958102432.0,,,0.2,,SPARK-FAST-LIO,1.8,,,,,3.44,
spagna,cloudini,41958102432.0,,,0.2,,,,,,,,,
spagna,cloudini,41514314340.0,,,0.5,,LOAM,33.17,,,,,107.66,
spagna,cloudini,41514314340.0,,,0.5,,SPARK-FAST-LIO,1.8,,,,,3.44,
spagna,cloudini,41514314340.0,,,0.5,,,,,,,,,
spagna,draco,35245187720.0,10.0,10.0,6.0,,LOAM,60.2,,,,,152.13,
spagna,draco,35245187720.0,10.0,10.0,6.0,,SPARK-FAST-LIO,1.58,,,,,5.0,
spagna,draco,35245187720.0,10.0,10.0,6.0,,,,,,,,,
spagna,draco,35266522340.0,10.0,10.0,8.0,,LOAM,1.86,,,,,5.3,
spagna,draco,35266522340.0,10.0,10.0,8.0,,SPARK-FAST-LIO,0.98,,,,,1.83,
spagna,draco,35266522340.0,10.0,10.0,8.0,,,,,,,,,
spagna,draco,35477592804.0,10.0,10.0,10.0,,LOAM,0.68,,,,,1.49,
spagna,draco,35477592804.0,10.0,10.0,10.0,,SPARK-FAST-LIO,1.25,,,,,2.66,
spagna,draco,35477592804.0,10.0,10.0,10.0,,,,,,,,,
spagna,draco,36154107748.0,10.0,10.0,12.0,,LOAM,0.89,,,,,1.79,
spagna,draco,36154107748.0,10.0,10.0,12.0,,SPARK-FAST-LIO,1.48,,,,,3.15,
spagna,draco,36154107748.0,10.0,10.0,12.0,,,,,,,,,
spagna,draco,37695952448.0,10.0,10.0,14.0,,LOAM,0.92,,,,,1.82,
spagna,draco,37695952448.0,10.0,10.0,14.0,,SPARK-FAST-LIO,1.56,,,,,3.2,
spagna,draco,37695952448.0,10.0,10.0,14.0,,,,,,,,,
spagna,uncompressed,107528982080.0,,,,,LOAM,1.1,,,,,2.11,
spagna,uncompressed,107528982080.0,,,,,LOAM,1.1,,,,,2.11,
spagna,uncompressed,107528982080.0,,,,,SPARK-FAST-LIO,1.53,,,,,3.16,
spagna,uncompressed,107528982080.0,,,,,SPARK-FAST-LIO,1.53,,,,,3.16,
spagna,uncompressed,107528982080.0,,,,,,,,,,,,
stairs,cloudini,2050013858.0,,,0.001,,LIORF,1965.6735159739603,1884.16636746551,1616.199885462591,560.1691450921363,472.5441672714626,3261.838530353974,2681527425.752593
stairs,cloudini,2050013858.0,,,0.001,,LOAM,0.42,,,,,0.71,
stairs,cloudini,2050013858.0,,,0.001,,SPARK-FAST-LIO,0.1,,,,,0.24,
stairs,cloudini,1955167626.0,,,0.01,,LIORF,4722.813866715289,4250.477019197598,3477.3089419381204,2058.7413458011965,1052.8309526795797,9030.048807241854,15457344778.009289
stairs,cloudini,1955167626.0,,,0.01,,LOAM,0.45,,,,,0.84,
stairs,cloudini,1955167626.0,,,0.01,,SPARK-FAST-LIO,0.12,,,,,0.25,
stairs,cloudini,1895422522.0,,,0.1,1.8,KISS-ICP,5.0273572612542425,4.30495935248828,3.5766107470242146,2.5964679866521463,0.5134920047908043,11.792597573973106,30076.442028420057
stairs,cloudini,1895422522.0,,,0.1,1.8,LIORF,1219.1487643647947,1113.7823949078938,934.888180918263,495.7948027616287,260.4587113675591,3025.751182987161,1001782180.3055868
stairs,cloudini,1895422522.0,,,0.1,,LOAM,2.02,,,,,3.75,
stairs,cloudini,1895422522.0,,,0.1,,LOAM,2.02,,,,,3.75,
stairs,cloudini,1895422522.0,,,0.1,,SPARK-FAST-LIO,0.1,,,,,0.23,
stairs,cloudini,1895422522.0,,,0.1,,SPARK-FAST-LIO,0.1,,,,,0.23,
stairs,cloudini,1865555198.0,,,0.2,1.7,KISS-ICP,4.89776881969074,4.453946640934194,4.404641194446283,2.0372772837406883,0.150611869026352,10.61181306143126,28545.88589925045
stairs,cloudini,1865555198.0,,,0.2,1.7,LIORF,1918.458193766572,1434.8466327689614,971.0764436779943,1273.4586690040903,675.1751034550497,7137.709221261312,2513769097.560156
stairs,cloudini,1865555198.0,,,0.2,,LOAM,2.24,,,,,3.88,
stairs,cloudini,1865555198.0,,,0.2,,LOAM,2.24,,,,,3.88,
stairs,cloudini,1865555198.0,,,0.2,,SPARK-FAST-LIO,448.24,,,,,2111.26,
stairs,cloudini,1865555198.0,,,0.2,,SPARK-FAST-LIO,448.24,,,,,2111.26,
stairs,cloudini,1843456390.0,,,0.3,1.7,KISS-ICP,5.443004981918257,4.606798483241714,4.085312525586847,2.898915481346225,0.6126897774466151,18.56109835111933,35255.30084749249
stairs,cloudini,1829998930.0,,,0.4,1.7,KISS-ICP,4.81314268542698,4.6023825112642935,4.660357640474604,1.4086936254160491,0.5996790758513555,9.366232048417974,27567.94758723229
stairs,cloudini,1820910082.0,,,0.5,,LIORF,3492.005098223911,3198.084560794696,2558.848528659164,1402.2677162469322,313.6541571911489,5587.817423308731,8889498612.789883
stairs,cloudini,1820910082.0,,,0.5,,LOAM,3.31,,,,,8.2,
stairs,cloudini,1820910082.0,,,0.5,,SPARK-FAST-LIO,40.74,,,,,190.48,
stairs,cloudini,1815314434.0,,,0.6,1.7,KISS-ICP,3.7921391992815487,3.442481933655809,3.2208913187186186,1.5904835249637332,1.207518226938833,8.288653171188535,17112.580451005968
stairs,cloudini,1808345302.0,,,0.8,1.7,KISS-ICP,3.796459278490912,3.448140929419261,3.2167336717773503,1.5885298814008508,1.203742712070211,8.282794601739578,17151.59263335528
stairs,draco,1525494516.0,10.0,10.0,6.0,1.4,KISS-ICP,4.020712928559709,3.721214631626959,3.5932640079377896,1.5227258844758065,0.5661579255800844,7.872145040841645,19237.69762012576
stairs,draco,1525494516.0,10.0,10.0,6.0,1.4,LIORF,10.849558784680571,7.770926358102166,3.464488359891281,7.571369054483633,0.7598382049382736,34.153638297149456,21659.178351292045
stairs,draco,1525494516.0,10.0,10.0,6.0,,LOAM,2.46,,,,,7.41,
stairs,draco,1525494516.0,10.0,10.0,6.0,,LOAM,2.46,,,,,7.41,
stairs,draco,1525494516.0,10.0,10.0,6.0,,SPARK-FAST-LIO,1.38,,,,,2.65,
stairs,draco,1525494516.0,10.0,10.0,6.0,,SPARK-FAST-LIO,1.38,,,,,2.65,
stairs,draco,1529681728.0,10.0,10.0,7.0,1.4,KISS-ICP,5.445912789160391,4.877643722890299,4.836055374202161,2.422097813815452,0.5662692297938687,15.922868082588051,35292.97966749745
stairs,draco,1529681728.0,10.0,10.0,7.0,1.4,LIORF,506.4537839744005,384.6246064767719,236.1089962411516,329.48345541859453,110.41580899888426,1598.7829637421914,201348916.71206108
stairs,draco,1540786372.0,10.0,10.0,8.0,1.4,KISS-ICP,3.354304066549898,3.0155583683413765,3.226189648836841,1.468932775180497,0.1827989429224217,9.573838287899536,13389.113367339089
stairs,draco,1540786372.0,10.0,10.0,8.0,1.4,LIORF,754.8508475152518,723.5864169282662,588.4477564237131,214.9941841804264,124.45602673179906,1224.4757870549772,286609300.4032304
stairs,draco,1540786372.0,10.0,10.0,8.0,,LOAM,0.4,,,,,0.8,
stairs,draco,1540786372.0,10.0,10.0,8.0,,LOAM,0.4,,,,,0.8,
stairs,draco,1540786372.0,10.0,10.0,8.0,,SPARK-FAST-LIO,0.12,,,,,0.26,
stairs,draco,1540786372.0,10.0,10.0,8.0,,SPARK-FAST-LIO,0.12,,,,,0.26,
stairs,draco,1559473360.0,10.0,10.0,9.0,1.5,KISS-ICP,6.101898805687214,5.762203581714649,5.977845094574693,2.0075305521266475,0.6945745527842494,9.877223481668857,44307.471151468
stairs,draco,1559473360.0,10.0,10.0,9.0,1.5,LIORF,2576.834534166824,2533.6525857282413,2589.5674510304466,469.7667413805989,375.19917197749913,3511.128720989788,3818043824.472982
stairs,draco,1588857144.0,10.0,10.0,10.0,1.5,KISS-ICP,4.572267174058772,4.030823398622649,3.834936669151507,2.1582608368989,0.5807625685178351,14.222396703834416,24877.69626206071
stairs,draco,1588857144.0,10.0,10.0,10.0,1.5,LIORF,4690.885805276412,4419.1157810084815,4315.09010811828,1573.4755645339808,941.8335722334344,7732.178004663413,12388482626.27492
stairs,draco,1588857144.0,10.0,10.0,10.0,,LOAM,0.31,,,,,0.62,
stairs,draco,1588857144.0,10.0,10.0,10.0,,LOAM,0.31,,,,,0.62,
stairs,draco,1588857144.0,10.0,10.0,10.0,,SPARK-FAST-LIO,0.1,,,,,0.24,
stairs,draco,1588857144.0,10.0,10.0,10.0,,SPARK-FAST-LIO,0.1,,,,,0.24,
stairs,draco,1631601144.0,10.0,10.0,11.0,1.5,KISS-ICP,4.161487532637194,3.777222042718174,3.4293746571912,1.7465887106868498,0.4717129597801006,9.097632685895496,20608.39439631081
stairs,draco,1631601144.0,10.0,10.0,11.0,1.5,LIORF,1493.6493345003917,1373.2638033721344,1082.8128656634024,587.4817961446654,192.5681150103917,2551.5183457686176,1164575910.5847075
stairs,draco,1639784952.0,0.0,6.0,12.0,1.5,KISS-ICP,3.640234784327144,3.358945345011514,3.351422227103974,1.4031377174927522,0.6215400152038293,8.366934246614383,15769.058049180094
stairs,draco,1689801728.0,0.0,9.0,12.0,1.6,KISS-ICP,3.640234784327144,3.358945345011514,3.351422227103974,1.4031377174927522,0.6215400152038293,8.366934246614383,15769.058049180094
stairs,draco,1639784952.0,3.0,6.0,12.0,1.5,KISS-ICP,3.640234784327144,3.358945345011514,3.351422227103974,1.4031377174927522,0.6215400152038293,8.366934246614383,15769.058049180094
stairs,draco,1689801728.0,3.0,9.0,12.0,1.6,KISS-ICP,3.640234784327144,3.358945345011514,3.351422227103974,1.4031377174927522,0.6215400152038293,8.366934246614383,15769.058049180094
stairs,draco,1639784952.0,6.0,0.0,12.0,1.5,KISS-ICP,3.640234784327144,3.358945345011514,3.351422227103974,1.4031377174927522,0.6215400152038293,8.366934246614383,15769.058049180094
stairs,draco,1639784952.0,6.0,3.0,12.0,1.5,KISS-ICP,3.640234784327144,3.358945345011514,3.351422227103974,1.4031377174927522,0.6215400152038293,8.366934246614383,15769.058049180094
stairs,draco,1639784952.0,6.0,6.0,12.0,1.5,KISS-ICP,3.640234784327144,3.358945345011514,3.351422227103974,1.4031377174927522,0.6215400152038293,8.366934246614383,15769.058049180094
stairs,draco,1689801728.0,6.0,9.0,12.0,1.6,KISS-ICP,3.640234784327144,3.358945345011514,3.351422227103974,1.4031377174927522,0.6215400152038293,8.366934246614383,15769.058049180094
stairs,draco,1689801728.0,9.0,0.0,12.0,1.6,KISS-ICP,3.640234784327144,3.358945345011514,3.351422227103974,1.4031377174927522,0.6215400152038293,8.366934246614383,15769.058049180094
stairs,draco,1689801728.0,9.0,3.0,12.0,1.6,KISS-ICP,3.640234784327144,3.358945345011514,3.351422227103974,1.4031377174927522,0.6215400152038293,8.366934246614383,15769.058049180094
stairs,draco,1689801728.0,9.0,6.0,12.0,1.6,KISS-ICP,3.640234784327144,3.358945345011514,3.351422227103974,1.4031377174927522,0.6215400152038293,8.366934246614383,15769.058049180094
stairs,draco,1689801728.0,9.0,9.0,12.0,1.6,KISS-ICP,3.640234784327144,3.358945345011514,3.351422227103974,1.4031377174927522,0.6215400152038293,8.366934246614383,15769.058049180094
stairs,draco,1397753260.0,0.0,0.0,12.0,1.3,KISS-ICP,4.392624338986913,3.685065706971247,3.1655094063937463,2.39069850018038,0.1055399845428803,13.692306262432876,22961.22681431765
stairs,draco,1397753260.0,0.0,3.0,12.0,1.3,KISS-ICP,4.392624338986913,3.685065706971247,3.1655094063937463,2.39069850018038,0.1055399845428803,13.692306262432876,22961.22681431765
stairs,draco,1397753260.0,3.0,0.0,12.0,1.3,KISS-ICP,4.392624338986913,3.685065706971247,3.1655094063937463,2.39069850018038,0.1055399845428803,13.692306262432876,22961.22681431765
stairs,draco,1397753260.0,3.0,3.0,12.0,1.3,KISS-ICP,4.392624338986913,3.685065706971247,3.1655094063937463,2.39069850018038,0.1055399845428803,13.692306262432876,22961.22681431765
stairs,draco,1689801728.0,10.0,10.0,12.0,,LOAM,0.3,,,,,0.73,
stairs,draco,1689801728.0,10.0,10.0,12.0,,SPARK-FAST-LIO,0.1,,,,,0.24,
stairs,draco,1689801728.0,10.0,10.0,12.0,,,,,,,,,
stairs,draco,1809190320.0,0.0,6.0,14.0,1.7,KISS-ICP,2.630646107004617,2.292482598089217,1.9638590591613827,1.2902799997506975,0.0842952687663893,7.008598360231336,8235.155738955273
stairs,draco,1856494360.0,0.0,9.0,14.0,1.7,KISS-ICP,2.630646107004617,2.292482598089217,1.9638590591613827,1.2902799997506975,0.0842952687663893,7.008598360231336,8235.155738955273
stairs,draco,1809190320.0,3.0,6.0,14.0,1.7,KISS-ICP,2.630646107004617,2.292482598089217,1.9638590591613827,1.2902799997506975,0.0842952687663893,7.008598360231336,8235.155738955273
stairs,draco,1856494360.0,3.0,9.0,14.0,1.7,KISS-ICP,2.630646107004617,2.292482598089217,1.9638590591613827,1.2902799997506975,0.0842952687663893,7.008598360231336,8235.155738955273
stairs,draco,1809190320.0,6.0,0.0,14.0,1.7,KISS-ICP,2.630646107004617,2.292482598089217,1.9638590591613827,1.2902799997506975,0.0842952687663893,7.008598360231336,8235.155738955273
stairs,draco,1809190320.0,6.0,3.0,14.0,1.7,KISS-ICP,2.630646107004617,2.292482598089217,1.9638590591613827,1.2902799997506975,0.0842952687663893,7.008598360231336,8235.155738955273
stairs,draco,1809190320.0,6.0,6.0,14.0,1.7,KISS-ICP,2.630646107004617,2.292482598089217,1.9638590591613827,1.2902799997506975,0.0842952687663893,7.008598360231336,8235.155738955273
stairs,draco,1856494360.0,6.0,9.0,14.0,1.7,KISS-ICP,2.630646107004617,2.292482598089217,1.9638590591613827,1.2902799997506975,0.0842952687663893,7.008598360231336,8235.155738955273
stairs,draco,1856494360.0,9.0,0.0,14.0,1.7,KISS-ICP,2.630646107004617,2.292482598089217,1.9638590591613827,1.2902799997506975,0.0842952687663893,7.008598360231336,8235.155738955273
stairs,draco,1856494360.0,9.0,3.0,14.0,1.7,KISS-ICP,2.630646107004617,2.292482598089217,1.9638590591613827,1.2902799997506975,0.0842952687663893,7.008598360231336,8235.155738955273
stairs,draco,1856494360.0,9.0,6.0,14.0,1.7,KISS-ICP,2.630646107004617,2.292482598089217,1.9638590591613827,1.2902799997506975,0.0842952687663893,7.008598360231336,8235.155738955273
stairs,draco,1856494360.0,9.0,9.0,14.0,1.7,KISS-ICP,2.630646107004617,2.292482598089217,1.9638590591613827,1.2902799997506975,0.0842952687663893,7.008598360231336,8235.155738955273
stairs,draco,1506243448.0,0.0,0.0,14.0,1.4,KISS-ICP,4.070427453309384,3.789252106534149,3.617102237568123,1.4865894274416345,1.1287817796213888,7.916324802031909,19716.37178665912
stairs,draco,1506243448.0,0.0,3.0,14.0,1.4,KISS-ICP,4.070427453309384,3.789252106534149,3.617102237568123,1.4865894274416345,1.1287817796213888,7.916324802031909,19716.37178665912
stairs,draco,1506243448.0,3.0,0.0,14.0,1.4,KISS-ICP,4.070427453309384,3.789252106534149,3.617102237568123,1.4865894274416345,1.1287817796213888,7.916324802031909,19716.37178665912
stairs,draco,1506243448.0,3.0,3.0,14.0,1.4,KISS-ICP,4.070427453309384,3.789252106534149,3.617102237568123,1.4865894274416345,1.1287817796213888,7.916324802031909,19716.37178665912
stairs,draco,1856494360.0,10.0,10.0,14.0,,LOAM,0.34,,,,,0.71,
stairs,draco,1856494360.0,10.0,10.0,14.0,,SPARK-FAST-LIO,0.09,,,,,0.2,
stairs,draco,1856494360.0,10.0,10.0,14.0,,,,,,,,,
stairs,draco,2046464400.0,0.0,6.0,16.0,1.9,KISS-ICP,3.10419723890945,2.846317720631648,2.872570756989317,1.2387557996923022,0.4100105652057244,8.55986450542668,11466.888192683136
stairs,draco,2091327408.0,0.0,9.0,16.0,2.0,KISS-ICP,3.10419723890945,2.846317720631648,2.872570756989317,1.2387557996923022,0.4100105652057244,8.55986450542668,11466.888192683136
stairs,draco,2046464400.0,3.0,6.0,16.0,1.9,KISS-ICP,3.10419723890945,2.846317720631648,2.872570756989317,1.2387557996923022,0.4100105652057244,8.55986450542668,11466.888192683136
stairs,draco,2091327408.0,3.0,9.0,16.0,2.0,KISS-ICP,3.10419723890945,2.846317720631648,2.872570756989317,1.2387557996923022,0.4100105652057244,8.55986450542668,11466.888192683136
stairs,draco,2046464400.0,6.0,0.0,16.0,1.9,KISS-ICP,3.10419723890945,2.846317720631648,2.872570756989317,1.2387557996923022,0.4100105652057244,8.55986450542668,11466.888192683136
stairs,draco,2046464400.0,6.0,3.0,16.0,1.9,KISS-ICP,3.10419723890945,2.846317720631648,2.872570756989317,1.2387557996923022,0.4100105652057244,8.55986450542668,11466.888192683136
stairs,draco,2046464400.0,6.0,6.0,16.0,1.9,KISS-ICP,3.10419723890945,2.846317720631648,2.872570756989317,1.2387557996923022,0.4100105652057244,8.55986450542668,11466.888192683136
stairs,draco,2091327408.0,6.0,9.0,16.0,2.0,KISS-ICP,3.10419723890945,2.846317720631648,2.872570756989317,1.2387557996923022,0.4100105652057244,8.55986450542668,11466.888192683136
stairs,draco,2091327408.0,9.0,0.0,16.0,2.0,KISS-ICP,3.10419723890945,2.846317720631648,2.872570756989317,1.2387557996923022,0.4100105652057244,8.55986450542668,11466.888192683136
stairs,draco,2091327408.0,9.0,3.0,16.0,2.0,KISS-ICP,3.10419723890945,2.846317720631648,2.872570756989317,1.2387557996923022,0.4100105652057244,8.55986450542668,11466.888192683136
stairs,draco,2091327408.0,9.0,6.0,16.0,2.0,KISS-ICP,3.10419723890945,2.846317720631648,2.872570756989317,1.2387557996923022,0.4100105652057244,8.55986450542668,11466.888192683136
stairs,draco,2091327408.0,9.0,9.0,16.0,2.0,KISS-ICP,3.10419723890945,2.846317720631648,2.872570756989317,1.2387557996923022,0.4100105652057244,8.55986450542668,11466.888192683136
stairs,draco,1615157956.0,0.0,0.0,16.0,1.5,KISS-ICP,5.363353243826124,4.432992146542497,4.270237103635553,3.0189631741299454,0.9009701599179124,17.516975486782417,34231.014041491646
stairs,draco,1615157956.0,0.0,3.0,16.0,1.5,KISS-ICP,5.363353243826124,4.432992146542497,4.270237103635553,3.0189631741299454,0.9009701599179124,17.516975486782417,34231.014041491646
stairs,draco,1615157956.0,3.0,0.0,16.0,1.5,KISS-ICP,5.363353243826124,4.432992146542497,4.270237103635553,3.0189631741299454,0.9009701599179124,17.516975486782417,34231.014041491646
stairs,draco,1615157956.0,3.0,3.0,16.0,1.5,KISS-ICP,5.363353243826124,4.432992146542497,4.270237103635553,3.0189631741299454,0.9009701599179124,17.516975486782417,34231.014041491646
stairs,draco,2331260700.0,0.0,6.0,18.0,2.2,KISS-ICP,3.333909999041799,2.939045298452281,2.5773322379275028,1.5738388149224258,0.5418142012081807,7.078793598618204,13226.797499235954
stairs,draco,2371516800.0,0.0,9.0,18.0,2.2,KISS-ICP,3.333909999041799,2.939045298452281,2.5773322379275028,1.5738388149224258,0.5418142012081807,7.078793598618204,13226.797499235954
stairs,draco,2331260700.0,3.0,6.0,18.0,2.2,KISS-ICP,3.333909999041799,2.939045298452281,2.5773322379275028,1.5738388149224258,0.5418142012081807,7.078793598618204,13226.797499235954
stairs,draco,2371516800.0,3.0,9.0,18.0,2.2,KISS-ICP,3.333909999041799,2.939045298452281,2.5773322379275028,1.5738388149224258,0.5418142012081807,7.078793598618204,13226.797499235954
stairs,draco,2331260700.0,6.0,0.0,18.0,2.2,KISS-ICP,3.333909999041799,2.939045298452281,2.5773322379275028,1.5738388149224258,0.5418142012081807,7.078793598618204,13226.797499235954
stairs,draco,2331260700.0,6.0,3.0,18.0,2.2,KISS-ICP,3.333909999041799,2.939045298452281,2.5773322379275028,1.5738388149224258,0.5418142012081807,7.078793598618204,13226.797499235954
stairs,draco,2331260700.0,6.0,6.0,18.0,2.2,KISS-ICP,3.333909999041799,2.939045298452281,2.5773322379275028,1.5738388149224258,0.5418142012081807,7.078793598618204,13226.797499235954
stairs,draco,2371516800.0,6.0,9.0,18.0,2.2,KISS-ICP,3.333909999041799,2.939045298452281,2.5773322379275028,1.5738388149224258,0.5418142012081807,7.078793598618204,13226.797499235954
stairs,draco,2371516800.0,9.0,0.0,18.0,2.2,KISS-ICP,3.333909999041799,2.939045298452281,2.5773322379275028,1.5738388149224258,0.5418142012081807,7.078793598618204,13226.797499235954
stairs,draco,2371516800.0,9.0,3.0,18.0,2.2,KISS-ICP,3.333909999041799,2.939045298452281,2.5773322379275028,1.5738388149224258,0.5418142012081807,7.078793598618204,13226.797499235954
stairs,draco,2371516800.0,9.0,6.0,18.0,2.2,KISS-ICP,3.333909999041799,2.939045298452281,2.5773322379275028,1.5738388149224258,0.5418142012081807,7.078793598618204,13226.797499235954
stairs,draco,2371516800.0,9.0,9.0,18.0,2.2,KISS-ICP,3.333909999041799,2.939045298452281,2.5773322379275028,1.5738388149224258,0.5418142012081807,7.078793598618204,13226.797499235954
stairs,draco,1723580696.0,0.0,0.0,18.0,1.6,KISS-ICP,3.74542164735512,3.545471783874808,3.282957271999704,1.20739933171421,1.0361396625604808,8.394017840550944,16693.538146606843
stairs,draco,1723580696.0,0.0,3.0,18.0,1.6,KISS-ICP,3.74542164735512,3.545471783874808,3.282957271999704,1.20739933171421,1.0361396625604808,8.394017840550944,16693.538146606843
stairs,draco,1723580696.0,3.0,0.0,18.0,1.6,KISS-ICP,3.74542164735512,3.545471783874808,3.282957271999704,1.20739933171421,1.0361396625604808,8.394017840550944,16693.538146606843
stairs,draco,1723580696.0,3.0,3.0,18.0,1.6,KISS-ICP,3.74542164735512,3.545471783874808,3.282957271999704,1.20739933171421,1.0361396625604808,8.394017840550944,16693.538146606843
stairs,draco,1829479576.0,0.0,0.0,20.0,1.7,KISS-ICP,3.3679716587744144,3.0985285939855567,3.0023106123601924,1.3199824417626052,0.4606273582517329,7.695653400617715,13498.44738222614
stairs,draco,1829479576.0,0.0,3.0,20.0,1.7,KISS-ICP,3.3679716587744144,3.0985285939855567,3.0023106123601924,1.3199824417626052,0.4606273582517329,7.695653400617715,13498.44738222614
stairs,draco,1829479576.0,3.0,0.0,20.0,1.7,KISS-ICP,3.3679716587744144,3.0985285939855567,3.0023106123601924,1.3199824417626052,0.4606273582517329,7.695653400617715,13498.44738222614
stairs,draco,1829479576.0,3.0,3.0,20.0,1.7,KISS-ICP,3.3679716587744144,3.0985285939855567,3.0023106123601924,1.3199824417626052,0.4606273582517329,7.695653400617715,13498.44738222614
stairs,draco,2620009980.0,0.0,6.0,20.0,2.4,KISS-ICP,4.496412796160298,3.9348378917931632,3.7591972892507575,2.1759546867485104,0.2501463401811925,13.604779106602756,24059.09635983414
stairs,draco,2654520880.0,0.0,9.0,20.0,2.5,KISS-ICP,4.496412796160298,3.9348378917931632,3.7591972892507575,2.1759546867485104,0.2501463401811925,13.604779106602756,24059.09635983414
stairs,draco,2620009980.0,3.0,6.0,20.0,2.4,KISS-ICP,4.496412796160298,3.9348378917931632,3.7591972892507575,2.1759546867485104,0.2501463401811925,13.604779106602756,24059.09635983414
stairs,draco,2654520880.0,3.0,9.0,20.0,2.5,KISS-ICP,4.496412796160298,3.9348378917931632,3.7591972892507575,2.1759546867485104,0.2501463401811925,13.604779106602756,24059.09635983414
stairs,draco,2620009980.0,6.0,0.0,20.0,2.4,KISS-ICP,4.496412796160298,3.9348378917931632,3.7591972892507575,2.1759546867485104,0.2501463401811925,13.604779106602756,24059.09635983414
stairs,draco,2620009980.0,6.0,3.0,20.0,2.4,KISS-ICP,4.496412796160298,3.9348378917931632,3.7591972892507575,2.1759546867485104,0.2501463401811925,13.604779106602756,24059.09635983414
stairs,draco,2620009980.0,6.0,6.0,20.0,2.4,KISS-ICP,4.496412796160298,3.9348378917931632,3.7591972892507575,2.1759546867485104,0.2501463401811925,13.604779106602756,24059.09635983414
stairs,draco,2654520880.0,6.0,9.0,20.0,2.5,KISS-ICP,4.496412796160298,3.9348378917931632,3.7591972892507575,2.1759546867485104,0.2501463401811925,13.604779106602756,24059.09635983414
stairs,draco,2654520880.0,9.0,0.0,20.0,2.5,KISS-ICP,4.496412796160298,3.9348378917931632,3.7591972892507575,2.1759546867485104,0.2501463401811925,13.604779106602756,24059.09635983414
stairs,draco,2654520880.0,9.0,3.0,20.0,2.5,KISS-ICP,4.496412796160298,3.9348378917931632,3.7591972892507575,2.1759546867485104,0.2501463401811925,13.604779106602756,24059.09635983414
stairs,draco,2654520880.0,9.0,6.0,20.0,2.5,KISS-ICP,4.496412796160298,3.9348378917931632,3.7591972892507575,2.1759546867485104,0.2501463401811925,13.604779106602756,24059.09635983414
stairs,draco,2654520880.0,9.0,9.0,20.0,2.5,KISS-ICP,4.496412796160298,3.9348378917931632,3.7591972892507575,2.1759546867485104,0.2501463401811925,13.604779106602756,24059.09635983414
stairs,raw_packets,1896914230.0,,,,,,,,,,,,
stairs,uncompressed,7487152750.0,,,,,LOAM,0.42,,,,,0.79,
stairs,uncompressed,7487152750.0,,,,,LOAM,0.42,,,,,0.79,
stairs,uncompressed,7487152750.0,,,,,SPARK-FAST-LIO,0.08,,,,,0.18,
stairs,uncompressed,7487152750.0,,,,,SPARK-FAST-LIO,0.08,,,,,0.18,
stairs,uncompressed,7487152750.0,,,,,,,,,,,,
underground_mine,cloudini,2656586524.0,,,0.001,,LIORF,5.214896361584038,4.550944294093823,3.882717485492237,2.546379801623732,0.5713817430771942,12.426314950497948,38236.37255125978
underground_mine,cloudini,2656586524.0,,,0.001,,LOAM,0.16,,,,,1.0,
underground_mine,cloudini,2656586524.0,,,0.001,,SPARK-FAST-LIO,0.23,,,,,0.89,
underground_mine,cloudini,2517914200.0,,,0.01,,LIORF,4.466106494800231,3.8640142193767866,3.14994878123332,2.2395314990753774,0.8035223896096018,11.312578453092872,28024.280648170014
underground_mine,cloudini,2517914200.0,,,0.01,,LOAM,0.16,,,,,1.0,
underground_mine,cloudini,2517914200.0,,,0.01,,SPARK-FAST-LIO,0.23,,,,,0.89,
underground_mine,cloudini,2457050904.0,,,0.1,2.3,KISS-ICP,1.497416707045684,1.1057962903792125,0.8375385408918135,1.009688743486383,0.1058387200034366,5.188408260858008,3161.5820803007505
underground_mine,cloudini,2457050904.0,,,0.1,2.3,LIORF,2.8521038401467984,2.762726727637583,2.941413507222204,0.7084047877993541,1.0519521418873616,5.154480218956735,11437.10181886204
underground_mine,cloudini,2457050904.0,,,0.1,,LOAM,0.17,,,,,1.0,
underground_mine,cloudini,2457050904.0,,,0.1,,LOAM,0.17,,,,,1.0,
underground_mine,cloudini,2457050904.0,,,0.1,,SPARK-FAST-LIO,0.23,,,,,0.89,
underground_mine,cloudini,2457050904.0,,,0.1,,SPARK-FAST-LIO,0.23,,,,,0.89,
underground_mine,cloudini,2431806492.0,,,0.2,2.3,KISS-ICP,0.3183655991548932,0.2277073811374815,0.1637428180906089,0.2224994456190034,0.0083034892631047,1.1149213475160864,142.91288316260835
underground_mine,cloudini,2431806492.0,,,0.2,2.3,LIORF,0.8630070977163644,0.7117407514659222,0.5419603184560218,0.4880638825108316,0.1027262818853605,4.151921125086672,1047.1624384966044
underground_mine,cloudini,2431806492.0,,,0.2,,LOAM,0.18,,,,,0.99,
underground_mine,cloudini,2431806492.0,,,0.2,,LOAM,0.18,,,,,0.99,
underground_mine,cloudini,2431806492.0,,,0.2,,SPARK-FAST-LIO,0.23,,,,,0.89,
underground_mine,cloudini,2431806492.0,,,0.2,,SPARK-FAST-LIO,0.23,,,,,0.89,
underground_mine,cloudini,2409220632.0,,,0.3,2.2,KISS-ICP,0.7050171946963757,0.6045714876391218,0.5154447147053534,0.3626879666481458,0.0322129053916034,2.0056926136202096,700.8394351927418
underground_mine,cloudini,2392359048.0,,,0.4,2.2,KISS-ICP,3.5682493032118314,2.817309619028968,1.971344723036524,2.189787569696789,0.0500198434055557,8.984405773418633,17952.688356719125
underground_mine,cloudini,2378719716.0,,,0.5,,LIORF,778.9146068167815,680.1762294266596,479.2814817245646,379.56325116569633,334.822846011432,1700.233219707206,549677416.0295625
underground_mine,cloudini,2378719716.0,,,0.5,,LOAM,2.09,,,,,8.28,
underground_mine,cloudini,2378719716.0,,,0.5,,SPARK-FAST-LIO,0.26,,,,,0.9,
underground_mine,cloudini,2367981968.0,,,0.6,2.2,KISS-ICP,12.345016908213648,11.793621287793114,12.38219361701237,3.6482789619482254,0.3292013953398087,16.753577880748505,214883.21387435403
underground_mine,cloudini,2351975564.0,,,0.8,2.2,KISS-ICP,12.345560332710756,11.794139976646855,12.383895012561226,3.6484410561035374,0.3272089619587339,16.745815354630288,214902.1324993279
underground_mine,draco,2189688552.0,10.0,10.0,6.0,2.0,KISS-ICP,4.404742309375243,3.64804551700458,2.5800927132388765,2.4685053611169536,0.8538940842446536,9.965154302392538,25008.86195266846
underground_mine,draco,2189688552.0,10.0,10.0,6.0,2.0,LIORF,321.69929889159204,259.2097621037948,174.23862619050263,190.5275259311263,46.315241502602255,996.9575541229922,87759892.19342592
underground_mine,draco,2189688552.0,10.0,10.0,6.0,,LOAM,0.59,,,,,2.26,
underground_mine,draco,2189688552.0,10.0,10.0,6.0,,LOAM,0.59,,,,,2.26,
underground_mine,draco,2189688552.0,10.0,10.0,6.0,,SPARK-FAST-LIO,0.25,,,,,1.0,
underground_mine,draco,2189688552.0,10.0,10.0,6.0,,SPARK-FAST-LIO,0.25,,,,,1.0,
underground_mine,draco,2191394388.0,10.0,10.0,7.0,2.0,KISS-ICP,1.0927719481049196,0.928928954986154,0.8403952291988072,0.5755358608751961,0.0088940618008295,2.6665654866641946,1539.2600338983125
underground_mine,draco,2191394388.0,10.0,10.0,7.0,2.0,LIORF,3.2344449735130656,2.854439483426616,2.4771541732461526,1.521121139863335,0.0917583394257279,7.409678924760305,14709.057807077614
underground_mine,draco,2195803992.0,10.0,10.0,8.0,2.0,KISS-ICP,0.1799529760834099,0.1494102879417509,0.1363590686823949,0.1002977540049595,0.0130605298053642,1.031178016213277,41.741781872045166
underground_mine,draco,2195803992.0,10.0,10.0,8.0,2.0,LIORF,2.374889038445805,2.0009955393006646,1.6926846759409575,1.279107030951235,0.0826023877817169,6.65806628688676,7929.977710571637
underground_mine,draco,2195803992.0,10.0,10.0,8.0,,LOAM,0.16,,,,,1.0,
underground_mine,draco,2195803992.0,10.0,10.0,8.0,,LOAM,0.16,,,,,1.0,
underground_mine,draco,2195803992.0,10.0,10.0,8.0,,SPARK-FAST-LIO,0.23,,,,,0.88,
underground_mine,draco,2195803992.0,10.0,10.0,8.0,,SPARK-FAST-LIO,0.23,,,,,0.88,
underground_mine,draco,2203978848.0,10.0,10.0,9.0,2.1,KISS-ICP,0.1763340368329893,0.1455150803886225,0.1322561441947827,0.0995944472614349,0.0071520165380057,1.028672394133511,40.07976969155943
underground_mine,draco,2203978848.0,10.0,10.0,9.0,2.1,LIORF,1.98521027289894,1.7960618264786017,1.556175157900644,0.8457078355376823,0.3350570731642456,4.86123331554444,5541.130117638615
underground_mine,draco,2221465936.0,10.0,10.0,10.0,2.1,KISS-ICP,0.1750949711486362,0.1441608951279037,0.1299826050882753,0.0993774885850075,0.0132289976103136,1.0133742152653882,39.51848285986735
underground_mine,draco,2221465936.0,10.0,10.0,10.0,2.1,LIORF,5.167324880044775,4.4584690214570335,3.592959374801268,2.61214478937093,0.5773772130860219,12.77752592409717,37541.95246079722
underground_mine,draco,2221465936.0,10.0,10.0,10.0,,LOAM,0.16,,,,,1.0,
underground_mine,draco,2221465936.0,10.0,10.0,10.0,,LOAM,0.16,,,,,1.0,
underground_mine,draco,2221465936.0,10.0,10.0,10.0,,SPARK-FAST-LIO,0.23,,,,,0.88,
underground_mine,draco,2221465936.0,10.0,10.0,10.0,,SPARK-FAST-LIO,0.23,,,,,0.88,
underground_mine,draco,2254504332.0,10.0,10.0,11.0,2.1,KISS-ICP,0.1747732370649261,0.1428336852292379,0.1304436466102257,0.1007185323462761,0.013841915154802,1.016398250616008,39.37338718406307
underground_mine,draco,2254504332.0,10.0,10.0,11.0,2.1,LIORF,1.9597289934768147,1.5320261614690789,1.026839539049463,1.2220611966869617,0.0535189105273789,5.97640354949152,5399.796045390351
underground_mine,draco,1926032108.0,0.0,0.0,12.0,1.8,KISS-ICP,0.1718223855253327,0.1410132574644988,0.1293149211733767,0.0981743010510746,0.0164203774022453,0.992474987081711,38.05505956405711
underground_mine,draco,1926032108.0,0.0,3.0,12.0,1.8,KISS-ICP,0.1718223855253327,0.1410132574644988,0.1293149211733767,0.0981743010510746,0.0164203774022453,0.992474987081711,38.05505956405711
underground_mine,draco,1926032108.0,3.0,0.0,12.0,1.8,KISS-ICP,0.1718223855253327,0.1410132574644988,0.1293149211733767,0.0981743010510746,0.0164203774022453,0.992474987081711,38.05505956405711
underground_mine,draco,1926032108.0,3.0,3.0,12.0,1.8,KISS-ICP,0.1718223855253327,0.1410132574644988,0.1293149211733767,0.0981743010510746,0.0164203774022453,0.992474987081711,38.05505956405711
underground_mine,draco,2253407780.0,0.0,6.0,12.0,2.1,KISS-ICP,3.7467239749835697,2.659085878226306,1.9620370908421183,2.639545952798344,0.0781572964282915,12.317161856448028,18094.9053621398
underground_mine,draco,2306068904.0,0.0,9.0,12.0,2.2,KISS-ICP,3.7467239749835697,2.659085878226306,1.9620370908421183,2.639545952798344,0.0781572964282915,12.317161856448028,18094.9053621398
underground_mine,draco,2253407780.0,3.0,6.0,12.0,2.1,KISS-ICP,3.7467239749835697,2.659085878226306,1.9620370908421183,2.639545952798344,0.0781572964282915,12.317161856448028,18094.9053621398
underground_mine,draco,2306068904.0,3.0,9.0,12.0,2.2,KISS-ICP,3.7467239749835697,2.659085878226306,1.9620370908421183,2.639545952798344,0.0781572964282915,12.317161856448028,18094.9053621398
underground_mine,draco,2253407780.0,6.0,0.0,12.0,2.1,KISS-ICP,3.7467239749835697,2.659085878226306,1.9620370908421183,2.639545952798344,0.0781572964282915,12.317161856448028,18094.9053621398
underground_mine,draco,2253407780.0,6.0,3.0,12.0,2.1,KISS-ICP,3.7467239749835697,2.659085878226306,1.9620370908421183,2.639545952798344,0.0781572964282915,12.317161856448028,18094.9053621398
underground_mine,draco,2253407780.0,6.0,6.0,12.0,2.1,KISS-ICP,3.7467239749835697,2.659085878226306,1.9620370908421183,2.639545952798344,0.0781572964282915,12.317161856448028,18094.9053621398
underground_mine,draco,2306068904.0,6.0,9.0,12.0,2.2,KISS-ICP,3.7467239749835697,2.659085878226306,1.9620370908421183,2.639545952798344,0.0781572964282915,12.317161856448028,18094.9053621398
underground_mine,draco,2306068904.0,9.0,0.0,12.0,2.2,KISS-ICP,3.7467239749835697,2.659085878226306,1.9620370908421183,2.639545952798344,0.0781572964282915,12.317161856448028,18094.9053621398
underground_mine,draco,2306068904.0,9.0,3.0,12.0,2.2,KISS-ICP,3.7467239749835697,2.659085878226306,1.9620370908421183,2.639545952798344,0.0781572964282915,12.317161856448028,18094.9053621398
underground_mine,draco,2306068904.0,9.0,6.0,12.0,2.2,KISS-ICP,3.7467239749835697,2.659085878226306,1.9620370908421183,2.639545952798344,0.0781572964282915,12.317161856448028,18094.9053621398
underground_mine,draco,2306068904.0,9.0,9.0,12.0,2.2,KISS-ICP,3.7467239749835697,2.659085878226306,1.9620370908421183,2.639545952798344,0.0781572964282915,12.317161856448028,18094.9053621398
underground_mine,draco,2306068904.0,10.0,10.0,12.0,,LOAM,0.16,,,,,0.99,
underground_mine,draco,2306068904.0,10.0,10.0,12.0,,SPARK-FAST-LIO,0.23,,,,,0.88,
underground_mine,draco,2306068904.0,10.0,10.0,12.0,,,,,,,,,
underground_mine,draco,2059052580.0,0.0,0.0,14.0,1.9,KISS-ICP,0.1730992242751396,0.1423115998524794,0.1314055598691129,0.098543137721928,0.0180537591580561,1.0193836000227776,38.62274712216043
underground_mine,draco,2059052580.0,0.0,3.0,14.0,1.9,KISS-ICP,0.1730992242751396,0.1423115998524794,0.1314055598691129,0.098543137721928,0.0180537591580561,1.0193836000227776,38.62274712216043
underground_mine,draco,2059052580.0,3.0,0.0,14.0,1.9,KISS-ICP,0.1730992242751396,0.1423115998524794,0.1314055598691129,0.098543137721928,0.0180537591580561,1.0193836000227776,38.62274712216043
underground_mine,draco,2059052580.0,3.0,3.0,14.0,1.9,KISS-ICP,0.1730992242751396,0.1423115998524794,0.1314055598691129,0.098543137721928,0.0180537591580561,1.0193836000227776,38.62274712216043
underground_mine,draco,2410122860.0,0.0,6.0,14.0,2.2,KISS-ICP,0.1756026341841799,0.1439046732087954,0.1316545141489056,0.1006366243526318,0.0123948316934298,1.0327310866132713,39.74797153569317
underground_mine,draco,2463703764.0,0.0,9.0,14.0,2.3,KISS-ICP,0.1756026341841799,0.1439046732087954,0.1316545141489056,0.1006366243526318,0.0123948316934298,1.0327310866132713,39.74797153569317
underground_mine,draco,2410122860.0,3.0,6.0,14.0,2.2,KISS-ICP,0.1756026341841799,0.1439046732087954,0.1316545141489056,0.1006366243526318,0.0123948316934298,1.0327310866132713,39.74797153569317
underground_mine,draco,2463703764.0,3.0,9.0,14.0,2.3,KISS-ICP,0.1756026341841799,0.1439046732087954,0.1316545141489056,0.1006366243526318,0.0123948316934298,1.0327310866132713,39.74797153569317
underground_mine,draco,2410122860.0,6.0,0.0,14.0,2.2,KISS-ICP,0.1756026341841799,0.1439046732087954,0.1316545141489056,0.1006366243526318,0.0123948316934298,1.0327310866132713,39.74797153569317
underground_mine,draco,2410122860.0,6.0,3.0,14.0,2.2,KISS-ICP,0.1756026341841799,0.1439046732087954,0.1316545141489056,0.1006366243526318,0.0123948316934298,1.0327310866132713,39.74797153569317
underground_mine,draco,2410122860.0,6.0,6.0,14.0,2.2,KISS-ICP,0.1756026341841799,0.1439046732087954,0.1316545141489056,0.1006366243526318,0.0123948316934298,1.0327310866132713,39.74797153569317
underground_mine,draco,2463703764.0,6.0,9.0,14.0,2.3,KISS-ICP,0.1756026341841799,0.1439046732087954,0.1316545141489056,0.1006366243526318,0.0123948316934298,1.0327310866132713,39.74797153569317
underground_mine,draco,2463703764.0,9.0,0.0,14.0,2.3,KISS-ICP,0.1756026341841799,0.1439046732087954,0.1316545141489056,0.1006366243526318,0.0123948316934298,1.0327310866132713,39.74797153569317
underground_mine,draco,2463703764.0,9.0,3.0,14.0,2.3,KISS-ICP,0.1756026341841799,0.1439046732087954,0.1316545141489056,0.1006366243526318,0.0123948316934298,1.0327310866132713,39.74797153569317
underground_mine,draco,2463703764.0,9.0,6.0,14.0,2.3,KISS-ICP,0.1756026341841799,0.1439046732087954,0.1316545141489056,0.1006366243526318,0.0123948316934298,1.0327310866132713,39.74797153569317
underground_mine,draco,2463703764.0,9.0,9.0,14.0,2.3,KISS-ICP,0.1756026341841799,0.1439046732087954,0.1316545141489056,0.1006366243526318,0.0123948316934298,1.0327310866132713,39.74797153569317
underground_mine,draco,2463703764.0,10.0,10.0,14.0,,LOAM,0.16,,,,,1.0,
underground_mine,draco,2463703764.0,10.0,10.0,14.0,,SPARK-FAST-LIO,0.23,,,,,0.89,
underground_mine,draco,2463703764.0,10.0,10.0,14.0,,,,,,,,,
underground_mine,draco,2648470272.0,0.0,6.0,16.0,2.5,KISS-ICP,0.1738258502802286,0.1419978957410451,0.1270517244965046,0.1002597817210857,0.0266287190598864,1.0516784861082118,38.947684404855735
underground_mine,draco,2697176524.0,0.0,9.0,16.0,2.5,KISS-ICP,0.1738258502802286,0.1419978957410451,0.1270517244965046,0.1002597817210857,0.0266287190598864,1.0516784861082118,38.947684404855735
underground_mine,draco,2648470272.0,3.0,6.0,16.0,2.5,KISS-ICP,0.1738258502802286,0.1419978957410451,0.1270517244965046,0.1002597817210857,0.0266287190598864,1.0516784861082118,38.947684404855735
underground_mine,draco,2697176524.0,3.0,9.0,16.0,2.5,KISS-ICP,0.1738258502802286,0.1419978957410451,0.1270517244965046,0.1002597817210857,0.0266287190598864,1.0516784861082118,38.947684404855735
underground_mine,draco,2648470272.0,6.0,0.0,16.0,2.5,KISS-ICP,0.1738258502802286,0.1419978957410451,0.1270517244965046,0.1002597817210857,0.0266287190598864,1.0516784861082118,38.947684404855735
underground_mine,draco,2648470272.0,6.0,3.0,16.0,2.5,KISS-ICP,0.1738258502802286,0.1419978957410451,0.1270517244965046,0.1002597817210857,0.0266287190598864,1.0516784861082118,38.947684404855735
underground_mine,draco,2648470272.0,6.0,6.0,16.0,2.5,KISS-ICP,0.1738258502802286,0.1419978957410451,0.1270517244965046,0.1002597817210857,0.0266287190598864,1.0516784861082118,38.947684404855735
underground_mine,draco,2697176524.0,6.0,9.0,16.0,2.5,KISS-ICP,0.1738258502802286,0.1419978957410451,0.1270517244965046,0.1002597817210857,0.0266287190598864,1.0516784861082118,38.947684404855735
underground_mine,draco,2697176524.0,9.0,0.0,16.0,2.5,KISS-ICP,0.1738258502802286,0.1419978957410451,0.1270517244965046,0.1002597817210857,0.0266287190598864,1.0516784861082118,38.947684404855735
underground_mine,draco,2697176524.0,9.0,3.0,16.0,2.5,KISS-ICP,0.1738258502802286,0.1419978957410451,0.1270517244965046,0.1002597817210857,0.0266287190598864,1.0516784861082118,38.947684404855735
underground_mine,draco,2697176524.0,9.0,6.0,16.0,2.5,KISS-ICP,0.1738258502802286,0.1419978957410451,0.1270517244965046,0.1002597817210857,0.0266287190598864,1.0516784861082118,38.947684404855735
underground_mine,draco,2697176524.0,9.0,9.0,16.0,2.5,KISS-ICP,0.1738258502802286,0.1419978957410451,0.1270517244965046,0.1002597817210857,0.0266287190598864,1.0516784861082118,38.947684404855735
underground_mine,draco,2192356600.0,0.0,0.0,16.0,2.0,KISS-ICP,0.1758495831529057,0.1446649062479403,0.1304059875651154,0.0999757010244257,0.018166534080325,1.00264760234135,39.85984482872038
underground_mine,draco,2192356600.0,0.0,3.0,16.0,2.0,KISS-ICP,0.1758495831529057,0.1446649062479403,0.1304059875651154,0.0999757010244257,0.018166534080325,1.00264760234135,39.85984482872038
underground_mine,draco,2192356600.0,3.0,0.0,16.0,2.0,KISS-ICP,0.1758495831529057,0.1446649062479403,0.1304059875651154,0.0999757010244257,0.018166534080325,1.00264760234135,39.85984482872038
underground_mine,draco,2192356600.0,3.0,3.0,16.0,2.0,KISS-ICP,0.1758495831529057,0.1446649062479403,0.1304059875651154,0.0999757010244257,0.018166534080325,1.00264760234135,39.85984482872038
underground_mine,draco,2324557832.0,0.0,0.0,18.0,2.2,KISS-ICP,0.1728868293300617,0.1411906274668869,0.1284789903797771,0.0997750593650969,0.0186092805324656,1.0189710727910957,38.52802406922864
underground_mine,draco,2324557832.0,0.0,3.0,18.0,2.2,KISS-ICP,0.1728868293300617,0.1411906274668869,0.1284789903797771,0.0997750593650969,0.0186092805324656,1.0189710727910957,38.52802406922864
underground_mine,draco,2324557832.0,3.0,0.0,18.0,2.2,KISS-ICP,0.1728868293300617,0.1411906274668869,0.1284789903797771,0.0997750593650969,0.0186092805324656,1.0189710727910957,38.52802406922864
underground_mine,draco,2324557832.0,3.0,3.0,18.0,2.2,KISS-ICP,0.1728868293300617,0.1411906274668869,0.1284789903797771,0.0997750593650969,0.0186092805324656,1.0189710727910957,38.52802406922864
underground_mine,draco,2961161592.0,0.0,6.0,18.0,2.8,KISS-ICP,0.1730275239540928,0.1410549720757374,0.128113726673056,0.1002098742559688,0.0091893631583154,1.0221672180562305,38.59075749488687
underground_mine,draco,3006153248.0,0.0,9.0,18.0,2.8,KISS-ICP,0.1730275239540928,0.1410549720757374,0.128113726673056,0.1002098742559688,0.0091893631583154,1.0221672180562305,38.59075749488687
underground_mine,draco,2961161592.0,3.0,6.0,18.0,2.8,KISS-ICP,0.1730275239540928,0.1410549720757374,0.128113726673056,0.1002098742559688,0.0091893631583154,1.0221672180562305,38.59075749488687
underground_mine,draco,3006153248.0,3.0,9.0,18.0,2.8,KISS-ICP,0.1730275239540928,0.1410549720757374,0.128113726673056,0.1002098742559688,0.0091893631583154,1.0221672180562305,38.59075749488687
underground_mine,draco,2961161592.0,6.0,0.0,18.0,2.8,KISS-ICP,0.1730275239540928,0.1410549720757374,0.128113726673056,0.1002098742559688,0.0091893631583154,1.0221672180562305,38.59075749488687
underground_mine,draco,2961161592.0,6.0,3.0,18.0,2.8,KISS-ICP,0.1730275239540928,0.1410549720757374,0.128113726673056,0.1002098742559688,0.0091893631583154,1.0221672180562305,38.59075749488687
underground_mine,draco,2961161592.0,6.0,6.0,18.0,2.8,KISS-ICP,0.1730275239540928,0.1410549720757374,0.128113726673056,0.1002098742559688,0.0091893631583154,1.0221672180562305,38.59075749488687
underground_mine,draco,3006153248.0,6.0,9.0,18.0,2.8,KISS-ICP,0.1730275239540928,0.1410549720757374,0.128113726673056,0.1002098742559688,0.0091893631583154,1.0221672180562305,38.59075749488687
underground_mine,draco,3006153248.0,9.0,0.0,18.0,2.8,KISS-ICP,0.1730275239540928,0.1410549720757374,0.128113726673056,0.1002098742559688,0.0091893631583154,1.0221672180562305,38.59075749488687
underground_mine,draco,3006153248.0,9.0,3.0,18.0,2.8,KISS-ICP,0.1730275239540928,0.1410549720757374,0.128113726673056,0.1002098742559688,0.0091893631583154,1.0221672180562305,38.59075749488687
underground_mine,draco,3006153248.0,9.0,6.0,18.0,2.8,KISS-ICP,0.1730275239540928,0.1410549720757374,0.128113726673056,0.1002098742559688,0.0091893631583154,1.0221672180562305,38.59075749488687
underground_mine,draco,3006153248.0,9.0,9.0,18.0,2.8,KISS-ICP,0.1730275239540928,0.1410549720757374,0.128113726673056,0.1002098742559688,0.0091893631583154,1.0221672180562305,38.59075749488687
underground_mine,draco,3296974424.0,0.0,6.0,20.0,3.1,KISS-ICP,0.1744158221209116,0.1431140241752657,0.1297291543586085,0.0996958128031209,0.0106447476432922,1.0254712550525125,39.21251303888028
underground_mine,draco,3334737900.0,0.0,9.0,20.0,3.1,KISS-ICP,0.1744158221209116,0.1431140241752657,0.1297291543586085,0.0996958128031209,0.0106447476432922,1.0254712550525125,39.21251303888028
underground_mine,draco,3296974424.0,3.0,6.0,20.0,3.1,KISS-ICP,0.1744158221209116,0.1431140241752657,0.1297291543586085,0.0996958128031209,0.0106447476432922,1.0254712550525125,39.21251303888028
underground_mine,draco,3334737900.0,3.0,9.0,20.0,3.1,KISS-ICP,0.1744158221209116,0.1431140241752657,0.1297291543586085,0.0996958128031209,0.0106447476432922,1.0254712550525125,39.21251303888028
underground_mine,draco,3296974424.0,6.0,0.0,20.0,3.1,KISS-ICP,0.1744158221209116,0.1431140241752657,0.1297291543586085,0.0996958128031209,0.0106447476432922,1.0254712550525125,39.21251303888028
underground_mine,draco,3296974424.0,6.0,3.0,20.0,3.1,KISS-ICP,0.1744158221209116,0.1431140241752657,0.1297291543586085,0.0996958128031209,0.0106447476432922,1.0254712550525125,39.21251303888028
underground_mine,draco,3296974424.0,6.0,6.0,20.0,3.1,KISS-ICP,0.1744158221209116,0.1431140241752657,0.1297291543586085,0.0996958128031209,0.0106447476432922,1.0254712550525125,39.21251303888028
underground_mine,draco,3334737900.0,6.0,9.0,20.0,3.1,KISS-ICP,0.1744158221209116,0.1431140241752657,0.1297291543586085,0.0996958128031209,0.0106447476432922,1.0254712550525125,39.21251303888028
underground_mine,draco,3334737900.0,9.0,0.0,20.0,3.1,KISS-ICP,0.1744158221209116,0.1431140241752657,0.1297291543586085,0.0996958128031209,0.0106447476432922,1.0254712550525125,39.21251303888028
underground_mine,draco,3334737900.0,9.0,3.0,20.0,3.1,KISS-ICP,0.1744158221209116,0.1431140241752657,0.1297291543586085,0.0996958128031209,0.0106447476432922,1.0254712550525125,39.21251303888028
underground_mine,draco,3334737900.0,9.0,6.0,20.0,3.1,KISS-ICP,0.1744158221209116,0.1431140241752657,0.1297291543586085,0.0996958128031209,0.0106447476432922,1.0254712550525125,39.21251303888028
underground_mine,draco,3334737900.0,9.0,9.0,20.0,3.1,KISS-ICP,0.1744158221209116,0.1431140241752657,0.1297291543586085,0.0996958128031209,0.0106447476432922,1.0254712550525125,39.21251303888028
underground_mine,draco,2453055916.0,0.0,0.0,20.0,2.3,KISS-ICP,0.9607741649548484,0.7973308849548738,0.6595778956459757,0.5360507960461995,0.0686658291757384,2.5424777411797868,1189.859137901601
underground_mine,draco,2453055916.0,0.0,3.0,20.0,2.3,KISS-ICP,0.9607741649548484,0.7973308849548738,0.6595778956459757,0.5360507960461995,0.0686658291757384,2.5424777411797868,1189.859137901601
underground_mine,draco,2453055916.0,3.0,0.0,20.0,2.3,KISS-ICP,0.9607741649548484,0.7973308849548738,0.6595778956459757,0.5360507960461995,0.0686658291757384,2.5424777411797868,1189.859137901601
underground_mine,draco,2453055916.0,3.0,3.0,20.0,2.3,KISS-ICP,0.9607741649548484,0.7973308849548738,0.6595778956459757,0.5360507960461995,0.0686658291757384,2.5424777411797868,1189.859137901601
underground_mine,raw_packets,2251561430.0,,,,,,,,,,,,
underground_mine,uncompressed,8883915700.0,,,,,LOAM,0.16,,,,,1.0,
underground_mine,uncompressed,8883915700.0,,,,,LOAM,0.16,,,,,1.0,
underground_mine,uncompressed,8883915700.0,,,,,SPARK-FAST-LIO,0.23,,,,,0.89,
underground_mine,uncompressed,8883915700.0,,,,,SPARK-FAST-LIO,0.23,,,,,0.89,
underground_mine,uncompressed,8883915700.0,,,,,,,,,,,,
