data_sequence,method,encode_speed,decode_speed,quantization_precision,slam_method,rmse,mean,median,std,min,max,sse
underground_mine,draco,10,10,9.0,LIORF,1.9852102728989394,1.7960618264786017,1.556175157900644,0.8457078355376823,0.33505707316424566,4.86123331554444,5541.130117638615
underground_mine,draco,10,10,6.0,LIORF,321.69929889159204,259.2097621037948,174.23862619050263,190.5275259311263,46.315241502602255,996.9575541229922,87759892.19342592
underground_mine,draco,10,10,8.0,LIORF,2.374889038445805,2.0009955393006646,1.6926846759409575,1.279107030951235,0.08260238778171695,6.6580662868867595,7929.977710571637
underground_mine,draco,10,10,11.0,LIORF,1.9597289934768147,1.5320261614690787,1.026839539049463,1.2220611966869617,0.053518910527378935,5.97640354949152,5399.796045390351
underground_mine,draco,10,10,10.0,LIORF,5.167324880044775,4.4584690214570335,3.592959374801268,2.61214478937093,0.5773772130860219,12.77752592409717,37541.95246079722
underground_mine,draco,10,10,7.0,LIORF,3.2344449735130656,2.8544394834266154,2.4771541732461526,1.521121139863335,0.09175833942572793,7.409678924760305,14709.057807077614
underground_mine,cloudini,,,0.001,LIORF,5.214896361584038,4.550944294093823,3.882717485492237,2.5463798016237313,0.5713817430771942,12.426314950497948,38236.37255125978
underground_mine,cloudini,,,0.5,LIORF,778.9146068167815,680.1762294266596,479.2814817245646,379.56325116569633,334.822846011432,1700.233219707206,549677416.0295625
underground_mine,cloudini,,,0.1,LIORF,2.8521038401467984,2.762726727637583,2.9414135072222036,0.7084047877993541,1.0519521418873616,5.154480218956735,11437.10181886204
underground_mine,cloudini,,,0.2,LIORF,0.8630070977163644,0.7117407514659222,0.5419603184560218,0.48806388251083166,0.10272628188536059,4.151921125086672,1047.1624384966044
underground_mine,cloudini,,,0.01,LIORF,4.466106494800231,3.8640142193767866,3.14994878123332,2.2395314990753774,0.8035223896096018,11.312578453092872,28024.280648170014
cloister,draco,10,10,9.0,LIORF,5.8216317089320135,3.759825475937945,2.5237337347159188,4.444671882707507,0.5288846647397222,23.305195527711774,94319.75438461396
cloister,draco,10,10,6.0,LIORF,1166.5655520386408,1104.3283142869368,935.1927884216224,375.9443595366091,441.1664770719255,1911.9090756990418,1781385620.0490136
cloister,draco,10,10,8.0,LIORF,24.593031590571726,5.546506940640791,1.5590173080247625,23.95941283863781,0.2786415482853509,556.4879234800293,1657199.1357127135
cloister,draco,10,10,11.0,LIORF,4.5087475033524465,2.596675171806472,1.3390826151652595,3.68593028977906,0.36569591546329316,15.89111312585062,56575.0616683306
cloister,draco,10,10,10.0,LIORF,23.687487589158657,4.541545656463178,1.2065881136834629,23.24804145163213,0.08103897213438596,505.306001435113,1540211.4524465671
cloister,draco,10,10,7.0,LIORF,2354.1997248829252,2171.9690983303703,2515.013013386911,908.1886260776436,392.8165926135342,3957.696267763172,6174073567.92767
cloister,cloudini,,,0.5,LIORF,2864.430560015332,2671.703264014001,2458.3710457248567,1032.9395443135486,607.0096903374061,4675.848027083997,11872580640.767685
cloister,cloudini,,,0.2,LIORF,4.542806623400429,2.2483302845471864,0.9059008760647462,3.947417250456147,0.15879306136296287,15.826889017150409,57453.66417702847
cloister,cloudini,,,0.1,LIORF,3.428831882647411,1.8249496956826836,0.9816104382237838,2.902834250811966,0.16468031441894637,13.903573835425293,32719.41952513548
cloister,cloudini,,,0.001,LIORF,5.782829918434559,3.1490403769299955,1.3626878611249023,4.850223352589698,0.4863243339228738,20.53950546056638,93100.08327366851
cloister,cloudini,,,0.01,LIORF,4.215330839211742,2.490327715317268,1.3312575568272083,3.401070707046862,0.4556553502915737,14.79380109490248,49451.16619579862
quad_easy,draco,10,10,9.0,LIORF,0.1763716568076165,0.16116698211586705,0.14995012691996165,0.07163913176977676,0.013105415365060763,0.4367638307829724,61.747318230251345
quad_easy,draco,10,10,6.0,LIORF,10694.56754037715,10406.905289422486,9009.397022298055,2463.7567194588883,1336.9968007124817,14168.432152860232,106024489309.76328
quad_easy,draco,10,10,8.0,LIORF,0.17725408424846778,0.1623019979980505,0.15199291388944822,0.07125357414616981,0.010010978811457481,0.44354392181712093,62.366735609784385
quad_easy,draco,10,10,11.0,LIORF,0.1759459759425762,0.16066106979593456,0.15058413815541377,0.07172870487058479,0.014742785798100472,0.44625458476714,61.44961810401542
quad_easy,draco,10,10,10.0,LIORF,0.17557088382940023,0.160295678301865,0.14967468250027205,0.07162702539113125,0.015625381983004026,0.44740399875439846,61.18789346854395
quad_easy,draco,10,10,7.0,LIORF,0.18278966034190314,0.16671059899393875,0.1552215753686626,0.07496423221103819,0.013846432757574632,0.4458059783251997,66.322938956898
quad_easy,cloudini,,,0.5,LIORF,0.17828964653788637,0.16364739500182304,0.1568485864555371,0.07075823748314938,0.011245388601053147,0.4846140142572686,63.09758815426986
quad_easy,cloudini,,,0.001,LIORF,0.1721647142116643,0.15769930316372727,0.14853974694311856,0.06907690352975357,0.012868460593580886,0.4312083542881525,58.86640799569391
quad_easy,cloudini,,,0.01,LIORF,0.17320675244608277,0.15873853506647717,0.1497353969753208,0.0693012018500934,0.010897599948068597,0.429673716473022,59.58115007853634
quad_easy,cloudini,,,0.1,LIORF,0.17208298364421354,0.15738838050755072,0.14790627003003687,0.06958053564830531,0.013201068553685457,0.43452865471483243,58.8105307741508
quad_easy,cloudini,,,0.2,LIORF,0.17285784275367763,0.15846289621131182,0.14970996387464702,0.06906043965815857,0.014798120570033525,0.4445191072406135,59.34134992968991
maths_institute,draco,10,10,9.0,LIORF,0.1966754070699561,0.1781046834029561,0.1685106151161093,0.08342623985333213,0.007952553532413337,0.599163540741872,83.35801993291648
maths_institute,draco,10,10,6.0,LIORF,4069.619685408666,2899.2272532935644,863.1404131490398,2855.9211679641267,486.67097722457817,14119.607881469752,17837063321.42339
maths_institute,draco,10,10,8.0,LIORF,0.19883485089906275,0.18121678321335272,0.17036133963334035,0.08182771788249527,0.016974315205206668,0.5947198715408081,85.19856704357318
maths_institute,draco,10,10,11.0,LIORF,0.1961277705498716,0.1780629952290404,0.16850589785726822,0.0822172251473243,0.01203529515093688,0.596242965927323,82.89445063075993
maths_institute,draco,10,10,10.0,LIORF,0.18882566999095263,0.1707368535990693,0.1617279540922915,0.08064775552129227,0.009206733160372883,0.585289017730794,76.83681301043178
maths_institute,draco,10,10,7.0,LIORF,0.24313805026724206,0.21849229548546553,0.20344902675969587,0.10666409096433513,0.012259244499531564,1.2965937186075556,127.39522025611402
maths_institute,cloudini,,,0.01,LIORF,0.1796813167899648,0.1613599217316271,0.15058862766903827,0.07904651328261653,0.009866082498376373,0.646119374259174,69.60726980087799
maths_institute,cloudini,,,0.5,LIORF,0.18609206602220565,0.16687393403256306,0.15494794861008693,0.08236107804605731,0.013494059214380743,0.6331472026073378,74.6282039134699
maths_institute,cloudini,,,0.2,LIORF,0.18572097570402382,0.16834656802621525,0.1591068174054244,0.07843286205570651,0.008352343410102119,0.6191418646884929,74.33086515945968
maths_institute,cloudini,,,0.001,LIORF,0.17822149481649033,0.15956746807312686,0.14851159128882016,0.0793796217385541,0.012152488897683627,0.6267722280913911,68.48081501872997
maths_institute,cloudini,,,0.1,LIORF,0.18442727179029111,0.16654598758100014,0.1570303032176678,0.07922027897375299,0.012204367700353644,0.6173088737649902,73.33293045850137
park,draco,10,10,9.0,LIORF,0.45479542624199004,0.420414297311467,0.4056032079375621,0.1734667067386097,0.019013006486073545,2.051389940283539,3245.3020229736385
park,draco,10,10,6.0,LIORF,11328.525657335407,8706.111681618288,5297.7082654859005,7248.386920970502,2170.093076387992,29172.486056992373,224843784732.72443
park,draco,10,10,8.0,LIORF,0.5285913343104892,0.4897298130346994,0.4773208363512802,0.19893091497588214,0.019609857395628552,1.769840567362106,4383.924051730769
park,draco,10,10,11.0,LIORF,0.46147610634932296,0.42489018442954274,0.410691567067637,0.18007922674967491,0.022205865190476324,1.4792383713938708,3341.345486714594
park,draco,10,10,10.0,LIORF,0.4780599384511651,0.4431516309901823,0.42775185168305696,0.17932634135194161,0.013683496355516874,1.437351588079432,3585.8130715578095
park,draco,10,10,7.0,LIORF,3006.6099406048666,1902.5728894935885,1074.2363050139802,2328.072106939134,132.7339556685848,10150.113590183071,120056299991.39125
park,cloudini,,,0.01,LIORF,0.4781181773747866,0.449390618391687,0.43128195193983915,0.16323315728651788,0.01650681830392613,1.3820680463288557,3586.9153941943246
park,cloudini,,,0.1,LIORF,0.5011395583714957,0.46909374642895485,0.44816127532664635,0.17632899371919875,0.03237985079665018,1.5403525711967554,3940.6511866343285
park,cloudini,,,0.5,LIORF,25.90928167621796,23.457545777543135,18.139671122977674,11.001564573826414,4.879377588454194,48.89056879422109,10533225.150655583
park,cloudini,,,0.001,LIORF,0.5161756383654473,0.4854445341513194,0.46474828414490155,0.17544484576238076,0.02050687264153323,1.3932850966772716,4180.6675117722625
park,cloudini,,,0.2,LIORF,0.4432107660044162,0.41308139927178655,0.39563797489201014,0.16062235422843327,0.02216363365062866,1.469495014056712,3082.273872656956
stairs,draco,10,10,9.0,LIORF,2576.8345341668237,2533.6525857282413,2589.5674510304466,469.76674138059894,375.19917197749913,3511.1287209897873,3818043824.472982
stairs,draco,10,10,6.0,LIORF,10.849558784680571,7.770926358102166,3.4644883598912806,7.571369054483633,0.7598382049382736,34.153638297149456,21659.178351292045
stairs,draco,10,10,8.0,LIORF,754.8508475152518,723.5864169282662,588.4477564237131,214.99418418042637,124.45602673179906,1224.4757870549772,286609300.4032304
stairs,draco,10,10,11.0,LIORF,1493.6493345003917,1373.2638033721344,1082.8128656634024,587.4817961446654,192.5681150103917,2551.5183457686176,1164575910.5847075
stairs,draco,10,10,10.0,LIORF,4690.885805276412,4419.1157810084815,4315.09010811828,1573.4755645339808,941.8335722334343,7732.178004663413,12388482626.27492
stairs,draco,10,10,7.0,LIORF,506.45378397440044,384.6246064767719,236.10899624115157,329.48345541859453,110.41580899888426,1598.7829637421914,201348916.71206108
stairs,cloudini,,,0.2,LIORF,1918.4581937665716,1434.8466327689614,971.0764436779945,1273.4586690040903,675.1751034550497,7137.709221261312,2513769097.560156
stairs,cloudini,,,0.1,LIORF,1219.1487643647947,1113.7823949078938,934.888180918263,495.79480276162866,260.4587113675591,3025.7511829871614,1001782180.3055867
stairs,cloudini,,,0.01,LIORF,4722.813866715289,4250.477019197598,3477.3089419381204,2058.7413458011965,1052.8309526795797,9030.048807241854,15457344778.009289
stairs,cloudini,,,0.5,LIORF,3492.005098223911,3198.0845607946953,2558.848528659164,1402.2677162469322,313.65415719114895,5587.817423308731,8889498612.789883
stairs,cloudini,,,0.001,LIORF,1965.6735159739603,1884.1663674655101,1616.199885462591,560.1691450921363,472.5441672714626,3261.838530353974,2681527425.752593
underground_mine,draco,6,6,12.0,KISS-ICP,3.7467239749835697,2.659085878226306,1.9620370908421185,2.639545952798344,0.07815729642829156,12.317161856448028,18094.9053621398
underground_mine,draco,6,9,12.0,KISS-ICP,3.7467239749835697,2.659085878226306,1.9620370908421185,2.639545952798344,0.07815729642829156,12.317161856448028,18094.9053621398
underground_mine,draco,10,10,9.0,KISS-ICP,0.1763340368329893,0.14551508038862251,0.1322561441947827,0.09959444726143492,0.007152016538005764,1.028672394133511,40.07976969155943
underground_mine,draco,9,3,18.0,KISS-ICP,0.1730275239540928,0.14105497207573744,0.12811372667305604,0.10020987425596885,0.009189363158315495,1.0221672180562305,38.59075749488687
underground_mine,draco,6,0,20.0,KISS-ICP,0.17441582212091164,0.14311402417526578,0.12972915435860852,0.0996958128031209,0.010644747643292235,1.0254712550525125,39.21251303888028
underground_mine,draco,6,3,16.0,KISS-ICP,0.17382585028022868,0.14199789574104513,0.12705172449650465,0.10025978172108571,0.026628719059886476,1.0516784861082118,38.947684404855735
underground_mine,draco,6,6,16.0,KISS-ICP,0.17382585028022868,0.14199789574104513,0.12705172449650465,0.10025978172108571,0.026628719059886476,1.0516784861082118,38.947684404855735
underground_mine,draco,3,6,16.0,KISS-ICP,0.17382585028022868,0.14199789574104513,0.12705172449650465,0.10025978172108571,0.026628719059886476,1.0516784861082118,38.947684404855735
underground_mine,draco,6,3,12.0,KISS-ICP,3.7467239749835697,2.659085878226306,1.9620370908421185,2.639545952798344,0.07815729642829156,12.317161856448028,18094.9053621398
underground_mine,draco,6,9,14.0,KISS-ICP,0.17560263418417998,0.14390467320879544,0.1316545141489056,0.10063662435263182,0.012394831693429826,1.0327310866132713,39.74797153569317
underground_mine,draco,9,3,20.0,KISS-ICP,0.17441582212091164,0.14311402417526578,0.12972915435860852,0.0996958128031209,0.010644747643292235,1.0254712550525125,39.21251303888028
underground_mine,draco,0,9,12.0,KISS-ICP,3.7467239749835697,2.659085878226306,1.9620370908421185,2.639545952798344,0.07815729642829156,12.317161856448028,18094.9053621398
underground_mine,draco,0,3,14.0,KISS-ICP,0.17309922427513968,0.14231159985247946,0.13140555986911295,0.09854313772192805,0.018053759158056116,1.0193836000227776,38.62274712216043
underground_mine,draco,6,0,14.0,KISS-ICP,0.17560263418417998,0.14390467320879544,0.1316545141489056,0.10063662435263182,0.012394831693429826,1.0327310866132713,39.74797153569317
underground_mine,draco,6,3,14.0,KISS-ICP,0.17560263418417998,0.14390467320879544,0.1316545141489056,0.10063662435263182,0.012394831693429826,1.0327310866132713,39.74797153569317
underground_mine,draco,6,9,16.0,KISS-ICP,0.17382585028022868,0.14199789574104513,0.12705172449650465,0.10025978172108571,0.026628719059886476,1.0516784861082118,38.947684404855735
underground_mine,draco,3,9,12.0,KISS-ICP,3.7467239749835697,2.659085878226306,1.9620370908421185,2.639545952798344,0.07815729642829156,12.317161856448028,18094.9053621398
underground_mine,draco,0,9,16.0,KISS-ICP,0.17382585028022868,0.14199789574104513,0.12705172449650465,0.10025978172108571,0.026628719059886476,1.0516784861082118,38.947684404855735
underground_mine,draco,3,3,12.0,KISS-ICP,0.17182238552533272,0.14101325746449883,0.12931492117337678,0.09817430105107461,0.016420377402245345,0.992474987081711,38.05505956405711
underground_mine,draco,9,9,16.0,KISS-ICP,0.17382585028022868,0.14199789574104513,0.12705172449650465,0.10025978172108571,0.026628719059886476,1.0516784861082118,38.947684404855735
underground_mine,draco,0,6,14.0,KISS-ICP,0.17560263418417998,0.14390467320879544,0.1316545141489056,0.10063662435263182,0.012394831693429826,1.0327310866132713,39.74797153569317
underground_mine,draco,3,6,12.0,KISS-ICP,3.7467239749835697,2.659085878226306,1.9620370908421185,2.639545952798344,0.07815729642829156,12.317161856448028,18094.9053621398
underground_mine,draco,10,10,6.0,KISS-ICP,4.404742309375243,3.6480455170045802,2.5800927132388765,2.4685053611169536,0.8538940842446536,9.965154302392538,25008.86195266846
underground_mine,draco,0,6,18.0,KISS-ICP,0.1730275239540928,0.14105497207573744,0.12811372667305604,0.10020987425596885,0.009189363158315495,1.0221672180562305,38.59075749488687
underground_mine,draco,0,9,14.0,KISS-ICP,0.17560263418417998,0.14390467320879544,0.1316545141489056,0.10063662435263182,0.012394831693429826,1.0327310866132713,39.74797153569317
underground_mine,draco,9,3,16.0,KISS-ICP,0.17382585028022868,0.14199789574104513,0.12705172449650465,0.10025978172108571,0.026628719059886476,1.0516784861082118,38.947684404855735
underground_mine,draco,6,0,16.0,KISS-ICP,0.17382585028022868,0.14199789574104513,0.12705172449650465,0.10025978172108571,0.026628719059886476,1.0516784861082118,38.947684404855735
underground_mine,draco,3,3,14.0,KISS-ICP,0.17309922427513968,0.14231159985247946,0.13140555986911295,0.09854313772192805,0.018053759158056116,1.0193836000227776,38.62274712216043
underground_mine,draco,6,0,12.0,KISS-ICP,3.7467239749835697,2.659085878226306,1.9620370908421185,2.639545952798344,0.07815729642829156,12.317161856448028,18094.9053621398
underground_mine,draco,0,6,16.0,KISS-ICP,0.17382585028022868,0.14199789574104513,0.12705172449650465,0.10025978172108571,0.026628719059886476,1.0516784861082118,38.947684404855735
underground_mine,draco,0,0,12.0,KISS-ICP,0.17182238552533272,0.14101325746449883,0.12931492117337678,0.09817430105107461,0.016420377402245345,0.992474987081711,38.05505956405711
underground_mine,draco,6,3,18.0,KISS-ICP,0.1730275239540928,0.14105497207573744,0.12811372667305604,0.10020987425596885,0.009189363158315495,1.0221672180562305,38.59075749488687
underground_mine,draco,9,9,12.0,KISS-ICP,3.7467239749835697,2.659085878226306,1.9620370908421185,2.639545952798344,0.07815729642829156,12.317161856448028,18094.9053621398
underground_mine,draco,0,9,20.0,KISS-ICP,0.17441582212091164,0.14311402417526578,0.12972915435860852,0.0996958128031209,0.010644747643292235,1.0254712550525125,39.21251303888028
underground_mine,draco,10,10,8.0,KISS-ICP,0.17995297608340993,0.14941028794175096,0.13635906868239497,0.10029775400495958,0.013060529805364216,1.031178016213277,41.741781872045166
underground_mine,draco,10,10,10.0,KISS-ICP,0.17509497114863629,0.14416089512790378,0.12998260508827536,0.09937748858500754,0.013228997610313618,1.0133742152653882,39.51848285986735
underground_mine,draco,6,6,18.0,KISS-ICP,0.1730275239540928,0.14105497207573744,0.12811372667305604,0.10020987425596885,0.009189363158315495,1.0221672180562305,38.59075749488687
underground_mine,draco,6,0,18.0,KISS-ICP,0.1730275239540928,0.14105497207573744,0.12811372667305604,0.10020987425596885,0.009189363158315495,1.0221672180562305,38.59075749488687
underground_mine,draco,10,10,7.0,KISS-ICP,1.0927719481049196,0.9289289549861539,0.8403952291988072,0.5755358608751961,0.008894061800829502,2.6665654866641946,1539.2600338983125
underground_mine,draco,0,3,12.0,KISS-ICP,0.17182238552533272,0.14101325746449883,0.12931492117337678,0.09817430105107461,0.016420377402245345,0.992474987081711,38.05505956405711
underground_mine,draco,9,0,20.0,KISS-ICP,0.17441582212091164,0.14311402417526578,0.12972915435860852,0.0996958128031209,0.010644747643292235,1.0254712550525125,39.21251303888028
underground_mine,draco,3,3,16.0,KISS-ICP,0.17584958315290578,0.14466490624794032,0.13040598756511548,0.09997570102442573,0.018166534080325047,1.00264760234135,39.85984482872038
underground_mine,draco,9,0,12.0,KISS-ICP,3.7467239749835697,2.659085878226306,1.9620370908421185,2.639545952798344,0.07815729642829156,12.317161856448028,18094.9053621398
underground_mine,draco,9,0,18.0,KISS-ICP,0.1730275239540928,0.14105497207573744,0.12811372667305604,0.10020987425596885,0.009189363158315495,1.0221672180562305,38.59075749488687
underground_mine,draco,9,0,14.0,KISS-ICP,0.17560263418417998,0.14390467320879544,0.1316545141489056,0.10063662435263182,0.012394831693429826,1.0327310866132713,39.74797153569317
underground_mine,draco,3,0,16.0,KISS-ICP,0.17584958315290578,0.14466490624794032,0.13040598756511548,0.09997570102442573,0.018166534080325047,1.00264760234135,39.85984482872038
underground_mine,draco,9,9,18.0,KISS-ICP,0.1730275239540928,0.14105497207573744,0.12811372667305604,0.10020987425596885,0.009189363158315495,1.0221672180562305,38.59075749488687
underground_mine,draco,0,3,20.0,KISS-ICP,0.9607741649548485,0.7973308849548738,0.6595778956459757,0.5360507960461995,0.06866582917573849,2.5424777411797868,1189.859137901601
underground_mine,draco,3,0,18.0,KISS-ICP,0.17288682933006172,0.14119062746688696,0.12847899037977717,0.09977505936509698,0.01860928053246564,1.0189710727910957,38.528024069228636
underground_mine,draco,10,10,11.0,KISS-ICP,0.17477323706492617,0.1428336852292379,0.1304436466102257,0.10071853234627615,0.013841915154802088,1.0163982506160079,39.37338718406307
underground_mine,draco,3,9,18.0,KISS-ICP,0.1730275239540928,0.14105497207573744,0.12811372667305604,0.10020987425596885,0.009189363158315495,1.0221672180562305,38.59075749488687
underground_mine,draco,3,0,20.0,KISS-ICP,0.9607741649548485,0.7973308849548738,0.6595778956459757,0.5360507960461995,0.06866582917573849,2.5424777411797868,1189.859137901601
underground_mine,draco,6,9,18.0,KISS-ICP,0.1730275239540928,0.14105497207573744,0.12811372667305604,0.10020987425596885,0.009189363158315495,1.0221672180562305,38.59075749488687
underground_mine,draco,0,3,16.0,KISS-ICP,0.17584958315290578,0.14466490624794032,0.13040598756511548,0.09997570102442573,0.018166534080325047,1.00264760234135,39.85984482872038
underground_mine,draco,9,6,18.0,KISS-ICP,0.1730275239540928,0.14105497207573744,0.12811372667305604,0.10020987425596885,0.009189363158315495,1.0221672180562305,38.59075749488687
underground_mine,draco,9,9,14.0,KISS-ICP,0.17560263418417998,0.14390467320879544,0.1316545141489056,0.10063662435263182,0.012394831693429826,1.0327310866132713,39.74797153569317
underground_mine,draco,6,6,14.0,KISS-ICP,0.17560263418417998,0.14390467320879544,0.1316545141489056,0.10063662435263182,0.012394831693429826,1.0327310866132713,39.74797153569317
underground_mine,draco,9,6,14.0,KISS-ICP,0.17560263418417998,0.14390467320879544,0.1316545141489056,0.10063662435263182,0.012394831693429826,1.0327310866132713,39.74797153569317
underground_mine,draco,6,3,20.0,KISS-ICP,0.17441582212091164,0.14311402417526578,0.12972915435860852,0.0996958128031209,0.010644747643292235,1.0254712550525125,39.21251303888028
underground_mine,draco,0,0,14.0,KISS-ICP,0.17309922427513968,0.14231159985247946,0.13140555986911295,0.09854313772192805,0.018053759158056116,1.0193836000227776,38.62274712216043
underground_mine,draco,3,6,20.0,KISS-ICP,0.17441582212091164,0.14311402417526578,0.12972915435860852,0.0996958128031209,0.010644747643292235,1.0254712550525125,39.21251303888028
underground_mine,draco,3,6,18.0,KISS-ICP,0.1730275239540928,0.14105497207573744,0.12811372667305604,0.10020987425596885,0.009189363158315495,1.0221672180562305,38.59075749488687
underground_mine,draco,3,3,20.0,KISS-ICP,0.9607741649548485,0.7973308849548738,0.6595778956459757,0.5360507960461995,0.06866582917573849,2.5424777411797868,1189.859137901601
underground_mine,draco,3,9,16.0,KISS-ICP,0.17382585028022868,0.14199789574104513,0.12705172449650465,0.10025978172108571,0.026628719059886476,1.0516784861082118,38.947684404855735
underground_mine,draco,3,9,14.0,KISS-ICP,0.17560263418417998,0.14390467320879544,0.1316545141489056,0.10063662435263182,0.012394831693429826,1.0327310866132713,39.74797153569317
underground_mine,draco,3,0,12.0,KISS-ICP,0.17182238552533272,0.14101325746449883,0.12931492117337678,0.09817430105107461,0.016420377402245345,0.992474987081711,38.05505956405711
underground_mine,draco,0,0,16.0,KISS-ICP,0.17584958315290578,0.14466490624794032,0.13040598756511548,0.09997570102442573,0.018166534080325047,1.00264760234135,39.85984482872038
underground_mine,draco,3,3,18.0,KISS-ICP,0.17288682933006172,0.14119062746688696,0.12847899037977717,0.09977505936509698,0.01860928053246564,1.0189710727910957,38.528024069228636
underground_mine,draco,9,6,12.0,KISS-ICP,3.7467239749835697,2.659085878226306,1.9620370908421185,2.639545952798344,0.07815729642829156,12.317161856448028,18094.9053621398
underground_mine,draco,9,9,20.0,KISS-ICP,0.17441582212091164,0.14311402417526578,0.12972915435860852,0.0996958128031209,0.010644747643292235,1.0254712550525125,39.21251303888028
underground_mine,draco,9,6,16.0,KISS-ICP,0.17382585028022868,0.14199789574104513,0.12705172449650465,0.10025978172108571,0.026628719059886476,1.0516784861082118,38.947684404855735
underground_mine,draco,0,6,20.0,KISS-ICP,0.17441582212091164,0.14311402417526578,0.12972915435860852,0.0996958128031209,0.010644747643292235,1.0254712550525125,39.21251303888028
underground_mine,draco,9,6,20.0,KISS-ICP,0.17441582212091164,0.14311402417526578,0.12972915435860852,0.0996958128031209,0.010644747643292235,1.0254712550525125,39.21251303888028
underground_mine,draco,9,3,12.0,KISS-ICP,3.7467239749835697,2.659085878226306,1.9620370908421185,2.639545952798344,0.07815729642829156,12.317161856448028,18094.9053621398
underground_mine,draco,0,0,20.0,KISS-ICP,0.9607741649548485,0.7973308849548738,0.6595778956459757,0.5360507960461995,0.06866582917573849,2.5424777411797868,1189.859137901601
underground_mine,draco,0,9,18.0,KISS-ICP,0.1730275239540928,0.14105497207573744,0.12811372667305604,0.10020987425596885,0.009189363158315495,1.0221672180562305,38.59075749488687
underground_mine,draco,0,6,12.0,KISS-ICP,3.7467239749835697,2.659085878226306,1.9620370908421185,2.639545952798344,0.07815729642829156,12.317161856448028,18094.9053621398
underground_mine,draco,6,6,20.0,KISS-ICP,0.17441582212091164,0.14311402417526578,0.12972915435860852,0.0996958128031209,0.010644747643292235,1.0254712550525125,39.21251303888028
underground_mine,draco,0,0,18.0,KISS-ICP,0.17288682933006172,0.14119062746688696,0.12847899037977717,0.09977505936509698,0.01860928053246564,1.0189710727910957,38.528024069228636
underground_mine,draco,3,6,14.0,KISS-ICP,0.17560263418417998,0.14390467320879544,0.1316545141489056,0.10063662435263182,0.012394831693429826,1.0327310866132713,39.74797153569317
underground_mine,draco,3,9,20.0,KISS-ICP,0.17441582212091164,0.14311402417526578,0.12972915435860852,0.0996958128031209,0.010644747643292235,1.0254712550525125,39.21251303888028
underground_mine,draco,6,9,20.0,KISS-ICP,0.17441582212091164,0.14311402417526578,0.12972915435860852,0.0996958128031209,0.010644747643292235,1.0254712550525125,39.21251303888028
underground_mine,draco,9,3,14.0,KISS-ICP,0.17560263418417998,0.14390467320879544,0.1316545141489056,0.10063662435263182,0.012394831693429826,1.0327310866132713,39.74797153569317
underground_mine,draco,3,0,14.0,KISS-ICP,0.17309922427513968,0.14231159985247946,0.13140555986911295,0.09854313772192805,0.018053759158056116,1.0193836000227776,38.62274712216043
underground_mine,draco,9,0,16.0,KISS-ICP,0.17382585028022868,0.14199789574104513,0.12705172449650465,0.10025978172108571,0.026628719059886476,1.0516784861082118,38.947684404855735
underground_mine,draco,0,3,18.0,KISS-ICP,0.17288682933006172,0.14119062746688696,0.12847899037977717,0.09977505936509698,0.01860928053246564,1.0189710727910957,38.528024069228636
underground_mine,cloudini,,,0.6,KISS-ICP,12.345016908213648,11.793621287793114,12.38219361701237,3.6482789619482268,0.3292013953398087,16.753577880748505,214883.21387435403
underground_mine,cloudini,,,0.4,KISS-ICP,3.5682493032118314,2.817309619028968,1.9713447230365242,2.1897875696967892,0.050019843405555715,8.984405773418633,17952.688356719125
underground_mine,cloudini,,,0.2,KISS-ICP,0.3183655991548932,0.22770738113748154,0.16374281809060898,0.22249944561900345,0.008303489263104735,1.1149213475160864,142.91288316260835
underground_mine,cloudini,,,0.1,KISS-ICP,1.4974167070456839,1.1057962903792125,0.8375385408918135,1.009688743486383,0.10583872000343661,5.188408260858008,3161.5820803007505
underground_mine,cloudini,,,0.3,KISS-ICP,0.7050171946963757,0.6045714876391218,0.5154447147053534,0.3626879666481458,0.03221290539160346,2.0056926136202096,700.8394351927418
underground_mine,cloudini,,,0.8,KISS-ICP,12.345560332710757,11.794139976646855,12.383895012561226,3.6484410561035387,0.3272089619587339,16.745815354630288,214902.1324993279
cloister,draco,6,6,12.0,KISS-ICP,0.4012405295508752,0.3269628841300914,0.25984558562358867,0.23257092457054737,0.021816959010516626,1.3681244822759149,448.6901736387415
cloister,draco,6,9,12.0,KISS-ICP,0.4012405295508752,0.3269628841300914,0.25984558562358867,0.23257092457054737,0.021816959010516626,1.3681244822759149,448.6901736387415
cloister,draco,10,10,9.0,KISS-ICP,0.6532345583035865,0.45659836268706394,0.3456027807903568,0.4671544962360676,0.003793127236774629,3.0137914703666002,1189.2557868077215
cloister,draco,9,3,18.0,KISS-ICP,0.44842675118038383,0.34358227348918996,0.26792877031116713,0.28816275352340964,0.024255112726873456,2.293411505137291,560.4282181224783
cloister,draco,6,0,20.0,KISS-ICP,0.4048594766237875,0.3225252286412458,0.2510549533365425,0.2447216228738264,0.017511407244117982,1.363618227430478,456.8205027282869
cloister,draco,6,3,16.0,KISS-ICP,0.4705303194873901,0.3211308166049809,0.2257852129936973,0.3439095523295675,0.015603493858190305,2.0497745095861335,617.0384041990953
cloister,draco,6,6,16.0,KISS-ICP,0.4705303194873901,0.3211308166049809,0.2257852129936973,0.3439095523295675,0.015603493858190305,2.0497745095861335,617.0384041990953
cloister,draco,3,6,16.0,KISS-ICP,0.4705303194873901,0.3211308166049809,0.2257852129936973,0.3439095523295675,0.015603493858190305,2.0497745095861335,617.0384041990953
cloister,draco,6,3,12.0,KISS-ICP,0.4012405295508752,0.3269628841300914,0.25984558562358867,0.23257092457054737,0.021816959010516626,1.3681244822759149,448.6901736387415
cloister,draco,6,9,14.0,KISS-ICP,0.7528145092066774,0.4461263565589764,0.26400300007756483,0.6063835083967105,0.03327887083504342,3.7146218250042073,1579.4756328533163
cloister,draco,9,3,20.0,KISS-ICP,0.4048594766237875,0.3225252286412458,0.2510549533365425,0.2447216228738264,0.017511407244117982,1.363618227430478,456.8205027282869
cloister,draco,0,9,12.0,KISS-ICP,0.4012405295508752,0.3269628841300914,0.25984558562358867,0.23257092457054737,0.021816959010516626,1.3681244822759149,448.6901736387415
cloister,draco,0,3,14.0,KISS-ICP,0.5737498494529707,0.41794720530943574,0.3156947388192408,0.3930763581307566,0.024199166811442338,2.499965045020971,917.4494357257431
cloister,draco,6,0,14.0,KISS-ICP,0.7528145092066774,0.4461263565589764,0.26400300007756483,0.6063835083967105,0.03327887083504342,3.7146218250042073,1579.4756328533163
cloister,draco,6,3,14.0,KISS-ICP,0.7528145092066774,0.4461263565589764,0.26400300007756483,0.6063835083967105,0.03327887083504342,3.7146218250042073,1579.4756328533163
cloister,draco,6,9,16.0,KISS-ICP,0.4705303194873901,0.3211308166049809,0.2257852129936973,0.3439095523295675,0.015603493858190305,2.0497745095861335,617.0384041990953
cloister,draco,3,9,12.0,KISS-ICP,0.4012405295508752,0.3269628841300914,0.25984558562358867,0.23257092457054737,0.021816959010516626,1.3681244822759149,448.6901736387415
cloister,draco,0,9,16.0,KISS-ICP,0.4705303194873901,0.3211308166049809,0.2257852129936973,0.3439095523295675,0.015603493858190305,2.0497745095861335,617.0384041990953
cloister,draco,3,3,12.0,KISS-ICP,1.0224125244626612,0.6463548381741476,0.41682248595255217,0.7921822980520223,0.03824160839800957,5.003691820297325,2913.327380686397
cloister,draco,9,9,16.0,KISS-ICP,0.4705303194873901,0.3211308166049809,0.2257852129936973,0.3439095523295675,0.015603493858190305,2.0497745095861335,617.0384041990953
cloister,draco,0,6,14.0,KISS-ICP,0.7528145092066774,0.4461263565589764,0.26400300007756483,0.6063835083967105,0.03327887083504342,3.7146218250042073,1579.4756328533163
cloister,draco,3,6,12.0,KISS-ICP,0.4012405295508752,0.3269628841300914,0.25984558562358867,0.23257092457054737,0.021816959010516626,1.3681244822759149,448.6901736387415
cloister,draco,10,10,6.0,KISS-ICP,20.407469109103555,17.404141062300827,15.95421978278968,10.656484848323583,1.1817666747537983,60.70454036580326,1160687.3848885372
cloister,draco,0,6,18.0,KISS-ICP,0.44842675118038383,0.34358227348918996,0.26792877031116713,0.28816275352340964,0.024255112726873456,2.293411505137291,560.4282181224783
cloister,draco,0,9,14.0,KISS-ICP,0.7528145092066774,0.4461263565589764,0.26400300007756483,0.6063835083967105,0.03327887083504342,3.7146218250042073,1579.4756328533163
cloister,draco,9,3,16.0,KISS-ICP,0.4705303194873901,0.3211308166049809,0.2257852129936973,0.3439095523295675,0.015603493858190305,2.0497745095861335,617.0384041990953
cloister,draco,6,0,16.0,KISS-ICP,0.4705303194873901,0.3211308166049809,0.2257852129936973,0.3439095523295675,0.015603493858190305,2.0497745095861335,617.0384041990953
cloister,draco,3,3,14.0,KISS-ICP,0.5737498494529707,0.41794720530943574,0.3156947388192408,0.3930763581307566,0.024199166811442338,2.499965045020971,917.4494357257431
cloister,draco,6,0,12.0,KISS-ICP,0.4012405295508752,0.3269628841300914,0.25984558562358867,0.23257092457054737,0.021816959010516626,1.3681244822759149,448.6901736387415
cloister,draco,0,6,16.0,KISS-ICP,0.4705303194873901,0.3211308166049809,0.2257852129936973,0.3439095523295675,0.015603493858190305,2.0497745095861335,617.0384041990953
cloister,draco,0,0,12.0,KISS-ICP,1.0224125244626612,0.6463548381741476,0.41682248595255217,0.7921822980520223,0.03824160839800957,5.003691820297325,2913.327380686397
cloister,draco,6,3,18.0,KISS-ICP,0.44842675118038383,0.34358227348918996,0.26792877031116713,0.28816275352340964,0.024255112726873456,2.293411505137291,560.4282181224783
cloister,draco,9,9,12.0,KISS-ICP,0.4012405295508752,0.3269628841300914,0.25984558562358867,0.23257092457054737,0.021816959010516626,1.3681244822759149,448.6901736387415
cloister,draco,0,9,20.0,KISS-ICP,0.4048594766237875,0.3225252286412458,0.2510549533365425,0.2447216228738264,0.017511407244117982,1.363618227430478,456.8205027282869
cloister,draco,10,10,8.0,KISS-ICP,0.47126246726964865,0.3735169514413271,0.2975082259558622,0.28735587699410986,0.03504589767722903,1.9243735123949817,618.9601284900727
cloister,draco,10,10,10.0,KISS-ICP,1.663288591568808,1.19191373001621,0.8664153885625352,1.1601166316546772,0.09911145715692875,7.670778687239739,7710.316152555299
cloister,draco,6,6,18.0,KISS-ICP,0.44842675118038383,0.34358227348918996,0.26792877031116713,0.28816275352340964,0.024255112726873456,2.293411505137291,560.4282181224783
cloister,draco,6,0,18.0,KISS-ICP,0.44842675118038383,0.34358227348918996,0.26792877031116713,0.28816275352340964,0.024255112726873456,2.293411505137291,560.4282181224783
cloister,draco,10,10,7.0,KISS-ICP,2.4965201600289824,1.689359829358667,1.1782282578744967,1.8381175904659612,0.1591099161052039,13.846897224721552,17370.292178584576
cloister,draco,0,3,12.0,KISS-ICP,1.0224125244626612,0.6463548381741476,0.41682248595255217,0.7921822980520223,0.03824160839800957,5.003691820297325,2913.327380686397
cloister,draco,9,0,20.0,KISS-ICP,0.4048594766237875,0.3225252286412458,0.2510549533365425,0.2447216228738264,0.017511407244117982,1.363618227430478,456.8205027282869
cloister,draco,3,3,16.0,KISS-ICP,0.8135904607076072,0.6310441254785074,0.4903422317082733,0.5135296967590897,0.03652276667141639,3.367242131683581,1844.797343021559
cloister,draco,9,0,12.0,KISS-ICP,0.4012405295508752,0.3269628841300914,0.25984558562358867,0.23257092457054737,0.021816959010516626,1.3681244822759149,448.6901736387415
cloister,draco,9,0,18.0,KISS-ICP,0.44842675118038383,0.34358227348918996,0.26792877031116713,0.28816275352340964,0.024255112726873456,2.293411505137291,560.4282181224783
cloister,draco,9,0,14.0,KISS-ICP,0.7528145092066774,0.4461263565589764,0.26400300007756483,0.6063835083967105,0.03327887083504342,3.7146218250042073,1579.4756328533163
cloister,draco,3,0,16.0,KISS-ICP,0.8135904607076072,0.6310441254785074,0.4903422317082733,0.5135296967590897,0.03652276667141639,3.367242131683581,1844.797343021559
cloister,draco,9,9,18.0,KISS-ICP,0.44842675118038383,0.34358227348918996,0.26792877031116713,0.28816275352340964,0.024255112726873456,2.293411505137291,560.4282181224783
cloister,draco,0,3,20.0,KISS-ICP,0.8256993066602115,0.42354465847886696,0.19420054627512726,0.7087942348052599,0.006550573738997963,4.168455738369072,1900.1190345683822
cloister,draco,3,0,18.0,KISS-ICP,0.8457363467015867,0.44895731318800397,0.28201167559829715,0.7167337714013169,0.019924671796226794,5.205939622378161,1993.4574011842924
cloister,draco,10,10,11.0,KISS-ICP,0.4961231193700956,0.36807064016557245,0.26686464088346135,0.33265921514610086,0.023784936873295987,2.0861912322231584,685.9870228613839
cloister,draco,3,9,18.0,KISS-ICP,0.44842675118038383,0.34358227348918996,0.26792877031116713,0.28816275352340964,0.024255112726873456,2.293411505137291,560.4282181224783
cloister,draco,3,0,20.0,KISS-ICP,0.8256993066602115,0.42354465847886696,0.19420054627512726,0.7087942348052599,0.006550573738997963,4.168455738369072,1900.1190345683822
cloister,draco,6,9,18.0,KISS-ICP,0.44842675118038383,0.34358227348918996,0.26792877031116713,0.28816275352340964,0.024255112726873456,2.293411505137291,560.4282181224783
cloister,draco,0,3,16.0,KISS-ICP,0.8135904607076072,0.6310441254785074,0.4903422317082733,0.5135296967590897,0.03652276667141639,3.367242131683581,1844.797343021559
cloister,draco,9,6,18.0,KISS-ICP,0.44842675118038383,0.34358227348918996,0.26792877031116713,0.28816275352340964,0.024255112726873456,2.293411505137291,560.4282181224783
cloister,draco,9,9,14.0,KISS-ICP,0.7528145092066774,0.4461263565589764,0.26400300007756483,0.6063835083967105,0.03327887083504342,3.7146218250042073,1579.4756328533163
cloister,draco,6,6,14.0,KISS-ICP,0.7528145092066774,0.4461263565589764,0.26400300007756483,0.6063835083967105,0.03327887083504342,3.7146218250042073,1579.4756328533163
cloister,draco,9,6,14.0,KISS-ICP,0.7528145092066774,0.4461263565589764,0.26400300007756483,0.6063835083967105,0.03327887083504342,3.7146218250042073,1579.4756328533163
cloister,draco,6,3,20.0,KISS-ICP,0.4048594766237875,0.3225252286412458,0.2510549533365425,0.2447216228738264,0.017511407244117982,1.363618227430478,456.8205027282869
cloister,draco,0,0,14.0,KISS-ICP,0.5737498494529707,0.41794720530943574,0.3156947388192408,0.3930763581307566,0.024199166811442338,2.499965045020971,917.4494357257431
cloister,draco,3,6,20.0,KISS-ICP,0.4048594766237875,0.3225252286412458,0.2510549533365425,0.2447216228738264,0.017511407244117982,1.363618227430478,456.8205027282869
cloister,draco,3,6,18.0,KISS-ICP,0.44842675118038383,0.34358227348918996,0.26792877031116713,0.28816275352340964,0.024255112726873456,2.293411505137291,560.4282181224783
cloister,draco,3,3,20.0,KISS-ICP,0.8256993066602115,0.42354465847886696,0.19420054627512726,0.7087942348052599,0.006550573738997963,4.168455738369072,1900.1190345683822
cloister,draco,3,9,16.0,KISS-ICP,0.4705303194873901,0.3211308166049809,0.2257852129936973,0.3439095523295675,0.015603493858190305,2.0497745095861335,617.0384041990953
cloister,draco,3,9,14.0,KISS-ICP,0.7528145092066774,0.4461263565589764,0.26400300007756483,0.6063835083967105,0.03327887083504342,3.7146218250042073,1579.4756328533163
cloister,draco,3,0,12.0,KISS-ICP,1.0224125244626612,0.6463548381741476,0.41682248595255217,0.7921822980520223,0.03824160839800957,5.003691820297325,2913.327380686397
cloister,draco,0,0,16.0,KISS-ICP,0.8135904607076072,0.6310441254785074,0.4903422317082733,0.5135296967590897,0.03652276667141639,3.367242131683581,1844.797343021559
cloister,draco,3,3,18.0,KISS-ICP,0.8457363467015867,0.44895731318800397,0.28201167559829715,0.7167337714013169,0.019924671796226794,5.205939622378161,1993.4574011842924
cloister,draco,9,6,12.0,KISS-ICP,0.4012405295508752,0.3269628841300914,0.25984558562358867,0.23257092457054737,0.021816959010516626,1.3681244822759149,448.6901736387415
cloister,draco,9,9,20.0,KISS-ICP,0.4048594766237875,0.3225252286412458,0.2510549533365425,0.2447216228738264,0.017511407244117982,1.363618227430478,456.8205027282869
cloister,draco,9,6,16.0,KISS-ICP,0.4705303194873901,0.3211308166049809,0.2257852129936973,0.3439095523295675,0.015603493858190305,2.0497745095861335,617.0384041990953
cloister,draco,0,6,20.0,KISS-ICP,0.4048594766237875,0.3225252286412458,0.2510549533365425,0.2447216228738264,0.017511407244117982,1.363618227430478,456.8205027282869
cloister,draco,9,6,20.0,KISS-ICP,0.4048594766237875,0.3225252286412458,0.2510549533365425,0.2447216228738264,0.017511407244117982,1.363618227430478,456.8205027282869
cloister,draco,9,3,12.0,KISS-ICP,0.4012405295508752,0.3269628841300914,0.25984558562358867,0.23257092457054737,0.021816959010516626,1.3681244822759149,448.6901736387415
cloister,draco,0,0,20.0,KISS-ICP,0.8256993066602115,0.42354465847886696,0.19420054627512726,0.7087942348052599,0.006550573738997963,4.168455738369072,1900.1190345683822
cloister,draco,0,9,18.0,KISS-ICP,0.44842675118038383,0.34358227348918996,0.26792877031116713,0.28816275352340964,0.024255112726873456,2.293411505137291,560.4282181224783
cloister,draco,0,6,12.0,KISS-ICP,0.4012405295508752,0.3269628841300914,0.25984558562358867,0.23257092457054737,0.021816959010516626,1.3681244822759149,448.6901736387415
cloister,draco,6,6,20.0,KISS-ICP,0.4048594766237875,0.3225252286412458,0.2510549533365425,0.2447216228738264,0.017511407244117982,1.363618227430478,456.8205027282869
cloister,draco,0,0,18.0,KISS-ICP,0.8457363467015867,0.44895731318800397,0.28201167559829715,0.7167337714013169,0.019924671796226794,5.205939622378161,1993.4574011842924
cloister,draco,3,6,14.0,KISS-ICP,0.7528145092066774,0.4461263565589764,0.26400300007756483,0.6063835083967105,0.03327887083504342,3.7146218250042073,1579.4756328533163
cloister,draco,3,9,20.0,KISS-ICP,0.4048594766237875,0.3225252286412458,0.2510549533365425,0.2447216228738264,0.017511407244117982,1.363618227430478,456.8205027282869
cloister,draco,6,9,20.0,KISS-ICP,0.4048594766237875,0.3225252286412458,0.2510549533365425,0.2447216228738264,0.017511407244117982,1.363618227430478,456.8205027282869
cloister,draco,9,3,14.0,KISS-ICP,0.7528145092066774,0.4461263565589764,0.26400300007756483,0.6063835083967105,0.03327887083504342,3.7146218250042073,1579.4756328533163
cloister,draco,3,0,14.0,KISS-ICP,0.5737498494529707,0.41794720530943574,0.3156947388192408,0.3930763581307566,0.024199166811442338,2.499965045020971,917.4494357257431
cloister,draco,9,0,16.0,KISS-ICP,0.4705303194873901,0.3211308166049809,0.2257852129936973,0.3439095523295675,0.015603493858190305,2.0497745095861335,617.0384041990953
cloister,draco,0,3,18.0,KISS-ICP,0.8457363467015867,0.44895731318800397,0.28201167559829715,0.7167337714013169,0.019924671796226794,5.205939622378161,1993.4574011842924
cloister,cloudini,,,0.6,KISS-ICP,21.901415197979826,20.427996395520168,19.613415932295176,7.897401530814846,2.4529819998421942,38.95597927741062,1336845.8296482787
cloister,cloudini,,,0.4,KISS-ICP,17.56231710209894,13.167119906828576,10.187946656658717,11.621615006266369,0.7084687280425938,54.9871493364891,859608.2948191648
cloister,cloudini,,,0.2,KISS-ICP,0.5614869978811088,0.34542907376628984,0.19894281674313344,0.44265833753189754,0.007073156985318096,2.6706978053143677,878.6509371764486
cloister,cloudini,,,0.1,KISS-ICP,0.6337885983934528,0.43824928347338166,0.307482390462932,0.45784883202712784,0.030496966503526516,3.1724483149684803,1119.5044210330088
cloister,cloudini,,,0.3,KISS-ICP,0.42403491663733783,0.3315376675282425,0.2537401686661561,0.26436411544982164,0.01471746808600492,2.1137566466888185,501.11823654051614
cloister,cloudini,,,0.8,KISS-ICP,23.443219529599748,21.94287595829366,20.467275171490435,8.251953501562237,4.753535007008513,36.64734268517581,1531692.118311551
quad_easy,draco,6,6,12.0,KISS-ICP,0.11822092766206982,0.10630338861723207,0.098324184321807,0.05172791611667805,0.00433463532657724,0.3715370007067869,27.78466122171333
quad_easy,draco,6,9,12.0,KISS-ICP,0.11822092766206982,0.10630338861723207,0.098324184321807,0.05172791611667805,0.00433463532657724,0.3715370007067869,27.78466122171333
quad_easy,draco,10,10,9.0,KISS-ICP,0.12134528735253235,0.10897437904325238,0.10013979360867381,0.05337849262396047,0.008439132161615941,0.4076999485304699,29.27266138018527
quad_easy,draco,9,3,18.0,KISS-ICP,0.11823407087113175,0.10682153915420503,0.09958352389087428,0.05067991996329953,0.00372828068897298,0.3391380396170714,27.79083948334249
quad_easy,draco,6,0,20.0,KISS-ICP,0.11703012899282118,0.10546827572982644,0.0983207443915424,0.050719758542935416,0.008088836668236794,0.35436468736892424,27.227749571047813
quad_easy,draco,6,3,16.0,KISS-ICP,0.11867074756684048,0.10660637098860344,0.09785672522786636,0.0521327919136605,0.007718174609591743,0.3561827541403588,27.99649970020868
quad_easy,draco,6,6,16.0,KISS-ICP,0.11867074756684048,0.10660637098860344,0.09785672522786636,0.0521327919136605,0.007718174609591743,0.3561827541403588,27.99649970020868
quad_easy,draco,3,6,16.0,KISS-ICP,0.11867074756684048,0.10660637098860344,0.09785672522786636,0.0521327919136605,0.007718174609591743,0.3561827541403588,27.99649970020868
quad_easy,draco,6,3,12.0,KISS-ICP,0.11822092766206982,0.10630338861723207,0.098324184321807,0.05172791611667805,0.00433463532657724,0.3715370007067869,27.78466122171333
quad_easy,draco,6,9,14.0,KISS-ICP,0.11795888811704364,0.10596908878907121,0.09835344540736458,0.05181555275226886,0.004204412135797634,0.35161059377516074,27.661626980188725
quad_easy,draco,9,3,20.0,KISS-ICP,0.11703012899282118,0.10546827572982644,0.0983207443915424,0.050719758542935416,0.008088836668236794,0.35436468736892424,27.227749571047813
quad_easy,draco,0,9,12.0,KISS-ICP,0.11822092766206982,0.10630338861723207,0.098324184321807,0.05172791611667805,0.00433463532657724,0.3715370007067869,27.78466122171333
quad_easy,draco,0,3,14.0,KISS-ICP,0.11953142333889835,0.10715982046323497,0.09997401788788934,0.052957851577553505,0.009496203701896272,0.36938104852270415,28.404069196860792
quad_easy,draco,6,0,14.0,KISS-ICP,0.11795888811704364,0.10596908878907121,0.09835344540736458,0.05181555275226886,0.004204412135797634,0.35161059377516074,27.661626980188725
quad_easy,draco,6,3,14.0,KISS-ICP,0.11795888811704364,0.10596908878907121,0.09835344540736458,0.05181555275226886,0.004204412135797634,0.35161059377516074,27.661626980188725
quad_easy,draco,6,9,16.0,KISS-ICP,0.11867074756684048,0.10660637098860344,0.09785672522786636,0.0521327919136605,0.007718174609591743,0.3561827541403588,27.99649970020868
quad_easy,draco,3,9,12.0,KISS-ICP,0.11822092766206982,0.10630338861723207,0.098324184321807,0.05172791611667805,0.00433463532657724,0.3715370007067869,27.78466122171333
quad_easy,draco,0,9,16.0,KISS-ICP,0.11867074756684048,0.10660637098860344,0.09785672522786636,0.0521327919136605,0.007718174609591743,0.3561827541403588,27.99649970020868
quad_easy,draco,3,3,12.0,KISS-ICP,0.11915000221781039,0.10677436926767299,0.09851334116626671,0.05287681056942475,0.00550381479954183,0.3690532524900364,28.22308538066639
quad_easy,draco,9,9,16.0,KISS-ICP,0.11867074756684048,0.10660637098860344,0.09785672522786636,0.0521327919136605,0.007718174609591743,0.3561827541403588,27.99649970020868
quad_easy,draco,0,6,14.0,KISS-ICP,0.11795888811704364,0.10596908878907121,0.09835344540736458,0.05181555275226886,0.004204412135797634,0.35161059377516074,27.661626980188725
quad_easy,draco,3,6,12.0,KISS-ICP,0.11822092766206982,0.10630338861723207,0.098324184321807,0.05172791611667805,0.00433463532657724,0.3715370007067869,27.78466122171333
quad_easy,draco,10,10,6.0,KISS-ICP,1.6435787962460187,1.340522832869484,1.0938303861954748,0.9509730774449324,0.06700249150083377,7.487106417575847,5370.286303825389
quad_easy,draco,0,6,18.0,KISS-ICP,0.11823407087113175,0.10682153915420503,0.09958352389087428,0.05067991996329953,0.00372828068897298,0.3391380396170714,27.79083948334249
quad_easy,draco,0,9,14.0,KISS-ICP,0.11795888811704364,0.10596908878907121,0.09835344540736458,0.05181555275226886,0.004204412135797634,0.35161059377516074,27.661626980188725
quad_easy,draco,9,3,16.0,KISS-ICP,0.11867074756684048,0.10660637098860344,0.09785672522786636,0.0521327919136605,0.007718174609591743,0.3561827541403588,27.99649970020868
quad_easy,draco,6,0,16.0,KISS-ICP,0.11867074756684048,0.10660637098860344,0.09785672522786636,0.0521327919136605,0.007718174609591743,0.3561827541403588,27.99649970020868
quad_easy,draco,3,3,14.0,KISS-ICP,0.11953142333889835,0.10715982046323497,0.09997401788788934,0.052957851577553505,0.009496203701896272,0.36938104852270415,28.404069196860792
quad_easy,draco,6,0,12.0,KISS-ICP,0.11822092766206982,0.10630338861723207,0.098324184321807,0.05172791611667805,0.00433463532657724,0.3715370007067869,27.78466122171333
quad_easy,draco,0,6,16.0,KISS-ICP,0.11867074756684048,0.10660637098860344,0.09785672522786636,0.0521327919136605,0.007718174609591743,0.3561827541403588,27.99649970020868
quad_easy,draco,0,0,12.0,KISS-ICP,0.11915000221781039,0.10677436926767299,0.09851334116626671,0.05287681056942475,0.00550381479954183,0.3690532524900364,28.22308538066639
quad_easy,draco,6,3,18.0,KISS-ICP,0.11823407087113175,0.10682153915420503,0.09958352389087428,0.05067991996329953,0.00372828068897298,0.3391380396170714,27.79083948334249
quad_easy,draco,9,9,12.0,KISS-ICP,0.11822092766206982,0.10630338861723207,0.098324184321807,0.05172791611667805,0.00433463532657724,0.3715370007067869,27.78466122171333
quad_easy,draco,0,9,20.0,KISS-ICP,0.11703012899282118,0.10546827572982644,0.0983207443915424,0.050719758542935416,0.008088836668236794,0.35436468736892424,27.227749571047813
quad_easy,draco,10,10,8.0,KISS-ICP,0.13863206402846232,0.12416042260621168,0.11528374538037156,0.061668781689268065,0.009354680208424322,0.45040976028524465,38.20707216346186
quad_easy,draco,10,10,10.0,KISS-ICP,0.11916710997506967,0.10715032436238639,0.09810770815319211,0.0521498618295939,0.008284465555788201,0.37160647947399383,28.231190598422973
quad_easy,draco,6,6,18.0,KISS-ICP,0.11823407087113175,0.10682153915420503,0.09958352389087428,0.05067991996329953,0.00372828068897298,0.3391380396170714,27.79083948334249
quad_easy,draco,6,0,18.0,KISS-ICP,0.11823407087113175,0.10682153915420503,0.09958352389087428,0.05067991996329953,0.00372828068897298,0.3391380396170714,27.79083948334249
quad_easy,draco,10,10,7.0,KISS-ICP,0.49449134298312963,0.43123177243548144,0.38504897243758324,0.24199348488629252,0.026830853876296648,1.5011853868719733,486.1091163110952
quad_easy,draco,0,3,12.0,KISS-ICP,0.11915000221781039,0.10677436926767299,0.09851334116626671,0.05287681056942475,0.00550381479954183,0.3690532524900364,28.22308538066639
quad_easy,draco,9,0,20.0,KISS-ICP,0.11703012899282118,0.10546827572982644,0.0983207443915424,0.050719758542935416,0.008088836668236794,0.35436468736892424,27.227749571047813
quad_easy,draco,3,3,16.0,KISS-ICP,0.11850886401287318,0.1063061190290827,0.09846781100899737,0.05237709333855949,0.005349459424258673,0.36505433663075293,27.92016948904788
quad_easy,draco,9,0,12.0,KISS-ICP,0.11822092766206982,0.10630338861723207,0.098324184321807,0.05172791611667805,0.00433463532657724,0.3715370007067869,27.78466122171333
quad_easy,draco,9,0,18.0,KISS-ICP,0.11823407087113175,0.10682153915420503,0.09958352389087428,0.05067991996329953,0.00372828068897298,0.3391380396170714,27.79083948334249
quad_easy,draco,9,0,14.0,KISS-ICP,0.11795888811704364,0.10596908878907121,0.09835344540736458,0.05181555275226886,0.004204412135797634,0.35161059377516074,27.661626980188725
quad_easy,draco,3,0,16.0,KISS-ICP,0.11850886401287318,0.1063061190290827,0.09846781100899737,0.05237709333855949,0.005349459424258673,0.36505433663075293,27.92016948904788
quad_easy,draco,9,9,18.0,KISS-ICP,0.11823407087113175,0.10682153915420503,0.09958352389087428,0.05067991996329953,0.00372828068897298,0.3391380396170714,27.79083948334249
quad_easy,draco,0,3,20.0,KISS-ICP,0.11836075858200254,0.10636406396430967,0.0981803619741431,0.05192258727281732,0.006697327204758025,0.37409102414045436,27.850427114148893
quad_easy,draco,3,0,18.0,KISS-ICP,0.11836499357947759,0.10645393452814259,0.09872801036665263,0.05174776834364653,0.005091665779780281,0.3749090389969467,27.852420149678707
quad_easy,draco,10,10,11.0,KISS-ICP,0.1180097032957402,0.10606581705507652,0.09831329502984501,0.051733282559563894,0.0071387463142770285,0.33661158642302796,27.68546466303389
quad_easy,draco,3,9,18.0,KISS-ICP,0.11823407087113175,0.10682153915420503,0.09958352389087428,0.05067991996329953,0.00372828068897298,0.3391380396170714,27.79083948334249
quad_easy,draco,3,0,20.0,KISS-ICP,0.11836075858200254,0.10636406396430967,0.0981803619741431,0.05192258727281732,0.006697327204758025,0.37409102414045436,27.850427114148893
quad_easy,draco,6,9,18.0,KISS-ICP,0.11823407087113175,0.10682153915420503,0.09958352389087428,0.05067991996329953,0.00372828068897298,0.3391380396170714,27.79083948334249
quad_easy,draco,0,3,16.0,KISS-ICP,0.11850886401287318,0.1063061190290827,0.09846781100899737,0.05237709333855949,0.005349459424258673,0.36505433663075293,27.92016948904788
quad_easy,draco,9,6,18.0,KISS-ICP,0.11823407087113175,0.10682153915420503,0.09958352389087428,0.05067991996329953,0.00372828068897298,0.3391380396170714,27.79083948334249
quad_easy,draco,9,9,14.0,KISS-ICP,0.11795888811704364,0.10596908878907121,0.09835344540736458,0.05181555275226886,0.004204412135797634,0.35161059377516074,27.661626980188725
quad_easy,draco,6,6,14.0,KISS-ICP,0.11795888811704364,0.10596908878907121,0.09835344540736458,0.05181555275226886,0.004204412135797634,0.35161059377516074,27.661626980188725
quad_easy,draco,9,6,14.0,KISS-ICP,0.11795888811704364,0.10596908878907121,0.09835344540736458,0.05181555275226886,0.004204412135797634,0.35161059377516074,27.661626980188725
quad_easy,draco,6,3,20.0,KISS-ICP,0.11703012899282118,0.10546827572982644,0.0983207443915424,0.050719758542935416,0.008088836668236794,0.35436468736892424,27.227749571047813
quad_easy,draco,0,0,14.0,KISS-ICP,0.11953142333889835,0.10715982046323497,0.09997401788788934,0.052957851577553505,0.009496203701896272,0.36938104852270415,28.404069196860792
quad_easy,draco,3,6,20.0,KISS-ICP,0.11703012899282118,0.10546827572982644,0.0983207443915424,0.050719758542935416,0.008088836668236794,0.35436468736892424,27.227749571047813
quad_easy,draco,3,6,18.0,KISS-ICP,0.11823407087113175,0.10682153915420503,0.09958352389087428,0.05067991996329953,0.00372828068897298,0.3391380396170714,27.79083948334249
quad_easy,draco,3,3,20.0,KISS-ICP,0.11836075858200254,0.10636406396430967,0.0981803619741431,0.05192258727281732,0.006697327204758025,0.37409102414045436,27.850427114148893
quad_easy,draco,3,9,16.0,KISS-ICP,0.11867074756684048,0.10660637098860344,0.09785672522786636,0.0521327919136605,0.007718174609591743,0.3561827541403588,27.99649970020868
quad_easy,draco,3,9,14.0,KISS-ICP,0.11795888811704364,0.10596908878907121,0.09835344540736458,0.05181555275226886,0.004204412135797634,0.35161059377516074,27.661626980188725
quad_easy,draco,3,0,12.0,KISS-ICP,0.11915000221781039,0.10677436926767299,0.09851334116626671,0.05287681056942475,0.00550381479954183,0.3690532524900364,28.22308538066639
quad_easy,draco,0,0,16.0,KISS-ICP,0.11850886401287318,0.1063061190290827,0.09846781100899737,0.05237709333855949,0.005349459424258673,0.36505433663075293,27.92016948904788
quad_easy,draco,3,3,18.0,KISS-ICP,0.11836499357947759,0.10645393452814259,0.09872801036665263,0.05174776834364653,0.005091665779780281,0.3749090389969467,27.852420149678707
quad_easy,draco,9,6,12.0,KISS-ICP,0.11822092766206982,0.10630338861723207,0.098324184321807,0.05172791611667805,0.00433463532657724,0.3715370007067869,27.78466122171333
quad_easy,draco,9,9,20.0,KISS-ICP,0.11703012899282118,0.10546827572982644,0.0983207443915424,0.050719758542935416,0.008088836668236794,0.35436468736892424,27.227749571047813
quad_easy,draco,9,6,16.0,KISS-ICP,0.11867074756684048,0.10660637098860344,0.09785672522786636,0.0521327919136605,0.007718174609591743,0.3561827541403588,27.99649970020868
quad_easy,draco,0,6,20.0,KISS-ICP,0.11703012899282118,0.10546827572982644,0.0983207443915424,0.050719758542935416,0.008088836668236794,0.35436468736892424,27.227749571047813
quad_easy,draco,9,6,20.0,KISS-ICP,0.11703012899282118,0.10546827572982644,0.0983207443915424,0.050719758542935416,0.008088836668236794,0.35436468736892424,27.227749571047813
quad_easy,draco,9,3,12.0,KISS-ICP,0.11822092766206982,0.10630338861723207,0.098324184321807,0.05172791611667805,0.00433463532657724,0.3715370007067869,27.78466122171333
quad_easy,draco,0,0,20.0,KISS-ICP,0.11836075858200254,0.10636406396430967,0.0981803619741431,0.05192258727281732,0.006697327204758025,0.37409102414045436,27.850427114148893
quad_easy,draco,0,9,18.0,KISS-ICP,0.11823407087113175,0.10682153915420503,0.09958352389087428,0.05067991996329953,0.00372828068897298,0.3391380396170714,27.79083948334249
quad_easy,draco,0,6,12.0,KISS-ICP,0.11822092766206982,0.10630338861723207,0.098324184321807,0.05172791611667805,0.00433463532657724,0.3715370007067869,27.78466122171333
quad_easy,draco,6,6,20.0,KISS-ICP,0.11703012899282118,0.10546827572982644,0.0983207443915424,0.050719758542935416,0.008088836668236794,0.35436468736892424,27.227749571047813
quad_easy,draco,0,0,18.0,KISS-ICP,0.11836499357947759,0.10645393452814259,0.09872801036665263,0.05174776834364653,0.005091665779780281,0.3749090389969467,27.852420149678707
quad_easy,draco,3,6,14.0,KISS-ICP,0.11795888811704364,0.10596908878907121,0.09835344540736458,0.05181555275226886,0.004204412135797634,0.35161059377516074,27.661626980188725
quad_easy,draco,3,9,20.0,KISS-ICP,0.11703012899282118,0.10546827572982644,0.0983207443915424,0.050719758542935416,0.008088836668236794,0.35436468736892424,27.227749571047813
quad_easy,draco,6,9,20.0,KISS-ICP,0.11703012899282118,0.10546827572982644,0.0983207443915424,0.050719758542935416,0.008088836668236794,0.35436468736892424,27.227749571047813
quad_easy,draco,9,3,14.0,KISS-ICP,0.11795888811704364,0.10596908878907121,0.09835344540736458,0.05181555275226886,0.004204412135797634,0.35161059377516074,27.661626980188725
quad_easy,draco,3,0,14.0,KISS-ICP,0.11953142333889835,0.10715982046323497,0.09997401788788934,0.052957851577553505,0.009496203701896272,0.36938104852270415,28.404069196860792
quad_easy,draco,9,0,16.0,KISS-ICP,0.11867074756684048,0.10660637098860344,0.09785672522786636,0.0521327919136605,0.007718174609591743,0.3561827541403588,27.99649970020868
quad_easy,draco,0,3,18.0,KISS-ICP,0.11836499357947759,0.10645393452814259,0.09872801036665263,0.05174776834364653,0.005091665779780281,0.3749090389969467,27.852420149678707
quad_easy,cloudini,,,0.6,KISS-ICP,18.587829808531506,18.074273282732754,19.045968127304167,4.3391315135664215,9.724685762709846,25.626778678211505,490275.02471013303
quad_easy,cloudini,,,0.4,KISS-ICP,0.5606815623640885,0.4778826495815643,0.4231093841806859,0.2932439046322004,0.013538133961764039,2.0371447032611942,448.2827992988002
quad_easy,cloudini,,,0.2,KISS-ICP,0.11764329371746789,0.1043532579317015,0.09321329234373907,0.05431705179530826,0.0062649528236682,0.331365102183567,8.331646623130041
quad_easy,cloudini,,,0.1,KISS-ICP,0.11718822392470976,0.10487085082686178,0.09595981373545166,0.052298991132506766,0.011929424327364527,0.35392601755218694,18.388593887854782
quad_easy,cloudini,,,0.3,KISS-ICP,0.1550651607223644,0.14154043415911116,0.1362426147142359,0.06333647896672992,0.007993443451339807,0.3917206506954373,35.03386232977539
quad_easy,cloudini,,,0.8,KISS-ICP,18.553585546335775,18.035113964344067,18.971352047589374,4.355479413144027,9.71403906520467,25.45956542354102,484339.400031656
maths_institute,draco,6,6,12.0,KISS-ICP,0.11013143396693058,0.09985932359057254,0.09408922353461253,0.046444033412761584,0.005472006812854512,0.3027871695291803,26.198494734842765
maths_institute,draco,6,9,12.0,KISS-ICP,0.11013143396693058,0.09985932359057254,0.09408922353461253,0.046444033412761584,0.005472006812854512,0.3027871695291803,26.198494734842765
maths_institute,draco,10,10,9.0,KISS-ICP,0.1179206961509136,0.10559986914343966,0.09776999766468805,0.05247816896200279,0.007388392878603577,0.37006688364590073,30.03542765434676
maths_institute,draco,9,3,18.0,KISS-ICP,0.10948333089792311,0.09874258813322791,0.0916558868205622,0.04729165923559717,0.004838613386799179,0.3071303459796347,25.89105544812891
maths_institute,draco,6,0,20.0,KISS-ICP,0.10972529512302223,0.09919559078826226,0.0933633050672806,0.046902826759183155,0.007860513725298196,0.3144672252914838,26.005623242042148
maths_institute,draco,6,3,16.0,KISS-ICP,0.10717160454501953,0.09619685348529644,0.08824379364045648,0.04724318152159587,0.00824708836242568,0.3146222687229943,24.80922609282875
maths_institute,draco,6,6,16.0,KISS-ICP,0.10717160454501953,0.09619685348529644,0.08824379364045648,0.04724318152159587,0.00824708836242568,0.3146222687229943,24.80922609282875
maths_institute,draco,3,6,16.0,KISS-ICP,0.10717160454501953,0.09619685348529644,0.08824379364045648,0.04724318152159587,0.00824708836242568,0.3146222687229943,24.80922609282875
maths_institute,draco,6,3,12.0,KISS-ICP,0.11013143396693058,0.09985932359057254,0.09408922353461253,0.046444033412761584,0.005472006812854512,0.3027871695291803,26.198494734842765
maths_institute,draco,6,9,14.0,KISS-ICP,0.10690258522488902,0.09644463489860437,0.08969896434460638,0.046115020622781534,0.0031129159228480917,0.29623572000962894,24.684831491971664
maths_institute,draco,9,3,20.0,KISS-ICP,0.10972529512302223,0.09919559078826226,0.0933633050672806,0.046902826759183155,0.007860513725298196,0.3144672252914838,26.005623242042148
maths_institute,draco,0,9,12.0,KISS-ICP,0.11013143396693058,0.09985932359057254,0.09408922353461253,0.046444033412761584,0.005472006812854512,0.3027871695291803,26.198494734842765
maths_institute,draco,0,3,14.0,KISS-ICP,0.11448363683250647,0.10426501614860058,0.09786570267509505,0.047279059951835845,0.006812849753445516,0.3048955562198026,28.310046701178017
maths_institute,draco,6,0,14.0,KISS-ICP,0.10690258522488902,0.09644463489860437,0.08969896434460638,0.046115020622781534,0.0031129159228480917,0.29623572000962894,24.684831491971664
maths_institute,draco,6,3,14.0,KISS-ICP,0.10690258522488902,0.09644463489860437,0.08969896434460638,0.046115020622781534,0.0031129159228480917,0.29623572000962894,24.684831491971664
maths_institute,draco,6,9,16.0,KISS-ICP,0.10717160454501953,0.09619685348529644,0.08824379364045648,0.04724318152159587,0.00824708836242568,0.3146222687229943,24.80922609282875
maths_institute,draco,3,9,12.0,KISS-ICP,0.11013143396693058,0.09985932359057254,0.09408922353461253,0.046444033412761584,0.005472006812854512,0.3027871695291803,26.198494734842765
maths_institute,draco,0,9,16.0,KISS-ICP,0.10717160454501953,0.09619685348529644,0.08824379364045648,0.04724318152159587,0.00824708836242568,0.3146222687229943,24.80922609282875
maths_institute,draco,3,3,12.0,KISS-ICP,0.11489290600413506,0.1043759153282418,0.09734935711090481,0.0480213301509518,0.008158136770355838,0.3113430444360977,28.51282047616203
maths_institute,draco,9,9,16.0,KISS-ICP,0.10717160454501953,0.09619685348529644,0.08824379364045648,0.04724318152159587,0.00824708836242568,0.3146222687229943,24.80922609282875
maths_institute,draco,0,6,14.0,KISS-ICP,0.10690258522488902,0.09644463489860437,0.08969896434460638,0.046115020622781534,0.0031129159228480917,0.29623572000962894,24.684831491971664
maths_institute,draco,3,6,12.0,KISS-ICP,0.11013143396693058,0.09985932359057254,0.09408922353461253,0.046444033412761584,0.005472006812854512,0.3027871695291803,26.198494734842765
maths_institute,draco,10,10,6.0,KISS-ICP,0.8047362775580411,0.6334621428482867,0.46286800544924833,0.4963125930258362,0.016600996757401745,3.7557601919299524,1398.817029062821
maths_institute,draco,0,6,18.0,KISS-ICP,0.10948333089792311,0.09874258813322791,0.0916558868205622,0.04729165923559717,0.004838613386799179,0.3071303459796347,25.89105544812891
maths_institute,draco,0,9,14.0,KISS-ICP,0.10690258522488902,0.09644463489860437,0.08969896434460638,0.046115020622781534,0.0031129159228480917,0.29623572000962894,24.684831491971664
maths_institute,draco,9,3,16.0,KISS-ICP,0.10717160454501953,0.09619685348529644,0.08824379364045648,0.04724318152159587,0.00824708836242568,0.3146222687229943,24.80922609282875
maths_institute,draco,6,0,16.0,KISS-ICP,0.10717160454501953,0.09619685348529644,0.08824379364045648,0.04724318152159587,0.00824708836242568,0.3146222687229943,24.80922609282875
maths_institute,draco,3,3,14.0,KISS-ICP,0.11448363683250647,0.10426501614860058,0.09786570267509505,0.047279059951835845,0.006812849753445516,0.3048955562198026,28.310046701178017
maths_institute,draco,6,0,12.0,KISS-ICP,0.11013143396693058,0.09985932359057254,0.09408922353461253,0.046444033412761584,0.005472006812854512,0.3027871695291803,26.198494734842765
maths_institute,draco,0,6,16.0,KISS-ICP,0.10717160454501953,0.09619685348529644,0.08824379364045648,0.04724318152159587,0.00824708836242568,0.3146222687229943,24.80922609282875
maths_institute,draco,0,0,12.0,KISS-ICP,0.11489290600413506,0.1043759153282418,0.09734935711090481,0.0480213301509518,0.008158136770355838,0.3113430444360977,28.51282047616203
maths_institute,draco,6,3,18.0,KISS-ICP,0.10948333089792311,0.09874258813322791,0.0916558868205622,0.04729165923559717,0.004838613386799179,0.3071303459796347,25.89105544812891
maths_institute,draco,9,9,12.0,KISS-ICP,0.11013143396693058,0.09985932359057254,0.09408922353461253,0.046444033412761584,0.005472006812854512,0.3027871695291803,26.198494734842765
maths_institute,draco,0,9,20.0,KISS-ICP,0.10972529512302223,0.09919559078826226,0.0933633050672806,0.046902826759183155,0.007860513725298196,0.3144672252914838,26.005623242042148
maths_institute,draco,10,10,8.0,KISS-ICP,0.1328632868124217,0.11878488690694264,0.11041524381342391,0.059521455166222884,0.007819192815810278,0.4177237128565235,38.129730442415635
maths_institute,draco,10,10,10.0,KISS-ICP,0.1143834628462178,0.10275928694273317,0.0958600112369287,0.05024047690570936,0.004944854529098553,0.31468475732561857,28.260525397014906
maths_institute,draco,6,6,18.0,KISS-ICP,0.10948333089792311,0.09874258813322791,0.0916558868205622,0.04729165923559717,0.004838613386799179,0.3071303459796347,25.89105544812891
maths_institute,draco,6,0,18.0,KISS-ICP,0.10948333089792311,0.09874258813322791,0.0916558868205622,0.04729165923559717,0.004838613386799179,0.3071303459796347,25.89105544812891
maths_institute,draco,10,10,7.0,KISS-ICP,0.19670359506738563,0.17745113397326942,0.16571955612207123,0.08487284232329435,0.014006361105696896,0.679381893616314,83.57537731485746
maths_institute,draco,0,3,12.0,KISS-ICP,0.11489290600413506,0.1043759153282418,0.09734935711090481,0.0480213301509518,0.008158136770355838,0.3113430444360977,28.51282047616203
maths_institute,draco,9,0,20.0,KISS-ICP,0.10972529512302223,0.09919559078826226,0.0933633050672806,0.046902826759183155,0.007860513725298196,0.3144672252914838,26.005623242042148
maths_institute,draco,3,3,16.0,KISS-ICP,0.1176394732017869,0.1074785208278624,0.1014323594201419,0.04782690890961579,0.0035230116778221902,0.3246814218674927,29.892338615218907
maths_institute,draco,9,0,12.0,KISS-ICP,0.11013143396693058,0.09985932359057254,0.09408922353461253,0.046444033412761584,0.005472006812854512,0.3027871695291803,26.198494734842765
maths_institute,draco,9,0,18.0,KISS-ICP,0.10948333089792311,0.09874258813322791,0.0916558868205622,0.04729165923559717,0.004838613386799179,0.3071303459796347,25.89105544812891
maths_institute,draco,9,0,14.0,KISS-ICP,0.10690258522488902,0.09644463489860437,0.08969896434460638,0.046115020622781534,0.0031129159228480917,0.29623572000962894,24.684831491971664
maths_institute,draco,3,0,16.0,KISS-ICP,0.1176394732017869,0.1074785208278624,0.1014323594201419,0.04782690890961579,0.0035230116778221902,0.3246814218674927,29.892338615218907
maths_institute,draco,9,9,18.0,KISS-ICP,0.10948333089792311,0.09874258813322791,0.0916558868205622,0.04729165923559717,0.004838613386799179,0.3071303459796347,25.89105544812891
maths_institute,draco,0,3,20.0,KISS-ICP,0.11343156699238004,0.10276390380984232,0.09663509987977284,0.048023957189180906,0.00523561846075444,0.3099288368658591,27.792116043149093
maths_institute,draco,3,0,18.0,KISS-ICP,0.116929957185686,0.10691379205881996,0.10155495982328142,0.04735035327270287,0.01017774131454642,0.3140909750808141,29.53284815688414
maths_institute,draco,10,10,11.0,KISS-ICP,0.11307817997739274,0.10162576428038995,0.09484393140851394,0.04958708321152031,0.0076720590322943505,0.34229690079078506,27.61921753991919
maths_institute,draco,3,9,18.0,KISS-ICP,0.10948333089792311,0.09874258813322791,0.0916558868205622,0.04729165923559717,0.004838613386799179,0.3071303459796347,25.89105544812891
maths_institute,draco,3,0,20.0,KISS-ICP,0.11343156699238004,0.10276390380984232,0.09663509987977284,0.048023957189180906,0.00523561846075444,0.3099288368658591,27.792116043149093
maths_institute,draco,6,9,18.0,KISS-ICP,0.10948333089792311,0.09874258813322791,0.0916558868205622,0.04729165923559717,0.004838613386799179,0.3071303459796347,25.89105544812891
maths_institute,draco,0,3,16.0,KISS-ICP,0.1176394732017869,0.1074785208278624,0.1014323594201419,0.04782690890961579,0.0035230116778221902,0.3246814218674927,29.892338615218907
maths_institute,draco,9,6,18.0,KISS-ICP,0.10948333089792311,0.09874258813322791,0.0916558868205622,0.04729165923559717,0.004838613386799179,0.3071303459796347,25.89105544812891
maths_institute,draco,9,9,14.0,KISS-ICP,0.10690258522488902,0.09644463489860437,0.08969896434460638,0.046115020622781534,0.0031129159228480917,0.29623572000962894,24.684831491971664
maths_institute,draco,6,6,14.0,KISS-ICP,0.10690258522488902,0.09644463489860437,0.08969896434460638,0.046115020622781534,0.0031129159228480917,0.29623572000962894,24.684831491971664
maths_institute,draco,9,6,14.0,KISS-ICP,0.10690258522488902,0.09644463489860437,0.08969896434460638,0.046115020622781534,0.0031129159228480917,0.29623572000962894,24.684831491971664
maths_institute,draco,6,3,20.0,KISS-ICP,0.10972529512302223,0.09919559078826226,0.0933633050672806,0.046902826759183155,0.007860513725298196,0.3144672252914838,26.005623242042148
maths_institute,draco,0,0,14.0,KISS-ICP,0.11448363683250647,0.10426501614860058,0.09786570267509505,0.047279059951835845,0.006812849753445516,0.3048955562198026,28.310046701178017
maths_institute,draco,3,6,20.0,KISS-ICP,0.10972529512302223,0.09919559078826226,0.0933633050672806,0.046902826759183155,0.007860513725298196,0.3144672252914838,26.005623242042148
maths_institute,draco,3,6,18.0,KISS-ICP,0.10948333089792311,0.09874258813322791,0.0916558868205622,0.04729165923559717,0.004838613386799179,0.3071303459796347,25.89105544812891
maths_institute,draco,3,3,20.0,KISS-ICP,0.11343156699238004,0.10276390380984232,0.09663509987977284,0.048023957189180906,0.00523561846075444,0.3099288368658591,27.792116043149093
maths_institute,draco,3,9,16.0,KISS-ICP,0.10717160454501953,0.09619685348529644,0.08824379364045648,0.04724318152159587,0.00824708836242568,0.3146222687229943,24.80922609282875
maths_institute,draco,3,9,14.0,KISS-ICP,0.10690258522488902,0.09644463489860437,0.08969896434460638,0.046115020622781534,0.0031129159228480917,0.29623572000962894,24.684831491971664
maths_institute,draco,3,0,12.0,KISS-ICP,0.11489290600413506,0.1043759153282418,0.09734935711090481,0.0480213301509518,0.008158136770355838,0.3113430444360977,28.51282047616203
maths_institute,draco,0,0,16.0,KISS-ICP,0.1176394732017869,0.1074785208278624,0.1014323594201419,0.04782690890961579,0.0035230116778221902,0.3246814218674927,29.892338615218907
maths_institute,draco,3,3,18.0,KISS-ICP,0.116929957185686,0.10691379205881996,0.10155495982328142,0.04735035327270287,0.01017774131454642,0.3140909750808141,29.53284815688414
maths_institute,draco,9,6,12.0,KISS-ICP,0.11013143396693058,0.09985932359057254,0.09408922353461253,0.046444033412761584,0.005472006812854512,0.3027871695291803,26.198494734842765
maths_institute,draco,9,9,20.0,KISS-ICP,0.10972529512302223,0.09919559078826226,0.0933633050672806,0.046902826759183155,0.007860513725298196,0.3144672252914838,26.005623242042148
maths_institute,draco,9,6,16.0,KISS-ICP,0.10717160454501953,0.09619685348529644,0.08824379364045648,0.04724318152159587,0.00824708836242568,0.3146222687229943,24.80922609282875
maths_institute,draco,0,6,20.0,KISS-ICP,0.10972529512302223,0.09919559078826226,0.0933633050672806,0.046902826759183155,0.007860513725298196,0.3144672252914838,26.005623242042148
maths_institute,draco,9,6,20.0,KISS-ICP,0.10972529512302223,0.09919559078826226,0.0933633050672806,0.046902826759183155,0.007860513725298196,0.3144672252914838,26.005623242042148
maths_institute,draco,9,3,12.0,KISS-ICP,0.11013143396693058,0.09985932359057254,0.09408922353461253,0.046444033412761584,0.005472006812854512,0.3027871695291803,26.198494734842765
maths_institute,draco,0,0,20.0,KISS-ICP,0.11343156699238004,0.10276390380984232,0.09663509987977284,0.048023957189180906,0.00523561846075444,0.3099288368658591,27.792116043149093
maths_institute,draco,0,9,18.0,KISS-ICP,0.10948333089792311,0.09874258813322791,0.0916558868205622,0.04729165923559717,0.004838613386799179,0.3071303459796347,25.89105544812891
maths_institute,draco,0,6,12.0,KISS-ICP,0.11013143396693058,0.09985932359057254,0.09408922353461253,0.046444033412761584,0.005472006812854512,0.3027871695291803,26.198494734842765
maths_institute,draco,6,6,20.0,KISS-ICP,0.10972529512302223,0.09919559078826226,0.0933633050672806,0.046902826759183155,0.007860513725298196,0.3144672252914838,26.005623242042148
maths_institute,draco,0,0,18.0,KISS-ICP,0.116929957185686,0.10691379205881996,0.10155495982328142,0.04735035327270287,0.01017774131454642,0.3140909750808141,29.53284815688414
maths_institute,draco,3,6,14.0,KISS-ICP,0.10690258522488902,0.09644463489860437,0.08969896434460638,0.046115020622781534,0.0031129159228480917,0.29623572000962894,24.684831491971664
maths_institute,draco,3,9,20.0,KISS-ICP,0.10972529512302223,0.09919559078826226,0.0933633050672806,0.046902826759183155,0.007860513725298196,0.3144672252914838,26.005623242042148
maths_institute,draco,6,9,20.0,KISS-ICP,0.10972529512302223,0.09919559078826226,0.0933633050672806,0.046902826759183155,0.007860513725298196,0.3144672252914838,26.005623242042148
maths_institute,draco,9,3,14.0,KISS-ICP,0.10690258522488902,0.09644463489860437,0.08969896434460638,0.046115020622781534,0.0031129159228480917,0.29623572000962894,24.684831491971664
maths_institute,draco,3,0,14.0,KISS-ICP,0.11448363683250647,0.10426501614860058,0.09786570267509505,0.047279059951835845,0.006812849753445516,0.3048955562198026,28.310046701178017
maths_institute,draco,9,0,16.0,KISS-ICP,0.10717160454501953,0.09619685348529644,0.08824379364045648,0.04724318152159587,0.00824708836242568,0.3146222687229943,24.80922609282875
maths_institute,draco,0,3,18.0,KISS-ICP,0.116929957185686,0.10691379205881996,0.10155495982328142,0.04735035327270287,0.01017774131454642,0.3140909750808141,29.53284815688414
maths_institute,cloudini,,,0.6,KISS-ICP,26.326024615460103,24.60009870813909,26.675075378394318,9.375218162988247,6.512236094625965,38.12017660498302,1497008.6756362324
maths_institute,cloudini,,,0.4,KISS-ICP,0.16995655374252966,0.1521993410965946,0.1392807175529877,0.07563458686209516,0.01419217366690137,0.5943674995856499,62.39209714568072
maths_institute,cloudini,,,0.2,KISS-ICP,0.15359914309809175,0.13830612298342201,0.12719272256357678,0.06681401878170937,0.003544226063343889,0.4218433858188934,50.96022500261102
maths_institute,cloudini,,,0.1,KISS-ICP,0.14270885890512158,0.12947839170718156,0.12048890427668607,0.06000970330641167,0.009857647256695109,0.3830669892532891,43.9901677656041
maths_institute,cloudini,,,0.3,KISS-ICP,0.14324000656384311,0.13096531274189444,0.12512898486966656,0.058015397428851576,0.007695480415937708,0.38367741966759017,44.31823087768521
maths_institute,cloudini,,,0.8,KISS-ICP,26.32662751282381,24.600516357818314,26.675426421114302,9.375815224698336,6.512846982580166,38.12087278219639,1497077.2429897785
park,draco,6,6,12.0,KISS-ICP,71.3053874076436,49.058890238828845,27.654594914201788,51.74633863268668,5.088989483740585,262.0174056937223,79795488.14201985
park,draco,6,9,12.0,KISS-ICP,71.3053874076436,49.058890238828845,27.654594914201788,51.74633863268668,5.088989483740585,262.0174056937223,79795488.14201985
park,draco,10,10,9.0,KISS-ICP,65.31913815678784,52.46292448440697,38.613333273983194,38.91312585862191,14.449115872461658,171.44490854902415,66959860.47100766
park,draco,9,3,18.0,KISS-ICP,54.396869479604725,41.17412472160385,25.075932775133683,35.54871112418793,2.3499637558941227,179.14215287942704,46438850.607689
park,draco,6,0,20.0,KISS-ICP,65.85217747348165,47.886586375089,28.059117512665274,45.20380651383314,3.807680005971427,184.62472312332338,68057176.6089151
park,draco,6,3,16.0,KISS-ICP,54.06206209828884,40.28218083265675,25.924044986539286,36.056240315434714,11.962881562815497,178.26387876492737,45868956.72626214
park,draco,6,6,16.0,KISS-ICP,54.06206209828884,40.28218083265675,25.924044986539286,36.056240315434714,11.962881562815497,178.26387876492737,45868956.72626214
park,draco,3,6,16.0,KISS-ICP,54.06206209828884,40.28218083265675,25.924044986539286,36.056240315434714,11.962881562815497,178.26387876492737,45868956.72626214
park,draco,6,3,12.0,KISS-ICP,71.3053874076436,49.058890238828845,27.654594914201788,51.74633863268668,5.088989483740585,262.0174056937223,79795488.14201985
park,draco,6,9,14.0,KISS-ICP,40.870839241362695,28.57326332169823,19.01234107364796,29.22317784639801,2.1106524381861274,156.43463139395865,26215657.80160325
park,draco,9,3,20.0,KISS-ICP,65.85217747348165,47.886586375089,28.059117512665274,45.20380651383314,3.807680005971427,184.62472312332338,68057176.6089151
park,draco,0,9,12.0,KISS-ICP,71.3053874076436,49.058890238828845,27.654594914201788,51.74633863268668,5.088989483740585,262.0174056937223,79795488.14201985
park,draco,0,3,14.0,KISS-ICP,47.42517458169907,36.74304647972445,23.982041944569744,29.98492487056527,11.00908910116902,147.54250911142998,35298115.90733814
park,draco,6,0,14.0,KISS-ICP,40.870839241362695,28.57326332169823,19.01234107364796,29.22317784639801,2.1106524381861274,156.43463139395865,26215657.80160325
park,draco,6,3,14.0,KISS-ICP,40.870839241362695,28.57326332169823,19.01234107364796,29.22317784639801,2.1106524381861274,156.43463139395865,26215657.80160325
park,draco,6,9,16.0,KISS-ICP,54.06206209828884,40.28218083265675,25.924044986539286,36.056240315434714,11.962881562815497,178.26387876492737,45868956.72626214
park,draco,3,9,12.0,KISS-ICP,71.3053874076436,49.058890238828845,27.654594914201788,51.74633863268668,5.088989483740585,262.0174056937223,79795488.14201985
park,draco,0,9,16.0,KISS-ICP,54.06206209828884,40.28218083265675,25.924044986539286,36.056240315434714,11.962881562815497,178.26387876492737,45868956.72626214
park,draco,3,3,12.0,KISS-ICP,78.14275504903918,53.99736319716136,33.322570461241355,56.485174465588585,1.8825306499811612,286.4657880734261,95832117.87547004
park,draco,9,9,16.0,KISS-ICP,54.06206209828884,40.28218083265675,25.924044986539286,36.056240315434714,11.962881562815497,178.26387876492737,45868956.72626214
park,draco,0,6,14.0,KISS-ICP,40.870839241362695,28.57326332169823,19.01234107364796,29.22317784639801,2.1106524381861274,156.43463139395865,26215657.80160325
park,draco,3,6,12.0,KISS-ICP,71.3053874076436,49.058890238828845,27.654594914201788,51.74633863268668,5.088989483740585,262.0174056937223,79795488.14201985
park,draco,10,10,6.0,KISS-ICP,78.09771814887465,71.24634709098568,65.92001239508329,31.98767897569095,2.4251982183096006,171.27816340026894,95721685.68547836
park,draco,0,6,18.0,KISS-ICP,54.396869479604725,41.17412472160385,25.075932775133683,35.54871112418793,2.3499637558941227,179.14215287942704,46438850.607689
park,draco,0,9,14.0,KISS-ICP,40.870839241362695,28.57326332169823,19.01234107364796,29.22317784639801,2.1106524381861274,156.43463139395865,26215657.80160325
park,draco,9,3,16.0,KISS-ICP,54.06206209828884,40.28218083265675,25.924044986539286,36.056240315434714,11.962881562815497,178.26387876492737,45868956.72626214
park,draco,6,0,16.0,KISS-ICP,54.06206209828884,40.28218083265675,25.924044986539286,36.056240315434714,11.962881562815497,178.26387876492737,45868956.72626214
park,draco,3,3,14.0,KISS-ICP,47.42517458169907,36.74304647972445,23.982041944569744,29.98492487056527,11.00908910116902,147.54250911142998,35298115.90733814
park,draco,6,0,12.0,KISS-ICP,71.3053874076436,49.058890238828845,27.654594914201788,51.74633863268668,5.088989483740585,262.0174056937223,79795488.14201985
park,draco,0,6,16.0,KISS-ICP,54.06206209828884,40.28218083265675,25.924044986539286,36.056240315434714,11.962881562815497,178.26387876492737,45868956.72626214
park,draco,0,0,12.0,KISS-ICP,78.14275504903918,53.99736319716136,33.322570461241355,56.485174465588585,1.8825306499811612,286.4657880734261,95832117.87547004
park,draco,6,3,18.0,KISS-ICP,54.396869479604725,41.17412472160385,25.075932775133683,35.54871112418793,2.3499637558941227,179.14215287942704,46438850.607689
park,draco,9,9,12.0,KISS-ICP,71.3053874076436,49.058890238828845,27.654594914201788,51.74633863268668,5.088989483740585,262.0174056937223,79795488.14201985
park,draco,0,9,20.0,KISS-ICP,65.85217747348165,47.886586375089,28.059117512665274,45.20380651383314,3.807680005971427,184.62472312332338,68057176.6089151
park,draco,10,10,8.0,KISS-ICP,53.28244394304866,35.184648312345864,18.400588520534466,40.013239754869396,4.136920535350821,230.85432776680548,44555561.55794747
park,draco,10,10,10.0,KISS-ICP,62.90409625197013,43.70147896982788,26.17163833179803,45.244956195434796,2.744851530394569,296.00319955212035,62099986.05489916
park,draco,6,6,18.0,KISS-ICP,54.396869479604725,41.17412472160385,25.075932775133683,35.54871112418793,2.3499637558941227,179.14215287942704,46438850.607689
park,draco,6,0,18.0,KISS-ICP,54.396869479604725,41.17412472160385,25.075932775133683,35.54871112418793,2.3499637558941227,179.14215287942704,46438850.607689
park,draco,10,10,7.0,KISS-ICP,28.873022756116722,22.3294834651997,16.183064318796134,18.30425117978354,2.0861627306520947,107.5754989269345,13083325.747622723
park,draco,0,3,12.0,KISS-ICP,78.14275504903918,53.99736319716136,33.322570461241355,56.485174465588585,1.8825306499811612,286.4657880734261,95832117.87547004
park,draco,9,0,20.0,KISS-ICP,65.85217747348165,47.886586375089,28.059117512665274,45.20380651383314,3.807680005971427,184.62472312332338,68057176.6089151
park,draco,3,3,16.0,KISS-ICP,47.63540281250472,33.84507479100897,18.021675912613148,33.520777340339116,2.1911166551039996,181.70401616167513,35611751.34781379
park,draco,9,0,12.0,KISS-ICP,71.3053874076436,49.058890238828845,27.654594914201788,51.74633863268668,5.088989483740585,262.0174056937223,79795488.14201985
park,draco,9,0,18.0,KISS-ICP,54.396869479604725,41.17412472160385,25.075932775133683,35.54871112418793,2.3499637558941227,179.14215287942704,46438850.607689
park,draco,9,0,14.0,KISS-ICP,40.870839241362695,28.57326332169823,19.01234107364796,29.22317784639801,2.1106524381861274,156.43463139395865,26215657.80160325
park,draco,3,0,16.0,KISS-ICP,47.63540281250472,33.84507479100897,18.021675912613148,33.520777340339116,2.1911166551039996,181.70401616167513,35611751.34781379
park,draco,9,9,18.0,KISS-ICP,54.396869479604725,41.17412472160385,25.075932775133683,35.54871112418793,2.3499637558941227,179.14215287942704,46438850.607689
park,draco,0,3,20.0,KISS-ICP,69.565922882963,43.748057069916236,18.686407752655953,54.08812373493563,0.466542762938149,281.4294903480361,75949820.23120682
park,draco,3,0,18.0,KISS-ICP,53.31217106754421,35.67083765973893,19.99200748258251,39.62043569406637,4.698853219581357,228.01296672263265,44605291.94227743
park,draco,10,10,11.0,KISS-ICP,79.03988799604913,64.50055844121493,42.472801604711336,45.683496529922145,10.311801300898184,202.9598502457335,98045187.31915289
park,draco,3,9,18.0,KISS-ICP,54.396869479604725,41.17412472160385,25.075932775133683,35.54871112418793,2.3499637558941227,179.14215287942704,46438850.607689
park,draco,3,0,20.0,KISS-ICP,69.565922882963,43.748057069916236,18.686407752655953,54.08812373493563,0.466542762938149,281.4294903480361,75949820.23120682
park,draco,6,9,18.0,KISS-ICP,54.396869479604725,41.17412472160385,25.075932775133683,35.54871112418793,2.3499637558941227,179.14215287942704,46438850.607689
park,draco,0,3,16.0,KISS-ICP,47.63540281250472,33.84507479100897,18.021675912613148,33.520777340339116,2.1911166551039996,181.70401616167513,35611751.34781379
park,draco,9,6,18.0,KISS-ICP,54.396869479604725,41.17412472160385,25.075932775133683,35.54871112418793,2.3499637558941227,179.14215287942704,46438850.607689
park,draco,9,9,14.0,KISS-ICP,40.870839241362695,28.57326332169823,19.01234107364796,29.22317784639801,2.1106524381861274,156.43463139395865,26215657.80160325
park,draco,6,6,14.0,KISS-ICP,40.870839241362695,28.57326332169823,19.01234107364796,29.22317784639801,2.1106524381861274,156.43463139395865,26215657.80160325
park,draco,9,6,14.0,KISS-ICP,40.870839241362695,28.57326332169823,19.01234107364796,29.22317784639801,2.1106524381861274,156.43463139395865,26215657.80160325
park,draco,6,3,20.0,KISS-ICP,65.85217747348165,47.886586375089,28.059117512665274,45.20380651383314,3.807680005971427,184.62472312332338,68057176.6089151
park,draco,0,0,14.0,KISS-ICP,47.42517458169907,36.74304647972445,23.982041944569744,29.98492487056527,11.00908910116902,147.54250911142998,35298115.90733814
park,draco,3,6,20.0,KISS-ICP,65.85217747348165,47.886586375089,28.059117512665274,45.20380651383314,3.807680005971427,184.62472312332338,68057176.6089151
park,draco,3,6,18.0,KISS-ICP,54.396869479604725,41.17412472160385,25.075932775133683,35.54871112418793,2.3499637558941227,179.14215287942704,46438850.607689
park,draco,3,3,20.0,KISS-ICP,69.565922882963,43.748057069916236,18.686407752655953,54.08812373493563,0.466542762938149,281.4294903480361,75949820.23120682
park,draco,3,9,16.0,KISS-ICP,54.06206209828884,40.28218083265675,25.924044986539286,36.056240315434714,11.962881562815497,178.26387876492737,45868956.72626214
park,draco,3,9,14.0,KISS-ICP,40.870839241362695,28.57326332169823,19.01234107364796,29.22317784639801,2.1106524381861274,156.43463139395865,26215657.80160325
park,draco,3,0,12.0,KISS-ICP,78.14275504903918,53.99736319716136,33.322570461241355,56.485174465588585,1.8825306499811612,286.4657880734261,95832117.87547004
park,draco,0,0,16.0,KISS-ICP,47.63540281250472,33.84507479100897,18.021675912613148,33.520777340339116,2.1911166551039996,181.70401616167513,35611751.34781379
park,draco,3,3,18.0,KISS-ICP,53.31217106754421,35.67083765973893,19.99200748258251,39.62043569406637,4.698853219581357,228.01296672263265,44605291.94227743
park,draco,9,6,12.0,KISS-ICP,71.3053874076436,49.058890238828845,27.654594914201788,51.74633863268668,5.088989483740585,262.0174056937223,79795488.14201985
park,draco,9,9,20.0,KISS-ICP,65.85217747348165,47.886586375089,28.059117512665274,45.20380651383314,3.807680005971427,184.62472312332338,68057176.6089151
park,draco,9,6,16.0,KISS-ICP,54.06206209828884,40.28218083265675,25.924044986539286,36.056240315434714,11.962881562815497,178.26387876492737,45868956.72626214
park,draco,0,6,20.0,KISS-ICP,65.85217747348165,47.886586375089,28.059117512665274,45.20380651383314,3.807680005971427,184.62472312332338,68057176.6089151
park,draco,9,6,20.0,KISS-ICP,65.85217747348165,47.886586375089,28.059117512665274,45.20380651383314,3.807680005971427,184.62472312332338,68057176.6089151
park,draco,9,3,12.0,KISS-ICP,71.3053874076436,49.058890238828845,27.654594914201788,51.74633863268668,5.088989483740585,262.0174056937223,79795488.14201985
park,draco,0,0,20.0,KISS-ICP,69.565922882963,43.748057069916236,18.686407752655953,54.08812373493563,0.466542762938149,281.4294903480361,75949820.23120682
park,draco,0,9,18.0,KISS-ICP,54.396869479604725,41.17412472160385,25.075932775133683,35.54871112418793,2.3499637558941227,179.14215287942704,46438850.607689
park,draco,0,6,12.0,KISS-ICP,71.3053874076436,49.058890238828845,27.654594914201788,51.74633863268668,5.088989483740585,262.0174056937223,79795488.14201985
park,draco,6,6,20.0,KISS-ICP,65.85217747348165,47.886586375089,28.059117512665274,45.20380651383314,3.807680005971427,184.62472312332338,68057176.6089151
park,draco,0,0,18.0,KISS-ICP,53.31217106754421,35.67083765973893,19.99200748258251,39.62043569406637,4.698853219581357,228.01296672263265,44605291.94227743
park,draco,3,6,14.0,KISS-ICP,40.870839241362695,28.57326332169823,19.01234107364796,29.22317784639801,2.1106524381861274,156.43463139395865,26215657.80160325
park,draco,3,9,20.0,KISS-ICP,65.85217747348165,47.886586375089,28.059117512665274,45.20380651383314,3.807680005971427,184.62472312332338,68057176.6089151
park,draco,6,9,20.0,KISS-ICP,65.85217747348165,47.886586375089,28.059117512665274,45.20380651383314,3.807680005971427,184.62472312332338,68057176.6089151
park,draco,9,3,14.0,KISS-ICP,40.870839241362695,28.57326332169823,19.01234107364796,29.22317784639801,2.1106524381861274,156.43463139395865,26215657.80160325
park,draco,3,0,14.0,KISS-ICP,47.42517458169907,36.74304647972445,23.982041944569744,29.98492487056527,11.00908910116902,147.54250911142998,35298115.90733814
park,draco,9,0,16.0,KISS-ICP,54.06206209828884,40.28218083265675,25.924044986539286,36.056240315434714,11.962881562815497,178.26387876492737,45868956.72626214
park,draco,0,3,18.0,KISS-ICP,53.31217106754421,35.67083765973893,19.99200748258251,39.62043569406637,4.698853219581357,228.01296672263265,44605291.94227743
park,cloudini,,,0.6,KISS-ICP,75.38834733650472,66.90243421056992,70.87342937088401,34.748628905754586,1.8487242690903956,122.9905636111721,89195325.33434805
park,cloudini,,,0.4,KISS-ICP,68.59724692791005,43.01447124125385,21.273444639938056,53.43535861135404,1.775746516636332,269.5986832104058,73849408.39787549
park,cloudini,,,0.2,KISS-ICP,29.66839065437774,25.23268325978926,17.865075037952323,15.605290754481922,5.984287049184998,65.96620428775582,13814069.162701938
park,cloudini,,,0.1,KISS-ICP,50.61215706385855,38.30818004731988,23.198064125061542,33.076786181834684,10.352436173342348,172.01951881169046,40201600.40705404
park,cloudini,,,0.3,KISS-ICP,57.17978860408625,38.42320148993429,13.156514344400605,42.34602474934221,8.232990660768834,187.78553240166974,51311975.96013662
park,cloudini,,,0.8,KISS-ICP,75.39024362299298,66.90454554205364,70.87379041531652,34.74867795104586,1.8399163758275672,122.99905115619319,89199812.55348626
stairs,draco,6,6,12.0,KISS-ICP,3.640234784327144,3.358945345011514,3.351422227103974,1.4031377174927522,0.6215400152038293,8.366934246614383,15769.058049180094
stairs,draco,6,9,12.0,KISS-ICP,3.640234784327144,3.358945345011514,3.351422227103974,1.4031377174927522,0.6215400152038293,8.366934246614383,15769.058049180094
stairs,draco,10,10,9.0,KISS-ICP,6.101898805687214,5.762203581714649,5.977845094574693,2.0075305521266475,0.6945745527842494,9.877223481668855,44307.471151467995
stairs,draco,9,3,18.0,KISS-ICP,3.333909999041799,2.9390452984522812,2.5773322379275028,1.5738388149224258,0.5418142012081807,7.078793598618204,13226.797499235954
stairs,draco,6,0,20.0,KISS-ICP,4.496412796160298,3.9348378917931632,3.7591972892507575,2.1759546867485104,0.25014634018119253,13.604779106602756,24059.09635983414
stairs,draco,6,3,16.0,KISS-ICP,3.10419723890945,2.846317720631648,2.872570756989317,1.2387557996923022,0.41001056520572443,8.55986450542668,11466.888192683135
stairs,draco,6,6,16.0,KISS-ICP,3.10419723890945,2.846317720631648,2.872570756989317,1.2387557996923022,0.41001056520572443,8.55986450542668,11466.888192683135
stairs,draco,3,6,16.0,KISS-ICP,3.10419723890945,2.846317720631648,2.872570756989317,1.2387557996923022,0.41001056520572443,8.55986450542668,11466.888192683135
stairs,draco,6,3,12.0,KISS-ICP,3.640234784327144,3.358945345011514,3.351422227103974,1.4031377174927522,0.6215400152038293,8.366934246614383,15769.058049180094
stairs,draco,6,9,14.0,KISS-ICP,2.630646107004617,2.292482598089217,1.9638590591613827,1.2902799997506975,0.08429526876638939,7.008598360231336,8235.155738955273
stairs,draco,9,3,20.0,KISS-ICP,4.496412796160298,3.9348378917931632,3.7591972892507575,2.1759546867485104,0.25014634018119253,13.604779106602756,24059.09635983414
stairs,draco,0,9,12.0,KISS-ICP,3.640234784327144,3.358945345011514,3.351422227103974,1.4031377174927522,0.6215400152038293,8.366934246614383,15769.058049180094
stairs,draco,0,3,14.0,KISS-ICP,4.070427453309384,3.7892521065341485,3.6171022375681234,1.4865894274416345,1.1287817796213888,7.916324802031909,19716.371786659118
stairs,draco,6,0,14.0,KISS-ICP,2.630646107004617,2.292482598089217,1.9638590591613827,1.2902799997506975,0.08429526876638939,7.008598360231336,8235.155738955273
stairs,draco,6,3,14.0,KISS-ICP,2.630646107004617,2.292482598089217,1.9638590591613827,1.2902799997506975,0.08429526876638939,7.008598360231336,8235.155738955273
stairs,draco,6,9,16.0,KISS-ICP,3.10419723890945,2.846317720631648,2.872570756989317,1.2387557996923022,0.41001056520572443,8.55986450542668,11466.888192683135
stairs,draco,3,9,12.0,KISS-ICP,3.640234784327144,3.358945345011514,3.351422227103974,1.4031377174927522,0.6215400152038293,8.366934246614383,15769.058049180094
stairs,draco,0,9,16.0,KISS-ICP,3.10419723890945,2.846317720631648,2.872570756989317,1.2387557996923022,0.41001056520572443,8.55986450542668,11466.888192683135
stairs,draco,3,3,12.0,KISS-ICP,4.392624338986913,3.685065706971247,3.1655094063937463,2.39069850018038,0.10553998454288033,13.692306262432876,22961.226814317655
stairs,draco,9,9,16.0,KISS-ICP,3.10419723890945,2.846317720631648,2.872570756989317,1.2387557996923022,0.41001056520572443,8.55986450542668,11466.888192683135
stairs,draco,0,6,14.0,KISS-ICP,2.630646107004617,2.292482598089217,1.9638590591613827,1.2902799997506975,0.08429526876638939,7.008598360231336,8235.155738955273
stairs,draco,3,6,12.0,KISS-ICP,3.640234784327144,3.358945345011514,3.351422227103974,1.4031377174927522,0.6215400152038293,8.366934246614383,15769.058049180094
stairs,draco,10,10,6.0,KISS-ICP,4.020712928559709,3.721214631626959,3.5932640079377896,1.5227258844758065,0.5661579255800844,7.872145040841645,19237.697620125757
stairs,draco,0,6,18.0,KISS-ICP,3.333909999041799,2.9390452984522812,2.5773322379275028,1.5738388149224258,0.5418142012081807,7.078793598618204,13226.797499235954
stairs,draco,0,9,14.0,KISS-ICP,2.630646107004617,2.292482598089217,1.9638590591613827,1.2902799997506975,0.08429526876638939,7.008598360231336,8235.155738955273
stairs,draco,9,3,16.0,KISS-ICP,3.10419723890945,2.846317720631648,2.872570756989317,1.2387557996923022,0.41001056520572443,8.55986450542668,11466.888192683135
stairs,draco,6,0,16.0,KISS-ICP,3.10419723890945,2.846317720631648,2.872570756989317,1.2387557996923022,0.41001056520572443,8.55986450542668,11466.888192683135
stairs,draco,3,3,14.0,KISS-ICP,4.070427453309384,3.7892521065341485,3.6171022375681234,1.4865894274416345,1.1287817796213888,7.916324802031909,19716.371786659118
stairs,draco,6,0,12.0,KISS-ICP,3.640234784327144,3.358945345011514,3.351422227103974,1.4031377174927522,0.6215400152038293,8.366934246614383,15769.058049180094
stairs,draco,0,6,16.0,KISS-ICP,3.10419723890945,2.846317720631648,2.872570756989317,1.2387557996923022,0.41001056520572443,8.55986450542668,11466.888192683135
stairs,draco,0,0,12.0,KISS-ICP,4.392624338986913,3.685065706971247,3.1655094063937463,2.39069850018038,0.10553998454288033,13.692306262432876,22961.226814317655
stairs,draco,6,3,18.0,KISS-ICP,3.333909999041799,2.9390452984522812,2.5773322379275028,1.5738388149224258,0.5418142012081807,7.078793598618204,13226.797499235954
stairs,draco,9,9,12.0,KISS-ICP,3.640234784327144,3.358945345011514,3.351422227103974,1.4031377174927522,0.6215400152038293,8.366934246614383,15769.058049180094
stairs,draco,0,9,20.0,KISS-ICP,4.496412796160298,3.9348378917931632,3.7591972892507575,2.1759546867485104,0.25014634018119253,13.604779106602756,24059.09635983414
stairs,draco,10,10,8.0,KISS-ICP,3.354304066549898,3.0155583683413765,3.226189648836841,1.468932775180497,0.18279894292242174,9.573838287899537,13389.113367339087
stairs,draco,10,10,10.0,KISS-ICP,4.572267174058772,4.030823398622649,3.8349366691515074,2.1582608368989,0.5807625685178351,14.222396703834415,24877.69626206071
stairs,draco,6,6,18.0,KISS-ICP,3.333909999041799,2.9390452984522812,2.5773322379275028,1.5738388149224258,0.5418142012081807,7.078793598618204,13226.797499235954
stairs,draco,6,0,18.0,KISS-ICP,3.333909999041799,2.9390452984522812,2.5773322379275028,1.5738388149224258,0.5418142012081807,7.078793598618204,13226.797499235954
stairs,draco,10,10,7.0,KISS-ICP,5.445912789160391,4.877643722890299,4.836055374202161,2.422097813815452,0.5662692297938687,15.922868082588053,35292.97966749745
stairs,draco,0,3,12.0,KISS-ICP,4.392624338986913,3.685065706971247,3.1655094063937463,2.39069850018038,0.10553998454288033,13.692306262432876,22961.226814317655
stairs,draco,9,0,20.0,KISS-ICP,4.496412796160298,3.9348378917931632,3.7591972892507575,2.1759546867485104,0.25014634018119253,13.604779106602756,24059.09635983414
stairs,draco,3,3,16.0,KISS-ICP,5.363353243826124,4.432992146542497,4.270237103635553,3.0189631741299454,0.9009701599179123,17.516975486782417,34231.014041491646
stairs,draco,9,0,12.0,KISS-ICP,3.640234784327144,3.358945345011514,3.351422227103974,1.4031377174927522,0.6215400152038293,8.366934246614383,15769.058049180094
stairs,draco,9,0,18.0,KISS-ICP,3.333909999041799,2.9390452984522812,2.5773322379275028,1.5738388149224258,0.5418142012081807,7.078793598618204,13226.797499235954
stairs,draco,9,0,14.0,KISS-ICP,2.630646107004617,2.292482598089217,1.9638590591613827,1.2902799997506975,0.08429526876638939,7.008598360231336,8235.155738955273
stairs,draco,3,0,16.0,KISS-ICP,5.363353243826124,4.432992146542497,4.270237103635553,3.0189631741299454,0.9009701599179123,17.516975486782417,34231.014041491646
stairs,draco,9,9,18.0,KISS-ICP,3.333909999041799,2.9390452984522812,2.5773322379275028,1.5738388149224258,0.5418142012081807,7.078793598618204,13226.797499235954
stairs,draco,0,3,20.0,KISS-ICP,3.3679716587744144,3.0985285939855567,3.0023106123601924,1.3199824417626052,0.46062735825173295,7.695653400617715,13498.44738222614
stairs,draco,3,0,18.0,KISS-ICP,3.7454216473551196,3.545471783874808,3.282957271999704,1.20739933171421,1.0361396625604808,8.394017840550944,16693.538146606843
stairs,draco,10,10,11.0,KISS-ICP,4.161487532637194,3.777222042718174,3.4293746571912,1.7465887106868498,0.47171295978010064,9.097632685895496,20608.394396310814
stairs,draco,3,9,18.0,KISS-ICP,3.333909999041799,2.9390452984522812,2.5773322379275028,1.5738388149224258,0.5418142012081807,7.078793598618204,13226.797499235954
stairs,draco,3,0,20.0,KISS-ICP,3.3679716587744144,3.0985285939855567,3.0023106123601924,1.3199824417626052,0.46062735825173295,7.695653400617715,13498.44738222614
stairs,draco,6,9,18.0,KISS-ICP,3.333909999041799,2.9390452984522812,2.5773322379275028,1.5738388149224258,0.5418142012081807,7.078793598618204,13226.797499235954
stairs,draco,0,3,16.0,KISS-ICP,5.363353243826124,4.432992146542497,4.270237103635553,3.0189631741299454,0.9009701599179123,17.516975486782417,34231.014041491646
stairs,draco,9,6,18.0,KISS-ICP,3.333909999041799,2.9390452984522812,2.5773322379275028,1.5738388149224258,0.5418142012081807,7.078793598618204,13226.797499235954
stairs,draco,9,9,14.0,KISS-ICP,2.630646107004617,2.292482598089217,1.9638590591613827,1.2902799997506975,0.08429526876638939,7.008598360231336,8235.155738955273
stairs,draco,6,6,14.0,KISS-ICP,2.630646107004617,2.292482598089217,1.9638590591613827,1.2902799997506975,0.08429526876638939,7.008598360231336,8235.155738955273
stairs,draco,9,6,14.0,KISS-ICP,2.630646107004617,2.292482598089217,1.9638590591613827,1.2902799997506975,0.08429526876638939,7.008598360231336,8235.155738955273
stairs,draco,6,3,20.0,KISS-ICP,4.496412796160298,3.9348378917931632,3.7591972892507575,2.1759546867485104,0.25014634018119253,13.604779106602756,24059.09635983414
stairs,draco,0,0,14.0,KISS-ICP,4.070427453309384,3.7892521065341485,3.6171022375681234,1.4865894274416345,1.1287817796213888,7.916324802031909,19716.371786659118
stairs,draco,3,6,20.0,KISS-ICP,4.496412796160298,3.9348378917931632,3.7591972892507575,2.1759546867485104,0.25014634018119253,13.604779106602756,24059.09635983414
stairs,draco,3,6,18.0,KISS-ICP,3.333909999041799,2.9390452984522812,2.5773322379275028,1.5738388149224258,0.5418142012081807,7.078793598618204,13226.797499235954
stairs,draco,3,3,20.0,KISS-ICP,3.3679716587744144,3.0985285939855567,3.0023106123601924,1.3199824417626052,0.46062735825173295,7.695653400617715,13498.44738222614
stairs,draco,3,9,16.0,KISS-ICP,3.10419723890945,2.846317720631648,2.872570756989317,1.2387557996923022,0.41001056520572443,8.55986450542668,11466.888192683135
stairs,draco,3,9,14.0,KISS-ICP,2.630646107004617,2.292482598089217,1.9638590591613827,1.2902799997506975,0.08429526876638939,7.008598360231336,8235.155738955273
stairs,draco,3,0,12.0,KISS-ICP,4.392624338986913,3.685065706971247,3.1655094063937463,2.39069850018038,0.10553998454288033,13.692306262432876,22961.226814317655
stairs,draco,0,0,16.0,KISS-ICP,5.363353243826124,4.432992146542497,4.270237103635553,3.0189631741299454,0.9009701599179123,17.516975486782417,34231.014041491646
stairs,draco,3,3,18.0,KISS-ICP,3.7454216473551196,3.545471783874808,3.282957271999704,1.20739933171421,1.0361396625604808,8.394017840550944,16693.538146606843
stairs,draco,9,6,12.0,KISS-ICP,3.640234784327144,3.358945345011514,3.351422227103974,1.4031377174927522,0.6215400152038293,8.366934246614383,15769.058049180094
stairs,draco,9,9,20.0,KISS-ICP,4.496412796160298,3.9348378917931632,3.7591972892507575,2.1759546867485104,0.25014634018119253,13.604779106602756,24059.09635983414
stairs,draco,9,6,16.0,KISS-ICP,3.10419723890945,2.846317720631648,2.872570756989317,1.2387557996923022,0.41001056520572443,8.55986450542668,11466.888192683135
stairs,draco,0,6,20.0,KISS-ICP,4.496412796160298,3.9348378917931632,3.7591972892507575,2.1759546867485104,0.25014634018119253,13.604779106602756,24059.09635983414
stairs,draco,9,6,20.0,KISS-ICP,4.496412796160298,3.9348378917931632,3.7591972892507575,2.1759546867485104,0.25014634018119253,13.604779106602756,24059.09635983414
stairs,draco,9,3,12.0,KISS-ICP,3.640234784327144,3.358945345011514,3.351422227103974,1.4031377174927522,0.6215400152038293,8.366934246614383,15769.058049180094
stairs,draco,0,0,20.0,KISS-ICP,3.3679716587744144,3.0985285939855567,3.0023106123601924,1.3199824417626052,0.46062735825173295,7.695653400617715,13498.44738222614
stairs,draco,0,9,18.0,KISS-ICP,3.333909999041799,2.9390452984522812,2.5773322379275028,1.5738388149224258,0.5418142012081807,7.078793598618204,13226.797499235954
stairs,draco,0,6,12.0,KISS-ICP,3.640234784327144,3.358945345011514,3.351422227103974,1.4031377174927522,0.6215400152038293,8.366934246614383,15769.058049180094
stairs,draco,6,6,20.0,KISS-ICP,4.496412796160298,3.9348378917931632,3.7591972892507575,2.1759546867485104,0.25014634018119253,13.604779106602756,24059.09635983414
stairs,draco,0,0,18.0,KISS-ICP,3.7454216473551196,3.545471783874808,3.282957271999704,1.20739933171421,1.0361396625604808,8.394017840550944,16693.538146606843
stairs,draco,3,6,14.0,KISS-ICP,2.630646107004617,2.292482598089217,1.9638590591613827,1.2902799997506975,0.08429526876638939,7.008598360231336,8235.155738955273
stairs,draco,3,9,20.0,KISS-ICP,4.496412796160298,3.9348378917931632,3.7591972892507575,2.1759546867485104,0.25014634018119253,13.604779106602756,24059.09635983414
stairs,draco,6,9,20.0,KISS-ICP,4.496412796160298,3.9348378917931632,3.7591972892507575,2.1759546867485104,0.25014634018119253,13.604779106602756,24059.09635983414
stairs,draco,9,3,14.0,KISS-ICP,2.630646107004617,2.292482598089217,1.9638590591613827,1.2902799997506975,0.08429526876638939,7.008598360231336,8235.155738955273
stairs,draco,3,0,14.0,KISS-ICP,4.070427453309384,3.7892521065341485,3.6171022375681234,1.4865894274416345,1.1287817796213888,7.916324802031909,19716.371786659118
stairs,draco,9,0,16.0,KISS-ICP,3.10419723890945,2.846317720631648,2.872570756989317,1.2387557996923022,0.41001056520572443,8.55986450542668,11466.888192683135
stairs,draco,0,3,18.0,KISS-ICP,3.7454216473551196,3.545471783874808,3.282957271999704,1.20739933171421,1.0361396625604808,8.394017840550944,16693.538146606843
stairs,cloudini,,,0.6,KISS-ICP,3.7921391992815487,3.442481933655809,3.2208913187186186,1.5904835249637332,1.207518226938833,8.288653171188535,17112.580451005968
stairs,cloudini,,,0.4,KISS-ICP,4.81314268542698,4.6023825112642935,4.660357640474604,1.4086936254160491,0.5996790758513555,9.366232048417974,27567.947587232295
stairs,cloudini,,,0.2,KISS-ICP,4.89776881969074,4.453946640934194,4.404641194446283,2.0372772837406883,0.150611869026352,10.61181306143126,28545.88589925045
stairs,cloudini,,,0.1,KISS-ICP,5.0273572612542425,4.30495935248828,3.5766107470242146,2.5964679866521463,0.5134920047908043,11.792597573973106,30076.442028420057
stairs,cloudini,,,0.3,KISS-ICP,5.443004981918257,4.606798483241714,4.085312525586847,2.898915481346225,0.6126897774466151,18.561098351119334,35255.30084749249
stairs,cloudini,,,0.8,KISS-ICP,3.7964592784909117,3.4481409294192615,3.2167336717773503,1.5885298814008508,1.203742712070211,8.282794601739578,17151.59263335528
